cell_id,lon,lat,LST_celsius,NDVI,albedo,builtup,esa_landcover,osm_road_density,osm_bldg_coverage,osm_green_coverage,humidity,wind_speed,air_temp_max,air_temp_min,pop_density,road_density,dist_to_water,wind_obstruction,bldg_height_idx,impervious_pct,heat_load_idx,neighborhood
72.7700_18.8900,72.77207200888039,18.892917897959716,27.690411470000043,-0.1,0.0932319,0,80,0.0,0.0,0.0,63.8,22.6,33.6,24.1,0.0,0.0,971.9742482074805,0.2466666666666666,0.0,1.0,0.8,Worli
72.7700_18.8950,72.77207200888039,18.897409474380314,28.324454180000032,-0.1,0.0886033,0,80,0.0,0.0,0.0,62.6,25.2,30.8,25.5,0.0,0.0,1900.5349183818778,0.16000000000000003,0.0,1.0,0.8,Worli
72.7700_18.9000,72.77207200888039,18.90279936608503,28.26292982000001,-0.1,0.09693874999999999,0,80,0.0,0.0,0.0,65.2,23.5,35.7,24.9,0.0,0.0,426.21314996969386,0.21666666666666667,0.0,1.0,0.8103058864324894,Worli
72.7700_18.9050,72.77207200888039,18.90729094250563,28.338126260000024,-0.1,0.08912905000000002,0,80,0.0,0.0,0.0,65.8,24.8,33.1,24.9,0.0,0.0,1535.0423286920293,0.17333333333333334,0.0,1.0,0.8,Worli
72.7700_18.9100,72.77207200888039,18.912680834210345,28.300528040000017,-0.1,0.09269650000000001,0,80,0.0,0.0,0.0,68.3,23.5,34.5,24.9,0.0,0.0,1647.6206182784442,0.21666666666666667,0.0,1.0,0.8436819346676092,Worli
72.7700_18.9150,72.77207200888039,18.917172410630943,28.32274517000002,-0.1,0.0872397,0,80,0.0,0.0,0.0,63.3,26.1,33.9,26.6,0.0,0.0,266.3588156977644,0.13,0.0,1.0,0.8114101441670903,Worli
72.7700_18.9200,72.77207200888039,18.92256230233566,28.235585660000027,-0.1,0.08797830000000001,0,80,0.0,0.0,0.0,70.3,26.8,33.4,24.6,0.0,0.0,1248.9080815629868,0.10666666666666669,0.0,1.0,0.8,Worli
72.7700_18.9250,72.77207200888039,18.927053878756258,28.261220810000026,-0.1,0.09513445000000001,0,80,0.0,0.0,0.0,67.4,22.5,32.8,25.2,0.0,0.0,2215.161948062094,0.25,0.0,1.0,0.8,Worli
72.7700_18.9300,72.77207200888039,18.932443770460978,28.105700900000016,-0.1,0.09474590000000001,0,80,0.0,0.0,0.0,65.8,24.7,33.8,26.7,0.0,0.0,1036.411417739904,0.17666666666666664,0.0,1.0,0.8,Worli
72.7700_18.9350,72.77207200888039,18.937833662165694,28.23216764,-0.1,0.09373455,0,80,0.0,0.0,0.0,60.6,23.9,32.8,25.4,0.0,0.0,18.2654338315505,0.20333333333333337,0.0,1.0,0.8,Worli
72.7700_18.9400,72.77207200888039,18.942325238586292,28.256093780000015,-0.1,0.09471275,0,80,0.0,0.0,0.0,60.5,24.9,34.3,25.3,0.0,0.0,13.619345776356427,0.17000000000000004,0.0,1.0,0.8201663971270191,Worli
72.7700_18.9450,72.77207200888039,18.94771513029101,28.14329912000005,-0.1,0.09228915,0,80,0.0,0.0,0.0,65.8,26.0,32.1,25.1,0.0,0.0,662.4842877301601,0.1333333333333333,0.0,1.0,0.803728323394881,Worli
72.7700_18.9500,72.77207200888039,18.952206706711607,28.160389220000013,-0.1,0.09174660000000001,0,80,0.0,0.0,0.0,61.7,22.7,31.8,23.7,0.0,0.0,3909.4742655786026,0.2433333333333334,0.0,1.0,0.8,Worli
72.7700_18.9550,72.77207200888039,18.957596598416323,28.276601900000003,-0.1,0.09398169999999999,0,80,0.0,0.0,0.0,68.8,23.4,35.3,25.6,0.0,0.0,389.4716564458754,0.22000000000000008,0.0,1.0,0.7825182984396615,Worli
72.7700_18.9600,72.77207200888039,18.96208817483692,28.41332269999998,-0.1,0.0918519,0,80,0.0,0.0,0.0,69.3,22.9,36.0,24.9,0.0,0.0,1509.17418758283,0.2366666666666667,0.0,1.0,0.7591002755306583,Worli
72.7700_18.9650,72.77207200888039,18.967478066541638,28.22020457000002,-0.1,0.0881774,0,80,0.0,0.0,0.0,62.4,23.3,32.7,24.7,0.0,0.0,376.68941959576455,0.22333333333333327,0.0,1.0,0.8097093244179917,Worli
72.7700_18.9700,72.77207200888039,18.972867958246354,28.208241500000014,-0.1,0.089407,0,80,0.0,0.0,0.0,70.2,21.1,33.9,22.7,0.0,0.0,582.1820528198335,0.29666666666666663,0.0,1.0,0.7883577263894734,Worli
72.7700_18.9750,72.77207200888039,18.977359534666952,28.30565507000003,-0.1,0.09125979999999999,0,80,0.0,0.0,0.0,69.4,22.2,34.6,25.1,0.0,0.0,2826.2275526311882,0.26,0.0,1.0,0.8072623125548906,Worli
72.7700_18.9800,72.77207200888039,18.98274942637167,28.36717943000002,-0.1,0.09227869999999999,0,80,0.0,0.0,0.0,69.8,23.7,33.3,24.8,0.0,0.0,1957.6879584395958,0.21000000000000008,0.0,1.0,0.7993974488076308,Worli
72.7700_18.9850,72.77207200888039,18.987241002792267,28.285146950000012,-0.1,0.0857474,0,80,0.0,0.0,0.0,68.9,22.9,33.6,26.0,0.0,0.0,150.39243455500346,0.2366666666666667,0.0,1.0,0.7589206963660677,Worli
72.7700_18.9900,72.77207200888039,18.992630894496983,28.667965190000018,-0.1,0.08698270000000001,0,80,0.0,0.0,0.0,65.6,24.1,32.5,23.2,0.0,0.0,839.7665261702679,0.19666666666666666,0.0,1.0,0.8403055022092129,Worli
72.7700_18.9950,72.77207200888039,18.99712247091758,28.667965190000018,-0.1,0.07850900000000001,0,80,0.0,0.0,0.0,56.8,24.2,33.2,23.5,0.0,0.0,44.40548970337821,0.19333333333333336,0.0,1.0,0.825812889218451,Worli
72.7700_19.0000,72.77207200888039,19.002512362622298,28.606440830000025,-0.1,0.09138750000000001,0,80,0.0,0.0,0.0,65.2,23.0,31.1,25.1,0.0,0.0,983.4596319537086,0.23333333333333328,0.0,1.0,0.8,Worli
72.7700_19.0050,72.77207200888039,19.007902254327014,28.67821925000004,-0.1,0.08755,0,80,0.0,0.0,0.0,60.0,24.3,32.1,24.7,0.0,0.0,1628.9914003433184,0.18999999999999995,0.0,1.0,0.7691325186116424,Worli
72.7700_19.0100,72.77207200888039,19.012393830747612,28.64745707,-0.1,0.0786017,0,80,0.0,0.0,0.0,63.5,24.1,32.5,23.7,0.0,0.0,189.19988015543763,0.19666666666666666,0.0,1.0,0.8069512322760711,Worli
72.7700_19.0150,72.77207200888039,19.017783722452332,28.749997670000027,-0.1,0.08549480000000001,0,80,0.0,0.0,0.0,61.2,24.3,30.0,25.0,0.0,0.0,511.3815484905517,0.18999999999999995,0.0,0.9856187349354935,0.7959814479624854,Andheri
72.7700_19.0200,72.77207200888039,19.022275298872927,28.65087509,-0.1,0.08488920000000001,0,80,0.0,0.0,0.0,61.0,23.9,34.3,24.0,0.0,0.0,760.8397264242755,0.20333333333333337,0.0,1.0,0.790279990492445,Andheri
72.7700_19.0250,72.77207200888039,19.027665190577647,28.731198559999996,-0.1,0.0983041,0,80,0.0,0.0,0.0,67.8,20.1,35.9,24.4,0.0,0.0,3779.825352445665,0.32999999999999996,0.0,1.0,0.8038315479238818,Andheri
72.7700_19.0300,72.77207200888039,19.03215676699824,28.753415690000026,-0.1,0.094423,0,80,0.0,0.0,0.0,70.7,21.4,32.0,27.1,0.0,0.0,7498.4341138535265,0.28666666666666674,0.0,1.0,0.8101248197861186,Andheri
72.7700_19.0350,72.77207200888039,19.03754665870296,28.211659520000012,-0.1,0.09353240000000002,0,80,0.0,0.0,0.0,64.7,27.2,34.3,23.9,0.0,0.0,68.92659327252412,0.09333333333333338,0.0,1.0,0.8289461139878361,Andheri
72.7700_19.0400,72.77207200888039,19.042936550407678,28.645748060000017,-0.1,0.1051367,0,80,0.0,0.0,0.0,68.6,25.6,33.6,24.6,0.0,0.0,2146.9873204508617,0.1466666666666666,0.0,1.0,0.8113620641025729,Andheri
72.7700_19.0450,72.77207200888039,19.047428126828276,28.71581747000002,-0.1,0.09810870000000002,0,80,0.0,0.0,0.0,67.2,23.7,35.0,24.2,0.0,0.0,697.1637364582334,0.21000000000000008,0.0,1.0,0.8,Andheri
72.7700_19.0500,72.77207200888039,19.052818018532992,28.644039050000032,-0.1,0.09765839999999999,0,80,0.0,0.0,0.0,63.5,23.3,33.5,25.8,0.0,0.0,747.5014153262597,0.22333333333333327,0.0,1.0,0.8272512570542491,Andheri
72.7700_19.0550,72.77207200888039,19.05730959495359,28.34496230000002,-0.1,0.0947066,0,80,0.0,0.0,0.0,66.7,24.1,33.7,24.7,0.0,0.0,2105.252176493013,0.19666666666666666,0.0,1.0,0.830117573098041,Andheri
72.7700_19.0600,72.77207200888039,19.062699486658307,28.17747932000003,-0.1,0.0927505,0,80,0.0,0.0,0.0,63.8,20.3,30.7,23.7,0.0,0.0,3759.3749892557585,0.32333333333333336,0.0,1.0,0.8630411346902418,Andheri
72.7700_19.0650,72.77207200888039,19.067191063078905,28.464593000000036,-0.1,0.0984879,0,80,0.0,0.0,0.0,64.6,22.5,33.4,24.7,0.0,0.0,4521.718179880809,0.25,0.0,1.0,0.7919062742762751,Andheri
72.7700_19.0700,72.77207200888039,19.07258095478362,28.840575200000018,-0.1,0.097997,0,80,0.0,0.0,0.0,64.9,25.3,32.8,23.2,0.0,0.0,1291.0094151681956,0.15666666666666662,0.0,1.0,0.8048576402630055,Andheri
72.7700_19.0750,72.77207200888039,19.07707253120422,28.808104010000022,-0.1,0.09257599999999999,0,80,0.0,0.0,0.0,64.4,22.9,32.2,24.5,0.0,0.0,662.698500974121,0.2366666666666667,0.0,1.0,0.747912821872049,Andheri
72.7700_19.0800,72.77207200888039,19.082462422908936,28.204823480000016,-0.1,0.0962702,0,80,0.0,0.0,0.0,58.9,23.9,34.9,24.1,0.0,0.0,2323.5664643656482,0.20333333333333337,0.0,1.0,0.7980847959705362,Andheri
72.7700_19.0850,72.77207200888039,19.087852314613652,28.30565507,-0.1,0.0949079,0,80,0.0,0.0,0.0,68.8,23.7,32.2,24.7,0.0,0.0,433.52721341815925,0.21000000000000008,0.0,1.0,0.8,Andheri
72.7700_19.0900,72.77207200888039,19.09234389103425,28.437248840000024,-0.1,0.0991558,0,80,0.0,0.0,0.0,61.3,23.2,33.4,23.9,0.0,0.0,1245.4242614276602,0.22666666666666668,0.0,1.0,0.8384689158964991,Andheri
72.7700_19.0950,72.77207200888039,19.097733782738967,28.368888440000035,-0.1,0.0987576,0,80,0.0,0.0,0.0,65.3,24.5,33.1,26.0,0.0,0.0,666.1026178149804,0.18333333333333335,0.0,1.0,0.8,Andheri
72.7700_19.1000,72.77207200888039,19.102225359159565,28.44408488000002,-0.1,0.0971293,0,80,0.0,0.0,0.0,68.7,25.7,31.8,24.4,0.0,0.0,1603.4247344816908,0.1433333333333333,0.0,1.0,0.8,Andheri
72.7700_19.1050,72.77207200888039,19.10761525086428,28.890136490000003,-0.1,0.0955813,0,80,0.0,0.0,0.0,66.5,22.5,31.8,23.4,0.0,0.0,412.44280333276447,0.25,0.0,1.0,0.8,Andheri
72.7700_19.1100,72.77207200888039,19.11210682728488,28.847411239999985,-0.1,0.0966607,0,80,0.0,0.0,0.0,65.9,24.5,35.5,24.9,0.0,0.0,319.03435092666393,0.18333333333333335,0.0,1.0,0.7822423224612612,Andheri
72.7700_19.1150,72.77207200888039,19.117496718989596,28.74316163000003,-0.1,0.0988751,0,80,0.0,0.0,0.0,68.0,22.1,34.2,23.8,0.0,0.0,3755.93397268453,0.2633333333333333,0.0,1.0,0.8150219890901462,Andheri
72.7700_19.1200,72.77207200888039,19.122886610694316,28.714108460000006,-0.1,0.09983809999999999,0,80,0.0,0.0,0.0,69.0,25.3,32.2,24.9,0.0,0.0,161.04992805568767,0.15666666666666662,0.0,1.0,0.8,Andheri
72.7700_19.1250,72.77207200888039,19.127378187114914,28.929443720000023,-0.1,0.1075037,0,80,0.0,0.0,0.0,69.2,22.0,34.9,24.5,0.0,0.0,1057.7018376147264,0.2666666666666667,0.0,1.0,0.8005691516236633,Andheri
72.7700_19.1300,72.77207200888039,19.13276807881963,28.81664906000003,-0.1,0.100534,0,80,0.0,0.0,0.0,65.7,24.0,32.7,25.1,0.0,0.0,374.3329033357877,0.19999999999999996,0.0,1.0,0.8,Andheri
72.7700_19.1350,72.77207200888039,19.13725965524023,28.36205240000001,-0.1,0.1037628,0,80,0.0,0.0,0.0,66.1,24.8,34.6,25.0,0.0,0.0,59.56199057079998,0.17333333333333334,0.0,1.0,0.8,Andheri
72.7750_18.8900,72.7774619005851,18.892917897959716,27.743390780000027,-0.1,0.0918994,0,80,0.0,0.0,0.0,63.9,24.2,36.1,25.3,0.0,0.0,55.025258416990646,0.19333333333333336,0.0,1.0,0.8328675631160907,Worli
72.7750_18.8950,72.7774619005851,18.897409474380314,28.117663970000024,-0.1,0.09770235,0,80,0.0,0.0,0.0,62.8,23.4,31.5,23.0,0.0,0.0,288.9611151874903,0.22000000000000008,0.0,1.0,0.8072129578287159,Worli
72.7750_18.9000,72.7774619005851,18.90279936608503,28.163807239999983,-0.1,0.09436415000000001,0,80,0.0,0.0,0.0,71.7,23.3,33.7,24.6,0.0,0.0,3023.521472806084,0.22333333333333327,0.0,1.0,0.8,Worli
72.7750_18.9050,72.7774619005851,18.90729094250563,28.07322971000002,-0.1,0.09484310000000001,0,80,0.0,0.0,0.0,66.5,22.6,31.7,24.5,0.0,0.0,497.92906000207415,0.2466666666666666,0.0,1.0,0.8,Worli
72.7750_18.9100,72.7774619005851,18.912680834210345,28.18089734000003,-0.1,0.0957766,0,80,0.0,0.0,0.0,65.8,23.8,32.6,23.4,0.0,0.0,4507.437168803639,0.20666666666666667,0.0,1.0,0.800360337440889,Worli
72.7750_18.9150,72.7774619005851,18.917172410630943,28.380851510000014,-0.1,0.09648680000000001,0,80,0.0,0.0,0.0,64.5,23.7,34.3,25.3,0.0,0.0,1307.0559737607957,0.21000000000000008,0.0,1.0,0.8094526069168682,Worli
72.7750_18.9200,72.7774619005851,18.92256230233566,28.216786549999995,-0.1,0.0930088,0,80,0.0,0.0,0.0,61.5,23.7,34.7,22.9,0.0,0.0,860.6859147226315,0.21000000000000008,0.0,1.0,0.7981370433376045,Worli
72.7750_18.9250,72.7774619005851,18.927053878756258,28.25438477000003,-0.1,0.0924059,0,80,0.0,0.0,0.0,64.7,22.2,33.6,23.8,0.0,0.0,1301.5681517911548,0.26,0.0,0.9925345275940592,0.8088651565145704,Worli
72.7750_18.9300,72.7774619005851,18.932443770460978,28.00828733000003,-0.1,0.09498285,0,80,0.0,0.0,0.0,66.4,24.9,35.2,23.3,0.0,0.0,1090.67153849263,0.17000000000000004,0.0,1.0,0.8,Worli
72.7750_18.9350,72.7774619005851,18.937833662165694,27.958726040000016,-0.1,0.09148645,0,80,0.0,0.0,0.0,67.4,25.9,33.1,26.3,0.0,0.0,2133.0455528240223,0.13666666666666671,0.0,1.0,0.8,Worli
72.7750_18.9400,72.7774619005851,18.942325238586292,28.074938720000034,-0.1,0.09355364999999999,0,80,0.0,0.0,0.0,59.9,20.7,32.6,24.8,0.0,0.0,497.96527259808965,0.31000000000000005,0.0,1.0,0.8,Worli
72.7750_18.9450,72.7774619005851,18.94771513029101,28.08519278000003,-0.1,0.09480485,0,80,0.0,0.0,0.0,66.1,24.2,32.9,23.6,0.0,0.0,653.2303087839399,0.19333333333333336,0.0,1.0,0.8126665365214248,Worli
72.7750_18.9500,72.7774619005851,18.952206706711607,28.15013516000002,-0.1,0.0960531,0,80,0.0,0.0,0.0,68.0,22.7,30.4,24.4,0.0,0.0,3367.809341070781,0.2433333333333334,0.0,1.0,0.7823555553544963,Worli
72.7750_18.9550,72.7774619005851,18.957596598416323,28.170643280000007,-0.1,0.0942982,0,80,0.0,0.0,0.0,65.6,21.8,32.2,24.4,0.0,0.0,4390.891675416226,0.2733333333333333,0.0,1.0,0.7735444929293819,Worli
72.7750_18.9600,72.7774619005851,18.96208817483692,28.230458630000015,-0.1,0.09540880000000002,0,80,0.0,0.0,0.0,63.3,23.8,33.2,26.3,0.0,0.0,3346.2093437959606,0.20666666666666667,0.0,1.0,0.8,Worli
72.7750_18.9650,72.7774619005851,18.967478066541638,28.24925774000002,-0.1,0.0941673,0,80,0.0,0.0,0.0,67.4,23.5,34.9,23.6,0.0,0.0,815.663840246241,0.21666666666666667,0.0,1.0,0.8039736001909482,Worli
72.7750_18.9700,72.7774619005851,18.972867958246354,28.025377429999992,-0.1,0.09274550000000001,0,80,0.0,0.0,0.0,65.7,22.5,34.7,23.4,0.0,0.0,2273.685737327291,0.25,0.0,1.0,0.8,Worli
72.7750_18.9750,72.7774619005851,18.977359534666952,28.394523590000034,-0.1,0.09699410000000001,0,80,0.0,0.0,0.0,62.4,25.3,37.7,24.1,0.0,0.0,970.3567686175226,0.15666666666666662,0.0,1.0,0.8,Worli
72.7750_18.9800,72.7774619005851,18.98274942637167,28.257802790000028,-0.1,0.0777746,0,80,0.0,0.0,0.0,64.1,24.2,34.3,26.8,0.0,0.0,1032.3584249210544,0.19333333333333336,0.0,1.0,0.8,Worli
72.7750_18.9850,72.7774619005851,18.987241002792267,28.708981429999994,-0.1,0.0946618,0,80,0.0,0.0,0.0,63.0,24.1,35.2,25.4,0.0,0.0,343.51630007406766,0.19666666666666666,0.0,1.0,0.8139233599431859,Worli
72.7750_18.9900,72.7774619005851,18.992630894496983,28.233876650000013,-0.1,0.0986398,0,80,0.0,0.0,0.0,63.0,24.8,33.3,24.1,0.0,0.0,1341.5381453609912,0.17333333333333334,0.0,1.0,0.8,Worli
72.7750_18.9950,72.7774619005851,18.99712247091758,28.278310910000016,-0.1,0.08670320000000001,0,80,0.0,0.0,0.0,70.9,22.5,37.0,24.5,0.0,0.0,308.94281621149617,0.25,0.0,1.0,0.8,Worli
72.7750_19.0000,72.7774619005851,19.002512362622298,28.088610800000026,-0.1,0.08888530000000001,0,80,0.0,0.0,0.0,65.9,25.6,34.1,24.2,0.0,0.0,604.2235043593776,0.1466666666666666,0.0,1.0,0.843398731761611,Worli
72.7750_19.0050,72.7774619005851,19.007902254327014,28.358634380000012,-0.1,0.09582759999999999,0,80,0.0,0.0,0.0,71.5,25.5,32.7,22.8,0.0,0.0,2896.844767935532,0.15000000000000002,0.0,1.0,0.8,Worli
72.7750_19.0100,72.7774619005851,19.012393830747612,28.72948955000001,-0.1,0.08313640000000001,0,80,0.0,0.0,0.0,61.2,23.5,36.9,26.4,0.0,0.0,348.0414898696546,0.21666666666666667,0.0,1.0,0.7134199166864011,Worli
72.7750_19.0150,72.7774619005851,19.017783722452332,28.75512470000001,-0.1,0.0862531,0,80,0.0,0.0,0.0,61.2,23.3,36.9,23.6,0.0,0.0,110.72540550453941,0.22333333333333327,0.0,1.0,0.8156717932959722,Andheri
72.7750_19.0200,72.7774619005851,19.022275298872927,28.676510240000027,-0.1,0.0863455,0,80,0.0,0.0,0.0,62.0,24.4,35.5,23.1,0.0,0.0,107.25623560343195,0.18666666666666676,0.0,1.0,0.8,Andheri
72.7750_19.0250,72.7774619005851,19.027665190577647,28.714108460000006,-0.1,0.08594790000000001,0,80,0.0,0.0,0.0,67.7,24.6,30.3,22.3,0.0,0.0,4239.858439925319,0.17999999999999994,0.0,1.0,0.8,Andheri
72.7750_19.0300,72.7774619005851,19.03215676699824,28.710690440000036,-0.1,0.0924451,0,80,0.0,0.0,0.0,69.7,23.6,35.2,24.2,0.0,0.0,1060.6271017736995,0.21333333333333326,0.0,1.0,0.8,Andheri
72.7750_19.0350,72.7774619005851,19.03754665870296,28.81494005000002,-0.1,0.09764040000000002,0,80,0.0,0.0,0.0,66.5,24.4,34.3,24.5,0.0,0.0,789.9551247024956,0.18666666666666676,0.0,1.0,0.7574026823159583,Andheri
72.7750_19.0400,72.7774619005851,19.042936550407678,28.751706680000012,-0.1,0.100302,0,80,0.0,0.0,0.0,61.6,24.6,36.2,22.6,0.0,0.0,2498.0490624927493,0.17999999999999994,0.0,1.0,0.8319707622419269,Andheri
72.7750_19.0450,72.7774619005851,19.047428126828276,28.63378498999998,-0.1,0.0979599,0,80,0.0,0.0,0.0,70.4,25.8,33.8,25.0,0.0,0.0,2710.2419983214545,0.14,0.0,1.0,0.8160425691723624,Andheri
72.7750_19.0500,72.7774619005851,19.052818018532992,28.24583972000002,-0.1,0.0977573,0,80,0.0,0.0,0.0,60.4,21.9,34.5,24.3,0.0,0.0,605.6296860943314,0.27,0.0,1.0,0.8172444702377396,Andheri
72.7750_19.0550,72.7774619005851,19.05730959495359,28.449211910000002,-0.1,0.09605469999999999,0,80,0.0,0.0,0.0,64.1,23.9,33.4,24.2,0.0,0.0,1774.3841657495234,0.20333333333333337,0.0,1.0,0.8,Andheri
72.7750_19.0600,72.7774619005851,19.062699486658307,28.697018360000015,-0.1,0.09627259999999999,0,80,0.0,0.0,0.0,61.1,25.4,33.7,25.1,0.0,0.0,2211.854599588893,0.15333333333333343,0.0,1.0,0.7983418373814649,Andheri
72.7750_19.0650,72.7774619005851,19.067191063078905,28.724362520000028,-0.1,0.0985462,0,80,0.0,0.0,0.0,67.5,24.0,36.3,26.5,0.0,0.0,1594.798308520831,0.19999999999999996,0.0,1.0,0.8,Andheri
72.7750_19.0700,72.7774619005851,19.07258095478362,28.937988770000032,-0.1,0.0960346,0,80,0.0,0.0,0.0,66.5,24.0,34.6,25.4,0.0,0.0,246.59587654207397,0.19999999999999996,0.0,1.0,0.8,Andheri
72.7750_19.0750,72.7774619005851,19.07707253120422,28.96704194000003,-0.1,0.09654680000000002,0,80,0.0,0.0,0.0,65.6,25.3,35.0,23.3,0.0,0.0,3129.796924112922,0.15666666666666662,0.0,1.0,0.8191340637277132,Andheri
72.7750_19.0800,72.7774619005851,19.082462422908936,28.79784995,-0.1,0.0952164,0,80,0.0,0.0,0.0,64.3,21.9,32.4,25.1,0.0,0.0,1161.8435408563857,0.27,0.0,1.0,0.8103389303149675,Andheri
72.7750_19.0850,72.7774619005851,19.087852314613652,28.782468860000023,-0.1,0.0950797,0,80,0.0,0.0,0.0,66.8,22.3,31.0,24.7,0.0,0.0,497.91585291066554,0.2566666666666666,0.0,1.0,0.8,Andheri
72.7750_19.0900,72.7774619005851,19.09234389103425,28.809813020000007,-0.1,0.092866,0,80,0.0,0.0,0.0,61.8,24.2,29.9,23.7,0.0,0.0,830.6732417816522,0.19333333333333336,0.0,1.0,0.8,Andheri
72.7750_19.0950,72.7774619005851,19.097733782738967,28.89355451,-0.1,0.0968379,0,80,0.0,0.0,0.0,66.6,26.3,31.9,24.3,0.0,0.0,57.442613554053416,0.1233333333333333,0.0,1.0,0.8,Andheri
72.7750_19.1000,72.7774619005851,19.102225359159565,28.948242829999998,-0.1,0.0980179,0,80,0.0,0.0,0.0,66.0,24.0,35.6,24.7,0.0,0.0,205.219673769996,0.19999999999999996,0.0,1.0,0.8040951776480357,Andheri
72.7750_19.1050,72.7774619005851,19.10761525086428,28.948242830000027,-0.1,0.09513959999999999,0,80,0.0,0.0,0.0,65.3,27.9,32.5,23.3,0.0,0.0,2175.7486102682105,0.07000000000000006,0.0,1.0,0.8153175655896123,Andheri
72.7750_19.1100,72.7774619005851,19.11210682728488,28.753415690000026,-0.1,0.09529449999999999,0,80,0.0,0.0,0.0,65.1,22.9,33.1,24.7,0.0,0.0,0.017452234575648484,0.2366666666666667,0.0,1.0,0.8,Andheri
72.7750_19.1150,72.7774619005851,19.117496718989596,28.792722920000017,-0.1,0.101573,0,80,0.0,0.0,0.0,64.5,23.6,32.1,24.6,0.0,0.0,808.2354753199065,0.21333333333333326,0.0,1.0,0.7911636914904894,Andheri
72.7750_19.1200,72.7774619005851,19.122886610694316,28.973877980000026,-0.1,0.1066589,0,80,0.0,0.0,0.0,68.5,24.7,34.4,24.0,0.0,0.0,1108.8186614008096,0.17666666666666664,0.0,1.0,0.8186486974190934,Andheri
72.7750_19.1250,72.7774619005851,19.127378187114914,29.054201450000022,-0.1,0.1035036,0,80,0.0,0.0,0.0,61.6,28.0,33.4,23.2,0.0,0.0,84.27535373474538,0.06666666666666665,0.0,1.0,0.8,Andheri
72.7750_19.1300,72.7774619005851,19.13276807881963,28.729489549999983,-0.1,0.105122,0,80,0.0,0.0,0.0,63.8,23.9,33.4,25.0,0.0,0.0,5422.226304418164,0.20333333333333337,0.0,1.0,0.8140140122424118,Andheri
72.7750_19.1350,72.7774619005851,19.13725965524023,28.58251469000004,-0.1,0.10672659999999999,0,80,0.0,0.0,0.0,69.2,22.2,33.0,25.3,0.0,0.0,384.5180177746692,0.26,0.0,1.0,0.8562930888894511,Andheri
72.7800_18.8900,72.78285179228982,18.892917897959716,28.062975650000027,-0.1,0.09861444999999999,0,80,0.0,0.0,0.0,65.8,23.6,32.4,26.5,0.0,0.0,544.0367642012553,0.21333333333333326,0.0,1.0,0.7752565082086085,Worli
72.7800_18.8950,72.78285179228982,18.897409474380314,28.21507754000001,-0.1,0.09918235,0,80,0.0,0.0,0.0,63.0,22.6,35.2,24.7,0.0,0.0,543.4845370859379,0.2466666666666666,0.0,1.0,0.8078661410001066,Worli
72.7800_18.9000,72.78285179228982,18.90279936608503,28.18944239000001,-0.1,0.09473145,0,80,0.0,0.0,0.0,65.4,21.0,32.4,25.4,0.0,0.0,392.859045338092,0.30000000000000004,0.0,1.0,0.8,Worli
72.7800_18.9050,72.78285179228982,18.90729094250563,27.92625485000002,-0.1,0.09680535000000001,0,80,0.0,0.0,0.0,65.0,22.8,33.4,26.1,0.0,0.0,2.212363845577587,0.24,0.0,1.0,0.8036250232520411,Worli
72.7800_18.9100,72.78285179228982,18.912680834210345,27.984361190000044,-0.1,0.09559875000000001,0,80,0.0,0.0,0.0,69.0,23.8,34.4,24.9,0.0,0.0,1960.364356612031,0.20666666666666667,0.0,1.0,0.8092054324996462,Worli
72.7800_18.9150,72.78285179228982,18.917172410630943,28.112536940000012,-0.1,0.09737955000000001,0,80,0.0,0.0,0.0,63.9,24.5,33.1,22.2,0.0,0.0,5109.865228354123,0.18333333333333335,0.0,1.0,0.8038968468054029,Worli
72.7800_18.9200,72.78285179228982,18.92256230233566,27.97239812000001,-0.1,0.0988069,0,80,0.0,0.0,0.0,66.9,25.5,33.2,25.6,0.0,0.0,380.9715456663165,0.15000000000000002,0.0,1.0,0.8,Worli
72.7800_18.9250,72.78285179228982,18.927053878756258,28.05613961000003,-0.1,0.09735235,0,80,0.0,0.0,0.0,61.7,22.2,34.3,23.6,0.0,0.0,1631.7185901908808,0.26,0.0,1.0,0.8041272354265091,Worli
72.7800_18.9300,72.78285179228982,18.932443770460978,27.91770980000001,-0.1,0.09604065,0,80,0.0,0.0,0.0,66.8,24.1,31.7,25.0,0.0,0.0,2031.5909119209362,0.19666666666666666,0.0,1.0,0.8292439187743528,Worli
72.7800_18.9350,72.78285179228982,18.937833662165694,28.257802790000028,-0.1,0.09358765,0,80,0.0,0.0,0.0,66.1,26.4,32.5,25.3,0.0,0.0,2830.015842055552,0.12,0.0,1.0,0.8089727152902906,Worli
72.7800_18.9400,72.78285179228982,18.942325238586292,28.12962704000003,-0.1,0.08995285,0,80,0.0,0.0,0.0,65.4,21.9,34.8,23.7,0.0,0.0,823.9058690808383,0.27,0.0,1.0,0.7782024438297535,Worli
72.7800_18.9450,72.78285179228982,18.94771513029101,28.28514695000004,-0.1,0.09068815,0,80,0.0,0.0,0.0,68.1,23.0,34.2,25.3,0.0,0.0,541.3061130890238,0.23333333333333328,0.0,1.0,0.8,Worli
72.7800_18.9500,72.78285179228982,18.952206706711607,28.12450001000002,-0.1,0.08667720000000001,0,80,0.0,0.0,0.0,60.4,23.4,35.4,24.4,0.0,0.0,590.2198789719531,0.22000000000000008,0.0,1.0,0.8149980047884743,Worli
72.7800_18.9550,72.78285179228982,18.957596598416323,28.209950510000027,-0.1,0.0976358,0,80,0.0,0.0,0.0,66.8,22.7,32.1,24.4,0.0,0.0,1870.4318039886348,0.2433333333333334,0.0,0.9893960078643077,0.8013437599100536,Worli
72.7800_18.9600,72.78285179228982,18.96208817483692,28.36717943000002,-0.1,0.09486090000000001,0,80,0.0,0.0,0.0,69.8,23.6,36.1,23.8,0.0,0.0,2545.5971259450794,0.21333333333333326,0.0,1.0,0.8,Worli
72.7800_18.9650,72.78285179228982,18.967478066541638,28.162098230000026,-0.1,0.09180089999999999,0,80,0.0,0.0,0.0,66.3,23.2,34.0,24.4,0.0,0.0,300.6316974624597,0.22666666666666668,0.0,1.0,0.8063704200959775,Worli
72.7800_18.9700,72.78285179228982,18.972867958246354,28.372306460000004,-0.1,0.0964027,0,80,0.0,0.0,0.0,64.7,22.9,34.1,24.1,0.0,0.0,695.2953599501706,0.2366666666666667,0.0,1.0,0.8,Worli
72.7800_18.9750,72.78285179228982,18.977359534666952,28.635494000000023,-0.1,0.0994796,0,80,0.0,0.0,0.0,65.5,22.6,30.6,26.6,0.0,0.0,3483.2666237655494,0.2466666666666666,0.0,1.0,0.7748587229928994,Worli
72.7800_18.9800,72.78285179228982,18.98274942637167,28.53466241000001,-0.1,0.1004154,0,80,0.0,0.0,0.0,64.0,22.3,32.9,23.3,0.0,0.0,2465.2175530940563,0.2566666666666666,0.0,1.0,0.8037865661458475,Worli
72.7800_18.9850,72.78285179228982,18.987241002792267,28.66454717000002,-0.1,0.1025718,0,80,0.0,0.0,0.0,66.8,24.8,31.8,24.7,0.0,0.0,6285.464308023564,0.17333333333333334,0.0,1.0,0.8059448854676026,Worli
72.7800_18.9900,72.78285179228982,18.992630894496983,28.26634784000001,-0.1,0.0990286,0,80,0.0,0.0,0.0,69.9,21.1,35.5,23.4,0.0,0.0,2105.1501574800614,0.29666666666666663,0.0,1.0,0.8,Worli
72.7800_18.9950,72.78285179228982,18.99712247091758,28.346671310000005,-0.1,0.09732569999999999,0,80,0.0,0.0,0.0,63.6,22.9,34.3,24.4,0.0,0.0,749.3221843254966,0.2366666666666667,0.0,1.0,0.8129418652421219,Worli
72.7800_19.0000,72.78285179228982,19.002512362622298,28.117663970000024,-0.1,0.0954704,0,80,0.0,0.0,0.0,61.5,23.7,34.8,26.3,0.0,0.0,1339.732534949937,0.21000000000000008,0.0,1.0,0.8114401255660095,Worli
72.7800_19.0050,72.78285179228982,19.007902254327014,28.676510240000027,-0.1,0.0969933,0,80,0.0,0.0,0.0,58.7,24.7,32.8,24.1,0.0,0.0,1622.6958306193865,0.17666666666666664,0.0,1.0,0.7591182647221193,Worli
72.7800_19.0100,72.78285179228982,19.012393830747612,28.666256180000033,-0.1,0.1003879,0,80,0.0,0.0,0.0,66.2,22.3,34.1,24.5,0.0,0.0,122.55683318224668,0.2566666666666666,0.0,1.0,0.8,Worli
72.7800_19.0150,72.78285179228982,19.017783722452332,28.734616580000022,-0.1,0.0846547,0,80,0.0,0.0,0.0,63.3,23.0,36.2,24.2,0.0,0.0,1179.5293295286158,0.23333333333333328,0.0,1.0,0.8,Andheri
72.7800_19.0200,72.78285179228982,19.022275298872927,28.59960479000003,-0.1,0.0824922,0,80,0.0,0.0,0.0,66.0,23.4,35.0,25.6,0.0,0.0,1853.3026850352414,0.22000000000000008,0.0,1.0,0.783278920930472,Andheri
72.7800_19.0250,72.78285179228982,19.027665190577647,28.80297698000004,-0.1,0.0963569,0,80,0.0,0.0,0.0,64.8,25.7,32.0,26.7,0.0,0.0,274.661145469417,0.1433333333333333,0.0,1.0,0.7997843256313881,Andheri
72.7800_19.0300,72.78285179228982,19.03215676699824,28.823485100000028,-0.1,0.08742700000000002,0,80,0.0,0.0,0.0,69.5,20.7,31.9,24.6,0.0,0.0,2275.5049589611676,0.31000000000000005,0.0,1.0,0.8,Andheri
72.7800_19.0350,72.78285179228982,19.03754665870296,28.818358069999988,-0.1,0.0935906,0,80,0.0,0.0,0.0,69.8,23.5,33.7,25.0,0.0,0.0,1314.7859507204141,0.21666666666666667,0.0,1.0,0.8,Andheri
72.7800_19.0400,72.78285179228982,19.042936550407678,28.75170668000004,-0.1,0.0979018,0,80,0.0,0.0,0.0,63.6,21.7,34.9,25.2,0.0,0.0,4561.778266665771,0.2766666666666667,0.0,1.0,0.7704424087374268,Andheri
72.7800_19.0450,72.78285179228982,19.047428126828276,28.674801230000014,-0.1,0.0973675,0,80,0.0,0.0,0.0,65.2,23.9,35.3,23.8,0.0,0.0,65.02261578316876,0.20333333333333337,0.0,1.0,0.8,Andheri
72.7800_19.0500,72.78285179228982,19.052818018532992,28.457756959999983,-0.1,0.0972071,0,80,0.0,0.0,0.0,64.4,21.8,34.2,25.3,0.0,0.0,462.492904214157,0.2733333333333333,0.0,1.0,0.8126732204954812,Andheri
72.7800_19.0550,72.78285179228982,19.05730959495359,28.654293109999998,-0.1,0.0951711,0,80,0.0,0.0,0.0,71.3,23.8,35.7,26.4,0.0,0.0,1380.2744927433657,0.20666666666666667,0.0,1.0,0.8,Andheri
72.7800_19.0600,72.78285179228982,19.062699486658307,28.686764299999993,-0.1,0.09695599999999999,0,80,0.0,0.0,0.0,64.9,23.5,35.3,25.5,0.0,0.0,527.6588536569528,0.21666666666666667,0.0,1.0,0.8335734934674514,Andheri
72.7800_19.0650,72.78285179228982,19.067191063078905,28.939697780000017,-0.1,0.09662760000000001,0,80,0.0,0.0,0.0,60.1,26.3,33.1,25.7,0.0,0.0,1879.8714902831384,0.1233333333333333,0.0,1.0,0.8,Andheri
72.7800_19.0700,72.78285179228982,19.07258095478362,29.00122214000001,-0.1,0.0937362,0,80,0.0,0.0,0.0,65.0,25.7,35.7,24.2,0.0,0.0,2134.4703973647715,0.1433333333333333,0.0,1.0,0.8262233499560525,Andheri
72.7800_19.0750,72.78285179228982,19.07707253120422,29.050783430000024,-0.1,0.0955509,0,80,0.0,0.0,0.0,67.9,23.3,35.6,24.2,0.0,0.0,162.23991905789111,0.22333333333333327,0.0,1.0,0.8,Andheri
72.7800_19.0800,72.78285179228982,19.082462422908936,28.973877980000054,-0.1,0.09664110000000001,0,80,0.0,0.0,0.0,68.8,24.3,33.9,25.1,0.0,0.0,1081.8708653176138,0.18999999999999995,0.0,1.0,0.8171916974468711,Andheri
72.7800_19.0850,72.78285179228982,19.087852314613652,28.843993220000044,-0.1,0.0986513,0,80,0.0,0.0,0.0,67.5,22.9,33.1,24.1,0.0,0.0,1066.6324124847233,0.2366666666666667,0.0,1.0,0.7996165510751776,Andheri
72.7800_19.0900,72.78285179228982,19.09234389103425,28.914062630000018,-0.1,0.09587960000000001,0,80,0.0,0.0,0.0,66.7,22.8,35.6,24.9,0.0,0.0,691.3417142808852,0.24,0.0,1.0,0.8227911107205095,Andheri
72.7800_19.0950,72.78285179228982,19.097733782738967,28.937988770000032,-0.1,0.0954281,0,80,0.0,0.0,0.0,65.5,22.4,33.2,23.2,0.0,0.0,4052.912750650763,0.2533333333333334,0.0,1.0,0.8,Andheri
72.7800_19.1000,72.78285179228982,19.102225359159565,28.898681540000013,-0.1,0.10019929999999999,0,80,0.0,0.0,0.0,61.8,23.3,31.6,26.0,0.0,0.0,2636.0920201921226,0.22333333333333327,0.0,1.0,0.7791656602797213,Andheri
72.7800_19.1050,72.78285179228982,19.10761525086428,28.956787880000007,-0.1,0.0997591,0,80,0.0,0.0,0.0,65.8,25.8,36.2,24.6,0.0,0.0,1792.0706126225696,0.14,0.0,1.0,0.8284100857454213,Andheri
72.7800_19.1100,72.78285179228982,19.11210682728488,28.869628370000015,-0.1,0.09760089999999999,0,80,0.0,0.0,0.0,67.3,20.9,34.1,24.9,0.0,0.0,1879.3593057383243,0.30333333333333334,0.0,1.0,0.8,Andheri
72.7800_19.1150,72.78285179228982,19.117496718989596,28.883300450000036,-0.1,0.10318930000000001,0,80,0.0,0.0,0.0,65.9,25.1,33.0,24.8,0.0,0.0,929.0538663439138,0.16333333333333333,0.0,1.0,0.8044311694724843,Andheri
72.7800_19.1200,72.78285179228982,19.122886610694316,28.679928259999997,-0.1,0.10590790000000001,0,80,0.0,0.0,0.0,60.0,25.2,32.3,23.5,0.0,0.0,3807.357113568057,0.16000000000000003,0.0,1.0,0.824695038280896,Andheri
72.7800_19.1250,72.78285179228982,19.127378187114914,28.84570223000003,-0.1,0.1113603,0,80,0.0,0.0,0.0,64.5,24.9,34.6,25.0,0.0,0.0,1779.1768700013135,0.17000000000000004,0.0,1.0,0.7968565277663628,Andheri
72.7800_19.1300,72.78285179228982,19.13276807881963,37.85047592000001,0.035543765872716904,0.1159674,0,80,0.0,0.0038,0.0,65.8,23.3,35.7,26.4,0.0,0.0,1958.3498660329246,0.22333333333333327,0.0038,0.9564389514977648,0.7069280484783935,Andheri
72.7800_19.1350,72.78285179228982,19.13725965524023,29.033693330000034,-0.1,0.11441420000000001,0,80,0.0,0.0,0.0,60.0,23.8,34.5,24.6,0.0,0.0,2967.3964063073577,0.20666666666666667,0.0,1.0,0.8,Andheri
72.7850_18.8900,72.78734336871041,18.892917897959716,27.963853070000027,-0.1,0.09056095,0,80,0.0,0.0,0.0,68.4,23.2,31.9,24.4,0.0,0.0,480.45581539316174,0.22666666666666668,0.0,1.0,0.8,Worli
72.7850_18.8950,72.78734336871041,18.897409474380314,27.719464640000012,-0.1,0.09498955,0,80,0.0,0.0,0.0,67.9,24.7,35.1,24.4,0.0,0.0,2468.1488026868988,0.17666666666666664,0.0,1.0,0.8014455793076858,Worli
72.7850_18.9000,72.78734336871041,18.90279936608503,27.859603460000017,-0.1,0.09596835000000001,0,80,0.0,0.0,0.0,64.0,25.7,34.9,26.5,0.0,0.0,325.8178978485499,0.1433333333333333,0.0,1.0,0.8,Worli
72.7850_18.9050,72.78734336871041,18.90729094250563,27.833968310000017,-0.1,0.0994081,0,80,0.0,0.0,0.0,67.0,21.1,34.3,24.0,0.0,0.0,635.4633662490218,0.29666666666666663,0.0,1.0,0.8,Worli
72.7850_18.9100,72.78734336871041,18.912680834210345,28.332999230000013,-0.1,0.09639990000000001,0,80,0.0,0.0,0.0,61.8,25.2,32.6,26.0,0.0,0.0,613.3299544053418,0.16000000000000003,0.0,1.0,0.8270214578482629,Worli
72.7850_18.9150,72.78734336871041,18.917172410630943,28.34496230000002,-0.1,0.0991519,0,80,0.0,0.0,0.0,61.4,23.6,34.4,24.0,0.0,0.0,5761.331433378923,0.21333333333333326,0.0,1.0,0.817723823771696,Worli
72.7850_18.9200,72.78734336871041,18.92256230233566,28.182606350000015,-0.1,0.10044450000000002,0,80,0.0,0.0,0.0,62.3,25.1,32.5,24.8,0.0,0.0,2912.5195145586636,0.16333333333333333,0.0,1.0,0.8,Worli
72.7850_18.9250,72.78734336871041,18.927053878756258,28.069811689999995,-0.1,0.09158495,0,80,0.0,0.0,0.0,64.7,22.4,31.8,24.1,0.0,0.0,1811.819948977332,0.2533333333333334,0.0,1.0,0.8048624691702579,Worli
72.7850_18.9300,72.78734336871041,18.932443770460978,28.10228288000002,-0.1,0.09736425000000001,0,80,0.0,0.0,0.0,62.3,23.4,31.0,22.6,0.0,0.0,1947.7371351303213,0.22000000000000008,0.0,1.0,0.8,Worli
72.7850_18.9350,72.78734336871041,18.937833662165694,28.27147487000002,-0.1,0.09614235000000002,0,80,0.0,0.0,0.0,63.8,25.5,33.7,24.4,0.0,0.0,1238.5538695261964,0.15000000000000002,0.0,1.0,0.8271316677165597,Worli
72.7850_18.9400,72.78734336871041,18.942325238586292,28.295401010000035,-0.1,0.0938513,0,80,0.0,0.0,0.0,67.1,25.0,32.1,24.2,0.0,0.0,4408.7632957638025,0.16666666666666663,0.0,1.0,0.8,Worli
72.7850_18.9450,72.78734336871041,18.94771513029101,28.023668420000035,-0.1,0.09916995,0,80,0.0,0.0,0.0,62.1,24.8,33.5,24.2,0.0,0.0,1028.5388119815836,0.17333333333333334,0.0,1.0,0.804636841842697,Worli
72.7850_18.9500,72.78734336871041,18.952206706711607,28.05101258000002,-0.1,0.0992094,0,80,0.0,0.0,0.0,68.5,21.9,32.9,24.3,0.0,0.0,718.3067485232563,0.27,0.0,1.0,0.8229206028828413,Worli
72.7850_18.9550,72.78734336871041,18.957596598416323,28.479974090000013,-0.1,0.093777,0,80,0.0,0.0,0.0,66.9,23.9,32.0,24.4,0.0,0.0,266.9601419102276,0.20333333333333337,0.0,1.0,0.8,Worli
72.7850_18.9600,72.78734336871041,18.96208817483692,28.341544280000022,-0.1,0.0976168,0,80,0.0,0.0,0.0,63.8,25.3,32.6,23.6,0.0,0.0,2314.11107682468,0.15666666666666662,0.0,1.0,0.8311757836899379,Worli
72.7850_18.9650,72.78734336871041,18.967478066541638,28.054430600000018,-0.1,0.0924623,0,80,0.0,0.0,0.0,64.3,22.5,34.7,24.0,0.0,0.0,1988.8939229583036,0.25,0.0,1.0,0.8,Worli
72.7850_18.9700,72.78734336871041,18.972867958246354,28.63891202000002,-0.1,0.10354459999999999,0,80,0.0,0.0,0.0,62.8,24.8,33.3,24.1,0.0,0.0,727.6272642736265,0.17333333333333334,0.0,1.0,0.832592842622256,Worli
72.7850_18.9750,72.78734336871041,18.977359534666952,28.69018232000002,-0.1,0.0979096,0,80,0.0,0.0,0.0,62.0,25.0,33.4,22.9,0.0,0.0,38.274301431586615,0.16666666666666663,0.0,1.0,0.8,Worli
72.7850_18.9800,72.78734336871041,18.98274942637167,28.539789439999993,-0.1,0.1009349,0,80,0.0,0.0,0.0,64.7,24.6,33.4,24.5,0.0,0.0,2739.5014741659625,0.17999999999999994,0.0,1.0,0.8,Worli
72.7850_18.9850,72.78734336871041,18.987241002792267,28.15868021000003,-0.1,0.1076727,0,80,0.0,0.0,0.0,63.6,26.4,32.9,26.3,0.0,0.0,17.225503656395333,0.12,0.0,1.0,0.7877286578740189,Worli
72.7850_18.9900,72.78734336871041,18.992630894496983,28.247548730000005,-0.1,0.1010075,0,80,0.0,0.0,0.0,65.2,20.9,32.1,22.7,0.0,0.0,1824.5731209903568,0.30333333333333334,0.0,1.0,0.7862992221809765,Worli
72.7850_18.9950,72.78734336871041,18.99712247091758,28.37572448000003,-0.1,0.1017336,0,80,0.0,0.0,0.0,59.0,22.5,34.0,26.2,0.0,0.0,5272.747736909718,0.25,0.0,1.0,0.789404446206363,Worli
72.7850_19.0000,72.78734336871041,19.002512362622298,27.432350960000008,-0.1,0.10295359999999999,0,80,0.0,0.0,0.0,67.0,22.2,34.3,24.3,0.0,0.0,863.4764874554384,0.26,0.0,1.0,0.8,Worli
72.7850_19.0050,72.78734336871041,19.007902254327014,28.420158740000034,-0.1,0.0877989,0,80,0.0,0.0,0.0,65.4,23.2,31.0,24.3,0.0,0.0,401.76702157306033,0.22666666666666668,0.0,1.0,0.8,Worli
72.7850_19.0100,72.78734336871041,19.012393830747612,28.52611736000003,-0.1,0.0995026,0,80,0.0,0.0,0.0,69.0,24.7,31.6,25.6,0.0,0.0,1830.5141461796973,0.17666666666666664,0.0,1.0,0.8191558322894582,Worli
72.7850_19.0150,72.78734336871041,19.017783722452332,28.11595496000004,-0.1,0.093808,0,80,0.0,0.0,0.0,61.0,23.5,30.9,24.9,0.0,0.0,2548.454401513988,0.21666666666666667,0.0,1.0,0.8041520670280126,Andheri
72.7850_19.0200,72.78734336871041,19.022275298872927,28.685055290000008,-0.1,0.0870571,0,80,0.0,0.0,0.0,63.9,27.2,36.3,26.6,0.0,0.0,1185.9095447833508,0.09333333333333338,0.0,1.0,0.8061535330680223,Andheri
72.7850_19.0250,72.78734336871041,19.027665190577647,28.81494005000002,-0.1,0.0856929,0,80,0.0,0.0,0.0,66.3,23.3,34.2,24.7,0.0,0.0,5118.475854604625,0.22333333333333327,0.0,1.0,0.8,Andheri
72.7850_19.0300,72.78734336871041,19.03215676699824,28.861083320000006,-0.1,0.08803490000000001,0,80,0.0,0.0,0.0,61.3,23.3,33.3,25.4,0.0,0.0,79.57708206384245,0.22333333333333327,0.0,1.0,0.8,Andheri
72.7850_19.0350,72.78734336871041,19.03754665870296,28.89355451000003,-0.1,0.0939417,0,80,0.0,0.0,0.0,67.1,26.2,30.7,24.2,0.0,0.0,1054.1770033928606,0.1266666666666667,0.0,1.0,0.8359745003670263,Andheri
72.7850_19.0400,72.78734336871041,19.042936550407678,28.86279233000002,-0.1,0.09940029999999998,0,80,0.0,0.0,0.0,63.4,23.5,33.8,24.9,0.0,0.0,1901.1888710246672,0.21666666666666667,0.0,1.0,0.8,Andheri
72.7850_19.0450,72.78734336871041,19.047428126828276,28.81494005000002,-0.1,0.0965436,0,80,0.0,0.0,0.0,64.4,24.0,33.1,24.5,0.0,0.0,2977.7302386460187,0.19999999999999996,0.0,1.0,0.833124165041146,Andheri
72.7850_19.0500,72.78734336871041,19.052818018532992,28.28001992,-0.1,0.09706310000000001,0,80,0.0,0.0,0.0,65.0,22.9,32.6,23.5,0.0,0.0,296.3153402399323,0.2366666666666667,0.0,1.0,0.7937232214146832,Andheri
72.7850_19.0550,72.78734336871041,19.05730959495359,28.230458629999987,-0.1,0.1017545,0,80,0.0,0.0,0.0,64.3,21.7,36.0,25.5,0.0,0.0,2414.1829821060637,0.2766666666666667,0.0,1.0,0.8000457587228701,Andheri
72.7850_19.0600,72.78734336871041,19.062699486658307,28.838866190000005,-0.1,0.10140140000000002,0,80,0.0,0.0,0.0,66.9,26.1,35.2,25.9,0.0,0.0,1206.8123810997447,0.13,0.0,1.0,0.8214073032045986,Andheri
72.7850_19.0650,72.78734336871041,19.067191063078905,28.886718470000005,-0.1,0.1003358,0,80,0.0,0.0,0.0,65.0,25.9,33.1,24.8,0.0,0.0,757.647290254169,0.13666666666666671,0.0,1.0,0.8254378484387732,Andheri
72.7850_19.0700,72.78734336871041,19.07258095478362,28.999513130000025,-0.1,0.09666970000000001,0,80,0.0,0.0,0.0,70.0,21.7,34.0,24.0,0.0,0.0,211.85296517173907,0.2766666666666667,0.0,1.0,0.8,Andheri
72.7850_19.0750,72.78734336871041,19.07707253120422,28.91577164000003,-0.1,0.09398329999999999,0,80,0.0,0.0,0.0,62.3,24.8,35.6,24.8,0.0,0.0,3007.0105659063825,0.17333333333333334,0.0,1.0,0.8,Andheri
72.7850_19.0800,72.78734336871041,19.082462422908936,28.881591440000022,-0.1,0.0961643,0,80,0.0,0.0,0.0,65.6,22.5,32.9,24.6,0.0,0.0,256.6686958144665,0.25,0.0,1.0,0.8,Andheri
72.7850_19.0850,72.78734336871041,19.087852314613652,28.95849689000002,-0.1,0.0998068,0,80,0.0,0.0,0.0,65.4,25.3,32.9,25.0,0.0,0.0,556.1344173336487,0.15666666666666662,0.0,1.0,0.7968154123531173,Andheri
72.7850_19.0900,72.78734336871041,19.09234389103425,28.895263520000015,-0.1,0.0985135,0,80,0.0,0.0,0.0,68.0,23.9,33.9,23.0,0.0,0.0,513.8316607915813,0.20333333333333337,0.0,1.0,0.8178260737373951,Andheri
72.7850_19.0950,72.78734336871041,19.097733782738967,28.907226589999993,-0.1,0.09535990000000001,0,80,0.0,0.0,0.0,69.3,22.5,35.0,25.5,0.0,0.0,3076.736405550465,0.25,0.0,1.0,0.8000845971798831,Andheri
72.7850_19.1000,72.78734336871041,19.102225359159565,28.997804120000012,-0.1,0.0981898,0,80,0.0,0.0,0.0,69.4,24.1,35.4,24.7,0.0,0.0,1675.330868589194,0.19666666666666666,0.0,1.0,0.8123777259604631,Andheri
72.7850_19.1050,72.78734336871041,19.10761525086428,28.996095110000056,-0.1,0.10567570000000001,0,80,0.0,0.0,0.0,61.3,27.3,35.1,25.2,0.0,0.0,2389.471587465961,0.08999999999999997,0.0,1.0,0.8265321540522067,Andheri
72.7850_19.1100,72.78734336871041,19.11210682728488,28.883300450000036,-0.1,0.10448249999999999,0,80,0.0,0.0,0.0,60.1,25.4,35.8,25.2,0.0,0.0,432.4591982898394,0.15333333333333343,0.0,1.0,0.8076261922452957,Andheri
72.7850_19.1150,72.78734336871041,19.117496718989596,28.05101258000002,-0.1,0.1086667,0,80,0.0,0.0,0.0,65.5,24.5,31.6,25.3,0.0,0.0,1470.7403624648493,0.18333333333333335,0.0,1.0,0.8062330571200956,Andheri
72.7850_19.1200,72.78734336871041,19.122886610694316,28.601313800000014,-0.1,0.1068333,0,80,0.0,0.0,0.0,66.4,20.7,33.5,24.3,0.0,0.0,1272.0581431838038,0.31000000000000005,0.0,1.0,0.8,Andheri
72.7850_19.1250,72.78734336871041,19.127378187114914,28.934570750000034,-0.1,0.10670759999999999,0,80,0.0,0.0006,0.0,67.2,25.1,32.8,24.1,0.0,0.0,2683.1194112893763,0.16333333333333333,0.0006,1.0,0.8,Andheri
72.7850_19.1300,72.78734336871041,19.13276807881963,34.47005414000003,0.3153996169567108,0.14327710000000002,0,10,0.0,0.0261,0.0,65.2,24.9,33.1,24.6,6957.3,0.0,3548.080651815111,0.17000000000000004,0.0261,0.6456811114228427,0.33604861432621175,Andheri
72.7850_19.1350,72.78734336871041,19.13725965524023,31.845014780000014,-0.1,0.1030775,0,80,0.0,0.0108,0.0,69.4,25.8,34.7,23.9,0.0,0.0,18.346904113456873,0.14,0.0108,1.0,0.7838382921974929,Andheri
72.7900_18.8900,72.79273326041513,18.892917897959716,28.039049509999984,-0.1,0.09346365,0,80,0.0,0.0,0.0,67.6,27.0,35.0,24.7,0.0,0.0,1681.378501334304,0.09999999999999998,0.0,1.0,0.8,Worli
72.7900_18.8950,72.79273326041513,18.897409474380314,28.109118920000014,-0.1,0.0987392,0,80,0.0,0.0,0.0,63.9,23.8,32.6,24.9,0.0,0.0,79.84137606933412,0.20666666666666667,0.0,1.0,0.8048706040837269,Worli
72.7900_18.9000,72.79273326041513,18.90279936608503,27.83909534,-0.1,0.09746995,0,80,0.0,0.0,0.0,62.0,23.6,31.0,25.3,0.0,0.0,1193.9619110548344,0.21333333333333326,0.0,1.0,0.8,Worli
72.7900_18.9050,72.79273326041513,18.90729094250563,27.987779210000014,-0.1,0.09696805,0,80,0.0,0.0,0.0,71.1,23.8,31.7,23.7,0.0,0.0,508.742505854829,0.20666666666666667,0.0,1.0,0.822555605012678,Worli
72.7900_18.9100,72.79273326041513,18.912680834210345,27.685284440000004,-0.1,0.09890525000000001,0,80,0.0,0.0,0.0,61.1,24.0,33.7,24.5,0.0,0.0,549.6044467941928,0.19999999999999996,0.0,1.0,0.793619768036758,Worli
72.7900_18.9150,72.79273326041513,18.917172410630943,27.996324260000023,-0.1,0.1002543,0,80,0.0,0.0,0.0,64.8,23.4,32.1,25.5,0.0,0.0,653.0172745186757,0.22000000000000008,0.0,1.0,0.7982478254679093,Worli
72.7900_18.9200,72.79273326041513,18.92256230233566,28.321036160000034,-0.1,0.0986256,0,80,0.0,0.0,0.0,66.6,20.0,34.6,24.3,0.0,0.0,1456.4865077073919,0.33333333333333337,0.0,1.0,0.8198033247791858,Worli
72.7900_18.9250,72.79273326041513,18.927053878756258,28.685055290000037,-0.1,0.09614829999999999,0,80,0.0,0.0,0.0,67.7,24.2,32.5,24.7,0.0,0.0,609.8109521742509,0.19333333333333336,0.0,1.0,0.8,Worli
72.7900_18.9300,72.79273326041513,18.932443770460978,28.632075980000025,-0.1,0.09971045,0,80,0.0,0.0,0.0,69.7,24.7,35.7,25.2,0.0,0.0,1979.070155989153,0.17666666666666664,0.0,1.0,0.8105307336734462,Worli
72.7900_18.9350,72.79273326041513,18.937833662165694,28.368888440000035,-0.1,0.10574085,0,80,0.0,0.0054,0.0,70.0,23.6,33.9,22.3,0.0,0.0,777.5998181607438,0.21333333333333326,0.0054,1.0,0.8,Worli
72.7900_18.9400,72.79273326041513,18.942325238586292,30.592310450000014,-0.1,0.10517240000000001,0,80,0.0,0.0508,0.0003,67.0,24.3,36.7,24.6,0.0,0.0,106.20225962038319,0.18999999999999995,0.0508,1.0,0.8,Worli
72.7900_18.9450,72.79273326041513,18.94771513029101,35.48862410000001,0.23186340626716614,0.15260015,1,80,0.0,0.0875,0.0003,66.6,22.1,31.7,25.2,9840.9,0.0,2297.0484728750002,0.2633333333333333,0.0875,0.780596597218099,0.6339259040844446,Worli
72.7900_18.9500,72.79273326041513,18.952206706711607,29.70533426,-0.04490736666321755,0.10135625,0,80,0.0,0.038,0.015,64.5,23.4,35.0,25.7,0.0,0.0,504.80083942757074,0.22000000000000008,0.038,0.9989400313359837,0.7975185492755693,Worli
72.7900_18.9550,72.79273326041513,18.957596598416323,28.25780279,-0.1,0.1013222,0,80,0.0,0.0,0.0,64.8,25.0,32.9,24.3,0.0,0.0,850.4773689914143,0.16666666666666663,0.0,1.0,0.8095965407073367,Worli
72.7900_18.9600,72.79273326041513,18.96208817483692,28.481683100000026,-0.1,0.10061880000000001,0,80,0.0,0.0,0.0,65.3,21.8,32.4,23.1,0.0,0.0,1734.8891805477388,0.2733333333333333,0.0,1.0,0.8,Worli
72.7900_18.9650,72.79273326041513,18.967478066541638,28.66454716999999,-0.1,0.09283999999999999,0,80,0.0,0.0,0.0,65.3,21.5,32.8,26.1,0.0,0.0,606.2253130357467,0.2833333333333333,0.0,1.0,0.8,Worli
72.7900_18.9700,72.79273326041513,18.972867958246354,28.63378499000001,-0.1,0.09608040000000001,0,80,0.0,0.0,0.0,61.2,23.7,35.4,23.9,0.0,0.0,87.37455573584714,0.21000000000000008,0.0,0.9762399396080059,0.7778135318559684,Worli
72.7900_18.9750,72.79273326041513,18.977359534666952,28.54662547999999,-0.1,0.10523460000000001,0,80,0.0,0.0,0.0,66.6,24.4,33.8,24.0,0.0,0.0,702.418189278221,0.18666666666666676,0.0,1.0,0.8158763693428763,Worli
72.7900_18.9800,72.79273326041513,18.98274942637167,28.60814984000004,-0.1,0.0986444,0,80,0.0,0.0,0.0,63.5,22.6,32.3,26.2,0.0,0.0,4335.669373752048,0.2466666666666666,0.0,1.0,0.8,Worli
72.7900_18.9850,72.79273326041513,18.987241002792267,28.587641720000022,-0.1,0.10166730000000002,0,80,0.0,0.0,0.0,65.3,25.6,33.1,23.4,0.0,0.0,1539.720991006668,0.1466666666666666,0.0,1.0,0.8,Worli
72.7900_18.9900,72.79273326041513,18.992630894496983,28.343253290000007,-0.1,0.09848710000000001,0,80,0.0,0.0,0.0,66.4,25.1,33.7,23.7,0.0,0.0,1669.7324530425622,0.16333333333333333,0.0,1.0,0.8197275301181188,Worli
72.7900_18.9950,72.79273326041513,18.99712247091758,28.55687954000001,-0.1,0.0969181,0,80,0.0,0.0,0.0,67.7,22.8,32.3,24.9,0.0,0.0,1500.6590351042078,0.24,0.0,1.0,0.7445341981282393,Worli
72.7900_19.0000,72.79273326041513,19.002512362622298,28.13304506000003,-0.1,0.10352980000000002,0,80,0.0,0.0,0.0,65.4,21.0,30.9,23.9,0.0,0.0,332.82677689315886,0.30000000000000004,0.0,1.0,0.8,Worli
72.7900_19.0050,72.79273326041513,19.007902254327014,28.79784995,-0.1,0.1021501,0,80,0.0,0.0,0.0,68.7,23.6,33.8,24.0,0.0,0.0,812.7879682663383,0.21333333333333326,0.0,1.0,0.7514630329189851,Worli
72.7900_19.0100,72.79273326041513,19.012393830747612,28.121081989999993,-0.1,0.10522770000000001,0,80,0.0,0.0,0.0,64.7,24.1,34.8,24.5,0.0,0.0,2085.090957148011,0.19666666666666666,0.0,1.0,0.8,Worli
72.7900_19.0150,72.79273326041513,19.017783722452332,28.539789439999993,-0.1,0.09168459999999999,0,80,0.0,0.0,0.0,68.2,23.8,33.4,24.5,0.0,0.0,160.33068308154546,0.20666666666666667,0.0,1.0,0.8,Andheri
72.7900_19.0200,72.79273326041513,19.022275298872927,28.213368529999997,-0.1,0.1019034,0,80,0.0,0.0,0.0,63.9,21.0,36.2,24.7,0.0,0.0,488.2893744649425,0.30000000000000004,0.0,1.0,0.8,Andheri
72.7900_19.0250,72.79273326041513,19.027665190577647,28.045885550000037,-0.1,0.09930480000000001,0,80,0.0,0.0,0.0,64.0,21.7,34.0,25.6,0.0,0.0,485.107111962153,0.2766666666666667,0.0,1.0,0.8024759513672532,Andheri
72.7900_19.0300,72.79273326041513,19.03215676699824,28.26634784000001,-0.1,0.0900801,0,80,0.0,0.0,0.0,65.9,22.0,35.7,23.0,0.0,0.0,848.5007760689714,0.2666666666666667,0.0,1.0,0.8,Andheri
72.7900_19.0350,72.79273326041513,19.03754665870296,28.577387660000028,-0.1,0.09602050000000001,0,80,0.0,0.0,0.0,62.0,22.1,37.1,24.4,0.0,0.0,5895.948199919484,0.2633333333333333,0.0,1.0,0.8061396214537248,Andheri
72.7900_19.0400,72.79273326041513,19.042936550407678,28.926025699999997,-0.1,0.0979652,0,80,0.0,0.0,0.0,65.3,25.7,33.3,25.2,0.0,0.0,104.83328774418449,0.1433333333333333,0.0,1.0,0.8362681539703085,Andheri
72.7900_19.0450,72.79273326041513,19.047428126828276,28.826903120000026,-0.1,0.10364770000000001,0,80,0.0,0.0,0.0,64.5,25.8,32.8,25.5,0.0,0.0,1096.899853058921,0.14,0.0,1.0,0.8,Andheri
72.7900_19.0500,72.79273326041513,19.052818018532992,28.479974090000013,-0.1,0.09650140000000001,0,80,0.0,0.0,0.0,65.5,24.3,33.5,24.1,0.0,0.0,296.51469101326694,0.18999999999999995,0.0,1.0,0.8055669726928935,Andheri
72.7900_19.0550,72.79273326041513,19.05730959495359,28.519281320000033,-0.1,0.10129080000000001,0,80,0.0,0.0,0.0,63.9,23.8,34.1,24.5,0.0,0.0,5294.05137783866,0.20666666666666667,0.0,1.0,0.8,Andheri
72.7900_19.0600,72.79273326041513,19.062699486658307,28.14671714000002,-0.1,0.10307619999999999,0,80,0.0,0.0,0.0,66.4,26.4,35.6,24.4,0.0,0.0,180.37878773331377,0.12,0.0,1.0,0.8,Andheri
72.7900_19.0650,72.79273326041513,19.067191063078905,28.36547042000001,-0.1,0.1021519,0,80,0.0,0.0,0.0,68.3,22.2,34.0,24.1,0.0,0.0,775.2680651696081,0.26,0.0,1.0,0.8,Andheri
72.7900_19.0700,72.79273326041513,19.07258095478362,28.683346280000023,-0.1,0.0985224,0,80,0.0,0.0,0.0,66.3,23.9,33.9,23.8,0.0,0.0,2008.4578235515621,0.20333333333333337,0.0,1.0,0.7675046047993819,Andheri
72.7900_19.0750,72.79273326041513,19.07707253120422,28.7209445,-0.1,0.09645970000000002,0,80,0.0,0.0,0.0,64.2,22.1,32.1,23.7,0.0,0.0,1828.905973054734,0.2633333333333333,0.0,1.0,0.8071895159509426,Andheri
72.7900_19.0800,72.79273326041513,19.082462422908936,28.780759850000038,-0.1,0.0984862,0,80,0.0,0.0,0.0,65.5,23.9,30.6,24.4,0.0,0.0,824.1642345298645,0.20333333333333337,0.0,1.0,0.8469815157340153,Andheri
72.7900_19.0850,72.79273326041513,19.087852314613652,28.979005010000037,-0.1,0.09890240000000002,0,80,0.0,0.0,0.0,62.7,24.4,33.4,25.6,0.0,0.0,638.1745933977306,0.18666666666666676,0.0,1.0,0.8,Andheri
72.7900_19.0900,72.79273326041513,19.09234389103425,28.85424728000001,-0.1,0.10181010000000001,0,80,0.0,0.0,0.0,61.7,24.3,33.8,23.4,0.0,0.0,760.2812271511889,0.18999999999999995,0.0,1.0,0.8,Andheri
72.7900_19.0950,72.79273326041513,19.097733782738967,28.939697780000017,-0.1,0.09654740000000002,0,80,0.0,0.0,0.0,68.4,24.7,32.5,24.6,0.0,0.0,460.35088240505905,0.17666666666666664,0.0,1.0,0.8,Andheri
72.7900_19.1000,72.79273326041513,19.102225359159565,28.77221480000003,-0.1,0.09865760000000001,0,80,0.0,0.0,0.0,67.6,23.6,36.1,24.9,0.0,0.0,344.74806430700625,0.21333333333333326,0.0,1.0,0.807915976974195,Andheri
72.7900_19.1050,72.79273326041513,19.10761525086428,28.826903120000026,-0.1,0.10500969999999998,0,80,0.0,0.0,0.0,62.6,24.4,33.0,24.3,0.0,0.0,989.6837878025702,0.18666666666666676,0.0,1.0,0.8052710162390957,Andheri
72.7900_19.1100,72.79273326041513,19.11210682728488,28.864501340000004,-0.1,0.1037347,0,80,0.0,0.0,0.0,59.5,25.3,33.4,22.6,0.0,0.0,469.0563089309027,0.15666666666666662,0.0,1.0,0.8256819158789623,Andheri
72.7900_19.1150,72.79273326041513,19.117496718989596,28.667965190000018,-0.1,0.1044504,0,80,0.0,0.0,0.0,69.0,24.0,30.8,24.5,0.0,0.0,508.3823469505707,0.19999999999999996,0.0,1.0,0.8,Andheri
72.7900_19.1200,72.79273326041513,19.122886610694316,29.00976719000002,-0.1,0.10494520000000002,0,80,0.0,0.0,0.0,69.5,24.4,31.6,24.2,0.0,0.0,1603.9708490747762,0.18666666666666676,0.0,1.0,0.8,Andheri
72.7900_19.1250,72.79273326041513,19.127378187114914,28.97558699000001,-0.1,0.1030208,0,80,0.0,0.0,0.0,63.3,23.0,34.4,24.3,0.0,0.0,5188.430353959473,0.23333333333333328,0.0,1.0,0.8,Andheri
72.7900_19.1300,72.79273326041513,19.13276807881963,43.045866320000016,0.23362112045288086,0.1720578,0,40,0.0,0.0436,0.0,62.8,23.1,33.3,24.4,9185.4,0.0,1388.137990414001,0.22999999999999998,0.0436,0.6929483879381177,0.5028466321750605,Andheri
72.7900_19.1350,72.79273326041513,19.13725965524023,41.550482570000014,0.37356534600257874,0.134724,0,10,0.0,0.0483,0.0,63.6,22.4,32.6,23.8,12948.4,0.0,120.15569828991764,0.2533333333333334,0.0483,0.638423291960879,0.2927163084207268,Andheri
72.7950_18.8900,72.79722483683572,18.892917897959716,27.80491514000002,-0.1,0.10076135,0,80,0.0,0.0,0.0,64.1,22.5,29.2,25.8,0.0,0.0,117.88901173282662,0.25,0.0,1.0,0.8,Worli
72.7950_18.8950,72.79722483683572,18.897409474380314,27.857894450000032,-0.1,0.09729865000000001,0,80,0.0,0.0,0.0,64.5,22.1,33.0,24.7,0.0,0.0,4536.914486148646,0.2633333333333333,0.0,1.0,0.8114235881243842,Worli
72.7950_18.9000,72.79722483683572,18.90279936608503,28.0373405,-0.1,0.09437400000000001,0,80,0.0,0.0,0.0,68.0,26.3,31.6,24.8,0.0,0.0,529.2181720775392,0.1233333333333333,0.0,1.0,0.8048731444740543,Worli
72.7950_18.9050,72.79722483683572,18.90729094250563,28.264638830000024,-0.1,0.09565915,0,80,0.0,0.0,0.0,64.4,23.8,33.2,25.4,0.0,0.0,144.87701448121015,0.20666666666666667,0.0,1.0,0.8,Worli
72.7950_18.9100,72.79722483683572,18.912680834210345,27.845931380000025,-0.1,0.09630910000000001,0,80,0.0,0.0,0.0,67.2,23.5,31.3,24.0,0.0,0.0,1370.857571638236,0.21666666666666667,0.0,1.0,0.8,Worli
72.7950_18.9150,72.79722483683572,18.917172410630943,28.34496230000002,-0.1,0.1004662,0,80,0.0,0.0,0.0,68.9,23.9,33.2,23.8,0.0,0.0,1465.8487069508758,0.20333333333333337,0.0,1.0,0.8,Worli
72.7950_18.9200,72.79722483683572,18.92256230233566,28.459465970000053,-0.1,0.09789915,0,80,0.0,0.0,0.0,65.7,26.9,32.5,26.1,0.0,0.0,1568.3389212346976,0.10333333333333339,0.0,1.0,0.8022107063494789,Worli
72.7950_18.9250,72.79722483683572,18.927053878756258,27.924545840000036,-0.1,0.09870095000000001,0,80,0.0,0.0,0.0,63.8,24.1,37.0,24.1,0.0,0.0,466.73729500434894,0.19666666666666666,0.0,1.0,0.8,Worli
72.7950_18.9300,72.79722483683572,18.932443770460978,28.48681013000001,-0.1,0.10275385000000001,0,80,0.0,0.0,0.0,63.4,25.1,35.1,22.8,0.0,0.0,22.83902082733667,0.16333333333333333,0.0,1.0,0.8098812783795104,Worli
72.7950_18.9350,72.79722483683572,18.937833662165694,28.52269934000003,-0.1,0.1091608,0,80,0.0,0.0,0.0,65.4,21.7,31.4,26.2,0.0,0.0,5029.269661811944,0.2766666666666667,0.0,1.0,0.8,Worli
72.7950_18.9400,72.79722483683572,18.942325238586292,28.92773471000001,-0.1,0.08891405,0,80,0.0,0.0032,0.0,65.6,25.3,31.3,25.0,0.0,0.0,433.3102642788987,0.15666666666666662,0.0032,0.9959525082943701,0.7983810033177481,Worli
72.7950_18.9450,72.79722483683572,18.94771513029101,34.994720210000025,0.2232008095884323,0.14244050000000003,1,10,0.0,0.1232,0.0033,65.0,26.2,32.9,25.8,8440.3,0.0,1690.6393536692412,0.1266666666666667,0.1232,0.6966187199096416,0.5359767468324178,Worli
72.7950_18.9500,72.79722483683572,18.952206706711607,35.58945569000002,0.28810831904411316,0.12927895,1,50,0.0,0.2223,0.0,65.3,22.7,32.9,23.8,26192.9,0.0,1839.4803366751141,0.2433333333333334,0.2223,0.6501564122969419,0.39493575135132697,Worli
72.7950_18.9550,72.79722483683572,18.957596598416323,31.10501345000003,-0.07256242642879486,0.10474580000000001,0,80,0.0,0.0381,0.1884,67.5,24.2,32.3,24.5,0.0,0.0,1412.4413372877295,0.19333333333333336,0.0381,1.0,0.7822904354896644,Worli
72.7950_18.9600,72.79722483683572,18.96208817483692,29.38916741,-0.1,0.10729000000000001,0,80,0.0,0.0,0.0,69.4,25.3,32.9,22.2,0.0,0.0,562.9292977261339,0.15666666666666662,0.0,1.0,0.8159568755979154,Worli
72.7950_18.9650,72.79722483683572,18.967478066541638,29.008058180000035,-0.1,0.10712980000000001,0,80,0.0,0.0,0.0,67.7,20.7,35.5,24.3,0.0,0.0,474.32038654884894,0.31000000000000005,0.0,1.0,0.8,Worli
72.7950_18.9700,72.79722483683572,18.972867958246354,28.567133600000005,-0.1,0.0944652,0,80,0.0,0.0,0.0,66.7,22.9,34.7,23.8,0.0,0.0,1365.7175448305384,0.2366666666666667,0.0,1.0,0.800909829526615,Worli
72.7950_18.9750,72.79722483683572,18.977359534666952,28.580805679999997,-0.1,0.0962334,0,80,0.0,0.0,0.0,65.9,25.4,35.2,24.8,0.0,0.0,3015.9441262409855,0.15333333333333343,0.0,1.0,0.8021114410826253,Worli
72.7950_18.9800,72.79722483683572,18.98274942637167,28.594477760000018,-0.1,0.09804290000000002,0,80,0.0,0.0,0.0,63.0,23.8,35.1,24.8,0.0,0.0,4398.677941413845,0.20666666666666667,0.0,1.0,0.8371329487312391,Worli
72.7950_18.9850,72.79722483683572,18.987241002792267,28.741452620000018,-0.1,0.10024060000000001,0,80,0.0,0.0,0.0,64.7,25.3,32.5,23.9,0.0,0.0,167.9162177361407,0.15666666666666662,0.0,1.0,0.8,Worli
72.7950_18.9900,72.79722483683572,18.992630894496983,28.674801230000014,-0.1,0.10266689999999999,0,80,0.0,0.0,0.0,62.1,24.2,33.7,22.7,0.0,0.0,252.32377029464553,0.19333333333333336,0.0,1.0,0.8064891720870504,Worli
72.7950_18.9950,72.79722483683572,18.99712247091758,28.75512470000001,-0.1,0.101312,0,80,0.0,0.0,0.0,67.7,22.9,33.4,24.0,0.0,0.0,4343.457389548379,0.2366666666666667,0.0,1.0,0.7569283748708675,Worli
72.7950_19.0000,72.79722483683572,19.002512362622298,28.235585659999998,-0.1,0.09742840000000001,0,80,0.0,0.0,0.0,61.8,22.2,33.5,24.6,0.0,0.0,2000.7534207130839,0.26,0.0,1.0,0.8,Worli
72.7950_19.0050,72.79722483683572,19.007902254327014,28.678219250000012,-0.1,0.0929661,0,80,0.0,0.0,0.0,68.4,22.8,35.7,26.0,0.0,0.0,3218.2928495166707,0.24,0.0,1.0,0.816895487515634,Worli
72.7950_19.0100,72.79722483683572,19.012393830747612,28.415031709999994,-0.1,0.10384860000000001,0,80,0.0,0.0,0.0,69.5,24.2,33.6,23.3,0.0,0.0,339.6596558249881,0.19333333333333336,0.0,1.0,0.7741328545939921,Worli
72.7950_19.0150,72.79722483683572,19.017783722452332,28.799558960000013,-0.1,0.10037900000000002,0,80,0.0,0.0,0.0,67.2,21.6,34.1,24.0,0.0,0.0,1328.5909008970634,0.2799999999999999,0.0,1.0,0.8235702537959685,Andheri
72.7950_19.0200,72.79722483683572,19.022275298872927,28.87988243000001,-0.1,0.09422670000000001,0,80,0.0,0.0,0.0,67.7,24.7,34.1,24.2,0.0,0.0,1811.6680283566218,0.17666666666666664,0.0,1.0,0.8,Andheri
72.7950_19.0250,72.79722483683572,19.027665190577647,28.683346280000023,-0.1,0.0967484,0,80,0.0,0.0,0.0,59.8,21.4,32.5,25.7,0.0,0.0,1709.6759795237665,0.28666666666666674,0.0,1.0,0.8103980427905751,Andheri
72.7950_19.0300,72.79722483683572,19.03215676699824,28.866210350000017,-0.1,0.0949729,0,80,0.0,0.0,0.0,60.2,25.2,31.9,24.0,0.0,0.0,786.7573672559151,0.16000000000000003,0.0,1.0,0.8373763568108771,Andheri
72.7950_19.0350,72.79722483683572,19.03754665870296,28.878173420000024,-0.1,0.09170829999999999,0,80,0.0,0.0,0.0,66.2,24.7,33.7,25.5,0.0,0.0,23.27193519662246,0.17666666666666664,0.0,1.0,0.8083941121671454,Andheri
72.7950_19.0400,72.79722483683572,19.042936550407678,29.143069970000028,-0.1,0.09790750000000001,0,80,0.0,0.0,0.0,62.2,23.1,32.0,25.8,0.0,0.0,1311.7376266360068,0.22999999999999998,0.0,1.0,0.805531630111821,Andheri
72.7950_19.0450,72.79722483683572,19.047428126828276,28.948242830000027,-0.1,0.0856631,0,80,0.0,0.0,0.0,65.5,23.8,34.1,24.4,0.0,0.0,437.73904856777176,0.20666666666666667,0.0,1.0,0.8001711216164871,Andheri
72.7950_19.0500,72.79722483683572,19.052818018532992,28.792722920000017,-0.1,0.10157279999999999,0,80,0.0,0.0,0.0,63.1,24.3,35.0,25.9,0.0,0.0,897.4490600215505,0.18999999999999995,0.0,1.0,0.8,Andheri
72.7950_19.0550,72.79722483683572,19.05730959495359,28.705563410000025,-0.1,0.0923078,0,80,0.0,0.0,0.0,65.9,25.9,32.8,23.8,0.0,0.0,4740.238889250815,0.13666666666666671,0.0,1.0,0.8257511019256534,Andheri
72.7950_19.0600,72.79722483683572,19.062699486658307,28.806395000000037,-0.1,0.09643940000000001,0,80,0.0,0.0,0.0,67.5,22.0,34.3,23.2,0.0,0.0,763.8286664545683,0.2666666666666667,0.0,1.0,0.8,Andheri
72.7950_19.0650,72.79722483683572,19.067191063078905,28.850829260000012,-0.1,0.1011612,0,80,0.0,0.0,0.0,64.5,21.4,35.3,23.9,0.0,0.0,2747.013410271663,0.28666666666666674,0.0,1.0,0.777929202596681,Andheri
72.7950_19.0700,72.79722483683572,19.07258095478362,28.81152203000002,-0.1,0.1000762,0,80,0.0,0.0,0.0,62.0,24.9,33.4,24.4,0.0,0.0,313.3813967569448,0.17000000000000004,0.0,1.0,0.8,Andheri
72.7950_19.0750,72.79722483683572,19.07707253120422,28.891845500000045,-0.1,0.10004129999999999,0,80,0.0,0.0,0.0,67.0,21.1,32.4,25.6,0.0,0.0,1674.219921694459,0.29666666666666663,0.0,1.0,0.8,Andheri
72.7950_19.0800,72.79722483683572,19.082462422908936,28.708981430000023,-0.1,0.10072100000000002,0,80,0.0,0.0,0.0,66.8,23.6,31.2,21.5,0.0,0.0,5658.845213528497,0.21333333333333326,0.0,1.0,0.8287017479844447,Andheri
72.7950_19.0850,72.79722483683572,19.087852314613652,28.76366975000002,-0.1,0.0990204,0,80,0.0,0.0,0.0,65.7,24.8,33.4,24.6,0.0,0.0,161.19926463094143,0.17333333333333334,0.0,1.0,0.8,Andheri
72.7950_19.0900,72.79722483683572,19.09234389103425,28.597895779999988,-0.1,0.1020923,0,80,0.0,0.0,0.0,62.5,25.8,35.0,24.5,0.0,0.0,12.532119187867286,0.14,0.0,1.0,0.8290655095208509,Andheri
72.7950_19.0950,72.79722483683572,19.097733782738967,28.585932710000037,-0.1,0.1096271,0,80,0.0,0.0,0.0,63.2,24.7,33.6,23.6,0.0,0.0,852.6365352376033,0.17666666666666664,0.0,1.0,0.8,Andheri
72.7950_19.1000,72.79722483683572,19.102225359159565,28.702145390000027,-0.1,0.1076604,0,80,0.0,0.0,0.0,68.9,27.5,35.6,24.5,0.0,0.0,145.79999360791498,0.08333333333333337,0.0,1.0,0.8,Andheri
72.7950_19.1050,72.79722483683572,19.10761525086428,28.813231040000034,-0.1,0.1029994,0,80,0.0,0.0,0.0,64.2,23.2,33.1,24.1,0.0,0.0,2069.7788293436415,0.22666666666666668,0.0,1.0,0.8178413519946345,Andheri
72.7950_19.1100,72.79722483683572,19.11210682728488,28.741452620000018,-0.1,0.102048,0,80,0.0,0.0,0.0,66.2,21.3,33.8,24.3,0.0,0.0,3689.7123493444738,0.2899999999999999,0.0,1.0,0.8,Andheri
72.7950_19.1150,72.79722483683572,19.117496718989596,28.926025700000025,-0.1,0.09859839999999999,0,80,0.0,0.0,0.0,66.7,23.5,32.8,24.3,0.0,0.0,853.7973835818566,0.21666666666666667,0.0,1.0,0.813973776270341,Andheri
72.7950_19.1200,72.79722483683572,19.122886610694316,29.008058180000006,-0.1,0.10240570000000002,0,80,0.0,0.0,0.0,67.6,23.3,31.1,25.4,0.0,0.0,449.04837374297887,0.22333333333333327,0.0,1.0,0.8005042173508017,Andheri
72.7950_19.1250,72.79722483683572,19.127378187114914,29.155033040000035,-0.1,0.1036638,0,80,0.0,0.0,0.0,68.1,22.9,34.3,24.1,0.0,0.0,854.8110488000182,0.2366666666666667,0.0,1.0,0.8,Andheri
72.7950_19.1300,72.79722483683572,19.13276807881963,30.009538040000024,-0.1,0.1065498,0,80,0.0,0.0017,0.0,65.5,19.9,33.8,24.1,0.0,0.0,1928.033627934089,0.33666666666666667,0.0017,0.9868951373930055,0.7980439502646136,Andheri
72.7950_19.1350,72.79722483683572,19.13725965524023,30.68117897000002,-0.1,0.0708384,0,80,0.0,0.0,0.0,65.7,23.7,35.1,27.0,0.0,0.0,13.643099410842915,0.21000000000000008,0.0,1.0,0.843924462843056,Andheri
72.8000_18.8900,72.80261472854045,18.892917897959716,28.372306460000033,-0.1,0.09882439999999999,0,80,0.0,0.0,0.0,64.3,21.2,31.6,25.4,0.0,0.0,1335.400908434217,0.29333333333333333,0.0,1.0,0.8098597291702893,Worli
72.8000_18.8950,72.80261472854045,18.897409474380314,28.78588688000002,-0.1,0.0978854,0,80,0.0,0.0,0.0,63.5,24.0,34.2,24.3,0.0,0.0,1425.1268667782185,0.19999999999999996,0.0,1.0,0.8,Worli
72.8000_18.9000,72.80261472854045,18.90279936608503,30.004411010000013,-0.1,0.09592045,0,80,0.0,0.0062,0.0,61.3,23.9,33.6,24.0,0.0,0.0,1522.8753620297518,0.20333333333333337,0.0062,1.0,0.821506868039138,Worli
72.8000_18.9050,72.80261472854045,18.90729094250563,29.577158510000004,-0.1,0.09174460000000001,0,80,0.0,0.0125,0.0,66.4,24.0,35.3,23.8,0.0,0.0,415.6515345396024,0.19999999999999996,0.0125,1.0,0.8042133693040623,Worli
72.8000_18.9100,72.80261472854045,18.912680834210345,28.881591440000022,-0.1,0.0943176,0,80,0.0,0.0,0.0,67.4,26.0,31.4,24.9,0.0,0.0,1877.9217489485047,0.1333333333333333,0.0,1.0,0.8041906846052559,Worli
72.8000_18.9150,72.80261472854045,18.917172410630943,28.228749620000002,-0.1,0.0968443,0,80,0.0,0.0,0.0,65.5,28.0,34.5,22.9,0.0,0.0,143.761433408754,0.06666666666666665,0.0,1.0,0.8,Worli
72.8000_18.9200,72.80261472854045,18.92256230233566,28.30223705000003,-0.1,0.09675375,0,80,0.0,0.0,0.0,63.4,22.9,33.4,25.2,0.0,0.0,333.3478313840976,0.2366666666666667,0.0,1.0,0.804676960515792,Worli
72.8000_18.9250,72.80261472854045,18.927053878756258,28.565424589999992,-0.1,0.1008285,0,80,0.0,0.0,0.0,61.3,23.1,32.3,23.7,0.0,0.0,3149.0996426707816,0.22999999999999998,0.0,1.0,0.8207088683283389,Worli
72.8000_18.9300,72.80261472854045,18.932443770460978,28.52953538,-0.1,0.10233890000000001,0,80,0.0,0.0,0.0,60.9,23.9,36.0,24.4,0.0,0.0,2013.2620629679939,0.20333333333333337,0.0,1.0,0.8,Worli
72.8000_18.9350,72.80261472854045,18.937833662165694,28.575678650000015,-0.1,0.10497475,0,80,0.0,0.0,0.0,59.1,26.5,35.1,24.6,0.0,0.0,20.761348288389723,0.1166666666666667,0.0,1.0,0.828489916424939,Worli
72.8000_18.9400,72.80261472854045,18.942325238586292,28.79784995,-0.1,0.10523700000000001,0,80,0.0,0.0,0.0,61.4,21.8,34.5,24.1,0.0,0.0,428.2791397255212,0.2733333333333333,0.0,1.0,0.8,Worli
72.8000_18.9450,72.80261472854045,18.94771513029101,29.454109790000018,-0.1,0.10353970000000001,0,80,0.0,0.0256,0.0,69.0,21.9,35.0,25.7,0.0,0.0,361.97366138770894,0.27,0.0256,1.0,0.8,Worli
72.8000_18.9500,72.80261472854045,18.952206706711607,36.82336091000002,0.22781081465244293,0.14258425000000002,1,50,0.0,0.2064,0.0297,64.1,23.2,34.2,23.6,38361.4,0.0,473.7238714039167,0.22666666666666668,0.2064,0.853621239645944,0.6792971396343495,Worli
72.8000_18.9550,72.80261472854045,18.957596598416323,37.09851151999999,0.3208028105354309,0.1359448,0,10,0.0,0.1593,0.1362,67.7,23.4,35.5,23.8,39400.3,0.0,426.6505716856837,0.22000000000000008,0.1593,0.6093066411721305,0.37230879348053303,Worli
72.8000_18.9600,72.80261472854045,18.96208817483692,36.14488394,0.2057058456325531,0.1348408,1,50,0.0,0.1742,0.0243,71.4,24.3,35.3,24.0,22983.4,0.0,96.84985548497205,0.18999999999999995,0.1742,0.8009534326995524,0.6890581466096739,Worli
72.8000_18.9650,72.80261472854045,18.967478066541638,42.39473351000001,0.07813381859779359,0.1336727,0,60,0.0,0.0938,0.0349,67.3,25.9,38.5,24.6,0.0,0.0,921.3390830132032,0.13666666666666671,0.0938,0.9754336853926113,0.6568825729441201,Worli
72.8000_18.9700,72.80261472854045,18.972867958246354,41.31122117000001,0.03466649041652679,0.1166459,0,80,0.0,0.0369,0.0191,65.2,23.7,34.8,25.1,0.0,0.0,1979.2633450489059,0.21000000000000008,0.0369,0.9198268432585459,0.6920596638219956,Worli
72.8000_18.9750,72.80261472854045,18.977359534666952,29.531015240000016,-0.1,0.1112419,0,80,0.0,0.0,0.0,65.8,21.6,33.2,25.4,0.0,0.0,1399.894898542376,0.2799999999999999,0.0,1.0,0.8098712040866859,Worli
72.8000_18.9800,72.80261472854045,18.98274942637167,28.852538270000025,-0.1,0.10749109999999999,0,80,0.0,0.0,0.0,70.5,28.1,32.0,24.0,0.0,0.0,1676.1041014547204,0.06333333333333324,0.0,1.0,0.8058179411518002,Worli
72.8000_18.9850,72.80261472854045,18.987241002792267,28.64745707,-0.1,0.09983310000000001,0,80,0.0,0.0,0.0,65.5,20.6,34.0,25.6,0.0,0.0,126.94724524229244,0.31333333333333324,0.0,1.0,0.8,Worli
72.8000_18.9900,72.80261472854045,18.992630894496983,28.70385440000001,-0.1,0.09886970000000002,0,80,0.0,0.0,0.0,70.1,24.0,35.1,24.3,0.0,0.0,4538.999934951021,0.19999999999999996,0.0,1.0,0.8,Worli
72.8000_18.9950,72.80261472854045,18.99712247091758,28.866210350000017,-0.1,0.09518230000000001,0,80,0.0,0.0,0.0,63.1,23.8,32.0,23.2,0.0,0.0,2734.799359737434,0.20666666666666667,0.0,1.0,0.8185881996958163,Worli
72.8000_19.0000,72.80261472854045,19.002512362622298,29.014894220000002,-0.1,0.0951279,0,80,0.0,0.0,0.0,67.3,24.7,33.3,23.8,0.0,0.0,2452.8284992322965,0.17666666666666664,0.0,1.0,0.7889154144805062,Worli
72.8000_19.0050,72.80261472854045,19.007902254327014,28.985841050000005,-0.1,0.0965664,0,80,0.0,0.0,0.0,68.2,23.9,36.7,25.5,0.0,0.0,2597.2710804820963,0.20333333333333337,0.0,1.0,0.8,Worli
72.8000_19.0100,72.80261472854045,19.012393830747612,28.960205900000034,-0.1,0.09092350000000002,0,80,0.0,0.0,0.0,63.0,24.2,32.5,24.5,0.0,0.0,4048.126789794576,0.19333333333333336,0.0,1.0,0.7730638375063541,Worli
72.8000_19.0150,72.80261472854045,19.017783722452332,28.973877979999997,-0.1,0.0967548,0,80,0.0,0.0,0.0,69.3,24.6,33.6,24.2,0.0,0.0,1178.729351775053,0.17999999999999994,0.0,1.0,0.7747271975958822,Andheri
72.8000_19.0200,72.80261472854045,19.022275298872927,28.297110020000048,-0.1,0.09858770000000001,0,80,0.0,0.0,0.0,66.4,23.0,34.4,23.2,0.0,0.0,335.24420369902055,0.23333333333333328,0.0,1.0,0.8,Andheri
72.8000_19.0250,72.80261472854045,19.027665190577647,28.28514695000004,-0.1,0.0969358,0,80,0.0,0.0,0.0,71.8,21.8,36.3,25.9,0.0,0.0,1438.7331851963675,0.2733333333333333,0.0,1.0,0.8,Andheri
72.8000_19.0300,72.80261472854045,19.03215676699824,28.965332930000017,-0.1,0.097306,0,80,0.0,0.0,0.0,71.6,24.2,34.3,22.4,0.0,0.0,2037.3272793522533,0.19333333333333336,0.0,1.0,0.8,Andheri
72.8000_19.0350,72.80261472854045,19.03754665870296,28.471429040000004,-0.1,0.09881970000000001,0,80,0.0,0.0,0.0,66.8,26.0,34.0,24.2,0.0,0.0,2008.643298560101,0.1333333333333333,0.0,1.0,0.8,Andheri
72.8000_19.0400,72.80261472854045,19.042936550407678,29.025148280000025,-0.1,0.09578049999999999,0,80,0.0,0.0,0.0,66.6,24.0,34.7,23.7,0.0,0.0,1105.4888117950727,0.19999999999999996,0.0,1.0,0.8,Andheri
72.8000_19.0450,72.80261472854045,19.047428126828276,29.1140168,-0.1,0.0974836,0,80,0.0,0.0,0.0,64.2,26.3,31.7,25.0,0.0,0.0,106.37216038055561,0.1233333333333333,0.0,1.0,0.7995887268742903,Andheri
72.8000_19.0500,72.80261472854045,19.052818018532992,28.80297698000004,-0.1,0.09522610000000001,0,80,0.0,0.0,0.0,65.5,23.0,34.3,25.8,0.0,0.0,695.7053861344417,0.23333333333333328,0.0,1.0,0.8418639586441989,Andheri
72.8000_19.0550,72.80261472854045,19.05730959495359,28.88842748000002,-0.1,0.0850291,0,80,0.0,0.0,0.0,67.5,26.3,36.0,25.3,0.0,0.0,3803.0361880548994,0.1233333333333333,0.0,1.0,0.8,Andheri
72.8000_19.0600,72.80261472854045,19.062699486658307,28.332999230000013,-0.1,0.09429160000000002,0,80,0.0,0.0,0.0,63.0,21.1,30.6,24.4,0.0,0.0,1317.2245670596226,0.29666666666666663,0.0,1.0,0.8231876208660105,Andheri
72.8000_19.0650,72.80261472854045,19.067191063078905,28.60473182000004,-0.1,0.0987466,0,80,0.0,0.0,0.0,61.6,23.6,36.1,26.1,0.0,0.0,1159.3637070523293,0.21333333333333326,0.0,1.0,0.8194620312203015,Andheri
72.8000_19.0700,72.80261472854045,19.07258095478362,28.765378760000004,-0.1,0.0996426,0,80,0.0,0.0,0.0,67.7,21.9,33.7,24.3,0.0,0.0,469.7121728787958,0.27,0.0,1.0,0.8,Andheri
72.8000_19.0750,72.80261472854045,19.07707253120422,28.87133738000003,-0.1,0.09903450000000003,0,80,0.0,0.0,0.0,67.6,22.6,34.4,25.7,0.0,0.0,689.3646803297208,0.2466666666666666,0.0,1.0,0.8040647190917206,Andheri
72.8000_19.0800,72.80261472854045,19.082462422908936,28.866210350000017,-0.1,0.102428,0,80,0.0,0.0,0.0,63.9,21.7,31.6,25.0,0.0,0.0,3385.6446900885085,0.2766666666666667,0.0,1.0,0.8,Andheri
72.8000_19.0850,72.80261472854045,19.087852314613652,28.765378760000004,-0.1,0.09803730000000001,0,80,0.0,0.0,0.0,64.1,23.5,31.5,24.8,0.0,0.0,1647.0024266190978,0.21666666666666667,0.0,1.0,0.8037137716083749,Andheri
72.8000_19.0900,72.80261472854045,19.09234389103425,28.55175251000003,-0.1,0.0991161,0,80,0.0,0.0,0.0,67.5,25.0,33.4,23.8,0.0,0.0,2322.4226896124405,0.16666666666666663,0.0,1.0,0.8301826202680911,Andheri
72.8000_19.0950,72.80261472854045,19.097733782738967,28.700436380000014,-0.1,0.11049110000000001,0,80,0.0,0.0,0.0,61.9,22.2,32.7,24.1,0.0,0.0,908.6537196319478,0.26,0.0,1.0,0.8121121246526263,Andheri
72.8000_19.1000,72.80261472854045,19.102225359159565,28.76366975000002,-0.1,0.0924824,0,80,0.0,0.0,0.0,67.3,24.1,33.8,23.8,0.0,0.0,1492.3809860325327,0.19666666666666666,0.0,1.0,0.8101721674646689,Andheri
72.8000_19.1050,72.80261472854045,19.10761525086428,28.855956290000023,-0.1,0.1128856,0,80,0.0,0.0,0.0,62.3,21.1,34.0,24.3,0.0,0.0,428.29380479450725,0.29666666666666663,0.0,1.0,0.8,Andheri
72.8000_19.1100,72.80261472854045,19.11210682728488,28.69018232000002,-0.1,0.11015050000000001,0,80,0.0,0.0,0.0,75.4,22.8,33.3,24.3,0.0,0.0,1833.5149209059764,0.24,0.0,1.0,0.8,Andheri
72.8000_19.1150,72.80261472854045,19.117496718989596,29.008058180000035,-0.1,0.1035931,0,80,0.0,0.0,0.0,65.7,23.7,33.9,24.0,0.0,0.0,836.8793419835434,0.21000000000000008,0.0,1.0,0.8,Andheri
72.8000_19.1200,72.80261472854045,19.122886610694316,28.62182192000003,-0.1,0.1047626,0,80,0.0,0.0,0.0,64.6,26.3,34.2,23.0,0.0,0.0,876.5616298559628,0.1233333333333333,0.0,1.0,0.7856200087958296,Andheri
72.8000_19.1250,72.80261472854045,19.127378187114914,29.166996110000014,-0.1,0.10381,0,80,0.0,0.0,0.0,60.0,24.1,33.7,24.4,0.0,0.0,1571.8316715798055,0.19666666666666666,0.0,1.0,0.7606335860374196,Andheri
72.8000_19.1300,72.80261472854045,19.13276807881963,29.45923682000003,-0.1,0.066097,0,80,0.0,0.0,0.0,63.8,22.2,36.7,23.3,0.0,0.0,4129.899820664607,0.26,0.0,1.0,0.8,Andheri
72.8000_19.1350,72.80261472854045,19.13725965524023,29.782239710000027,-0.1,0.07241639999999999,0,80,0.0,0.0048,0.0,59.0,23.8,33.6,25.0,0.0,0.0,99.21987463844862,0.20666666666666667,0.0048,1.0,0.8025253547246815,Andheri
72.8050_18.8900,72.80710630496104,18.892917897959716,29.428474640000047,-0.09918155521154404,0.0903928,0,80,0.0,0.0061,0.0,65.8,24.3,31.9,24.6,0.0,0.0,2612.2547478107276,0.18999999999999995,0.0061,1.0,0.8,Worli
72.8050_18.8950,72.80710630496104,18.897409474380314,37.68811997,0.4112394154071808,0.17851155000000002,0,10,0.0,0.0258,0.0,61.3,26.9,34.3,24.1,7542.3,0.0,518.7786722192034,0.10333333333333339,0.0258,0.4761840953312151,0.24049635448472353,Worli
72.8050_18.9000,72.80710630496104,18.90279936608503,36.160265030000005,0.5036057829856873,0.11309545000000001,0,50,0.0,0.0977,0.0,65.2,25.6,36.2,24.5,28755.3,0.0,880.2631938418446,0.1466666666666666,0.0977,0.5420668269431169,0.2168267307772468,Worli
72.8050_18.9050,72.80710630496104,18.90729094250563,36.963499729999995,0.3042063064575195,0.1428601,1,10,0.0,0.1683,0.0025,67.4,25.1,36.3,22.6,21495.4,0.0,33.23548798420409,0.16333333333333333,0.1683,0.6242987650764855,0.43324457158223856,Worli
72.8050_18.9100,72.80710630496104,18.912680834210345,36.80968883000003,0.30516013503074646,0.13661995,1,10,0.0,0.076,0.0,71.8,25.2,31.5,24.1,0.0,0.0,537.2556878544582,0.16000000000000003,0.076,0.5816938402799638,0.42830634284695346,Worli
72.8050_18.9150,72.80710630496104,18.917172410630943,28.756833710000024,-0.1,0.10102570000000002,0,80,0.0,0.0,0.0,65.2,21.8,35.4,24.9,0.0,0.0,1047.635342201444,0.2733333333333333,0.0,1.0,0.8140685583357462,Worli
72.8050_18.9200,72.80710630496104,18.92256230233566,28.830321140000024,-0.1,0.1006974,0,80,0.0,0.0,0.0,61.1,21.2,34.2,23.0,0.0,0.0,86.72347927193249,0.29333333333333333,0.0,1.0,0.8,Worli
72.8050_18.9250,72.80710630496104,18.927053878756258,28.792722920000017,-0.1,0.098973,0,80,0.0,0.0,0.0,64.0,24.3,32.6,24.2,0.0,0.0,1013.2430303459619,0.18999999999999995,0.0,1.0,0.8,Worli
72.8050_18.9300,72.80710630496104,18.932443770460978,28.809813020000007,-0.1,0.10298435,0,80,0.0,0.0,0.0,69.8,25.5,33.9,26.0,0.0,0.0,3928.2186766868676,0.15000000000000002,0.0,1.0,0.8,Worli
72.8050_18.9350,72.80710630496104,18.937833662165694,28.76366975000002,-0.1,0.1044126,0,80,0.0,0.0,0.0,61.7,25.2,35.4,23.9,0.0,0.0,167.05651063623688,0.16000000000000003,0.0,1.0,0.809707375912993,Worli
72.8050_18.9400,72.80710630496104,18.942325238586292,28.81494005000002,-0.1,0.1079735,0,80,0.0,0.0,0.0,64.2,25.0,34.0,24.2,0.0,0.0,2168.6890676082016,0.16666666666666663,0.0,1.0,0.8,Worli
72.8050_18.9450,72.80710630496104,18.94771513029101,29.406257510000017,-0.1,0.1087408,0,80,0.0,0.0,0.0,63.4,23.0,34.9,24.2,0.0,0.0,790.6130411959876,0.23333333333333328,0.0,1.0,0.8,Worli
72.8050_18.9500,72.80710630496104,18.952206706711607,29.867690210000006,-0.1,0.08641935,0,80,0.0,0.0303,0.0069,71.3,24.2,34.7,23.4,0.0,0.0,1597.0717636801846,0.19333333333333336,0.0303,1.0,0.8008871759503122,Worli
72.8050_18.9550,72.80710630496104,18.957596598416323,36.078232550000024,0.6115206824111938,0.1487022,0,10,0.0,0.1368,0.0836,64.0,24.1,32.7,23.6,31693.1,0.0,452.13730637184784,0.19666666666666666,0.1368,0.34631415016332945,0.1385256600653318,Worli
72.8050_18.9600,72.80710630496104,18.96208817483692,37.21130618000004,0.26478399432182315,0.1370364,0,10,0.0,0.2076,0.0271,62.9,22.6,33.5,25.3,43350.5,0.0,260.6236805927749,0.2466666666666666,0.2076,0.6438418203135913,0.4097134054119232,Worli
72.8050_18.9650,72.80710630496104,18.967478066541638,35.85093422,0.18869118548870087,0.18505509999999997,1,50,0.0,0.2409,0.0038,68.2,24.8,32.9,23.2,50962.4,0.0,262.3564051923284,0.17333333333333334,0.2409,0.740513521540459,0.5977843419778623,Worli
72.8050_18.9700,72.80710630496104,18.972867958246354,36.91564745000005,0.22959058963775636,0.1801126,1,10,0.0,0.2511,0.0104,64.8,23.2,33.5,23.4,45554.3,0.0,109.64970990100753,0.22666666666666668,0.2511,0.774881685161366,0.5895537321448436,Worli
72.8050_18.9750,72.80710630496104,18.977359534666952,41.09075888000001,0.1424280950307846,0.1600464,0,60,0.0,0.1052,0.001,61.0,26.9,33.4,25.4,0.0,0.0,308.04147551653364,0.10333333333333339,0.1052,0.8381880923888516,0.5621949471981131,Worli
72.8050_18.9800,72.80710630496104,18.98274942637167,29.73609644000004,-0.1,0.10681270000000001,0,80,0.0,0.0194,0.0,66.1,22.4,32.7,23.6,0.0,0.0,1636.945895679498,0.2533333333333334,0.0194,1.0,0.8,Worli
72.8050_18.9850,72.80710630496104,18.987241002792267,29.143069970000028,-0.1,0.105293,0,80,0.0,0.0,0.0,65.3,21.3,34.3,25.1,0.0,0.0,3201.6782283872926,0.2899999999999999,0.0,1.0,0.8225581798650714,Worli
72.8050_18.9900,72.80710630496104,18.992630894496983,29.078127590000037,-0.1,0.0988857,0,80,0.0,0.0,0.0,69.9,24.1,34.9,25.2,0.0,0.0,2524.0268439921115,0.19666666666666666,0.0,1.0,0.8030898733119051,Worli
72.8050_18.9950,72.80710630496104,18.99712247091758,29.17895918000002,-0.1,0.09948660000000001,0,80,0.0,0.0,0.0,58.7,23.8,34.1,22.9,0.0,0.0,1733.4136674546855,0.20666666666666667,0.0,1.0,0.8,Worli
72.8050_19.0000,72.80710630496104,19.002512362622298,29.233647500000018,-0.1,0.10077689999999999,0,80,0.0,0.0,0.0,62.5,24.2,35.8,22.5,0.0,0.0,175.52876071594721,0.19333333333333336,0.0,1.0,0.8,Worli
72.8050_19.0050,72.80710630496104,19.007902254327014,28.90551758000001,-0.1,0.0916575,0,80,0.0,0.0,0.0,66.1,25.3,35.8,24.8,0.0,0.0,512.0197822266446,0.15666666666666662,0.0,1.0,0.8,Worli
72.8050_19.0100,72.80710630496104,19.012393830747612,28.965332930000017,-0.1,0.09262740000000001,0,80,0.0,0.0,0.0,59.5,22.4,33.7,24.9,0.0,0.0,556.1757445739454,0.2533333333333334,0.0,1.0,0.8244056579283544,Worli
72.8050_19.0150,72.80710630496104,19.017783722452332,29.059328480000033,-0.1,0.0916726,0,80,0.0,0.0,0.0,68.4,23.0,33.8,24.6,0.0,0.0,431.43700394430283,0.23333333333333328,0.0,1.0,0.8,Andheri
72.8050_19.0200,72.80710630496104,19.022275298872927,29.01489422000003,-0.1,0.09925780000000001,0,80,0.0,0.0,0.0,67.4,25.7,36.2,24.2,0.0,0.0,1085.4270864259902,0.1433333333333333,0.0,1.0,0.8,Andheri
72.8050_19.0250,72.80710630496104,19.027665190577647,28.955078870000023,-0.1,0.09720020000000001,0,80,0.0,0.0,0.0,62.4,25.3,34.7,24.7,0.0,0.0,1150.364374409766,0.15666666666666662,0.0,1.0,0.8207260578414497,Andheri
72.8050_19.0300,72.80710630496104,19.03215676699824,28.94653382000004,-0.1,0.0987577,0,80,0.0,0.0,0.0,65.1,24.6,31.7,23.4,0.0,0.0,662.1498568758866,0.17999999999999994,0.0,1.0,0.8,Andheri
72.8050_19.0350,72.80710630496104,19.03754665870296,29.042238380000015,-0.1,0.09896100000000001,0,80,0.0,0.0,0.0,70.3,25.3,33.2,25.1,0.0,0.0,654.9441731772482,0.15666666666666662,0.0,1.0,0.8180106615466318,Andheri
72.8050_19.0400,72.80710630496104,19.042936550407678,29.120852840000026,-0.1,0.09884309999999998,0,80,0.0,0.0,0.0,71.5,24.2,32.3,26.0,0.0,0.0,2645.2443764656314,0.19333333333333336,0.0,1.0,0.8316021932515383,Andheri
72.8050_19.0450,72.80710630496104,19.047428126828276,29.19092225,-0.1,0.09782040000000002,0,80,0.0,0.0,0.0,60.8,21.7,37.5,25.4,0.0,0.0,2335.9290244036174,0.2766666666666667,0.0,1.0,0.8,Andheri
72.8050_19.0500,72.80710630496104,19.052818018532992,28.741452620000018,-0.1,0.08901230000000002,0,80,0.0,0.0,0.0,64.9,23.9,30.1,24.0,0.0,0.0,551.8114889350555,0.20333333333333337,0.0,1.0,0.7722173503288894,Andheri
72.8050_19.0550,72.80710630496104,19.05730959495359,28.775632820000027,-0.1,0.0861551,0,80,0.0,0.0,0.0,71.2,23.6,34.9,22.4,0.0,0.0,3676.4265727542497,0.21333333333333326,0.0,1.0,0.8,Andheri
72.8050_19.0600,72.80710630496104,19.062699486658307,28.420158740000034,-0.1,0.0932751,0,80,0.0,0.0,0.0,69.8,23.3,34.3,26.3,0.0,0.0,4580.519390769007,0.22333333333333327,0.0,1.0,0.8150946659613563,Andheri
72.8050_19.0650,72.80710630496104,19.067191063078905,28.71581747000002,-0.1,0.1066512,0,80,0.0,0.0,0.0,67.3,20.9,35.2,24.1,0.0,0.0,593.4412046816853,0.30333333333333334,0.0,1.0,0.8039884797197354,Andheri
72.8050_19.0700,72.80710630496104,19.07258095478362,28.644039050000003,-0.1,0.10354920000000002,0,80,0.0,0.0,0.0,68.7,23.7,31.3,24.3,0.0,0.0,656.4207106862797,0.21000000000000008,0.0,1.0,0.8094607656432043,Andheri
72.8050_19.0750,72.80710630496104,19.07707253120422,28.744870640000016,-0.1,0.1024725,0,80,0.0,0.0,0.0,63.8,23.0,31.5,24.1,0.0,0.0,1056.7191836562902,0.23333333333333328,0.0,1.0,0.8,Andheri
72.8050_19.0800,72.80710630496104,19.082462422908936,28.70727242000001,-0.1,0.1007188,0,80,0.0,0.0,0.0,60.6,25.4,32.0,24.6,0.0,0.0,4248.40140672203,0.15333333333333343,0.0,1.0,0.8,Andheri
72.8050_19.0850,72.80710630496104,19.087852314613652,28.65600212000001,-0.1,0.10069170000000001,0,80,0.0,0.0,0.0,63.5,24.0,33.9,23.7,0.0,0.0,3135.0796663391807,0.19999999999999996,0.0,1.0,0.8100650412949901,Andheri
72.8050_19.0900,72.80710630496104,19.09234389103425,28.813231040000034,-0.1,0.10074759999999999,0,80,0.0,0.0,0.0,64.8,26.6,32.9,25.6,0.0,0.0,162.3268287210814,0.11333333333333329,0.0,1.0,0.8,Andheri
72.8050_19.0950,72.80710630496104,19.097733782738967,28.79443193000003,-0.1,0.11206260000000001,0,80,0.0,0.0,0.0,69.9,24.7,33.7,24.6,0.0,0.0,748.1745003510715,0.17666666666666664,0.0,1.0,0.8,Andheri
72.8050_19.1000,72.80710630496104,19.102225359159565,28.78588688000002,-0.1,0.110433,0,80,0.0,0.0,0.0,66.2,23.3,34.1,25.0,0.0,0.0,1209.0411472022606,0.22333333333333327,0.0,1.0,0.8188236373283995,Andheri
72.8050_19.1050,72.80710630496104,19.10761525086428,28.73803460000002,-0.1,0.10005040000000001,0,80,0.0,0.0,0.0,67.4,24.0,35.9,22.9,0.0,0.0,1049.1477491761023,0.19999999999999996,0.0,1.0,0.8038379547174608,Andheri
72.8050_19.1100,72.80710630496104,19.11210682728488,28.917480650000016,-0.1,0.09946669999999999,0,80,0.0,0.0,0.0,65.5,23.9,33.4,25.5,0.0,0.0,323.25249001226615,0.20333333333333337,0.0,1.0,0.8389668528957963,Andheri
72.8050_19.1150,72.80710630496104,19.117496718989596,28.430412800000028,-0.1,0.09930090000000001,0,80,0.0,0.0,0.0,65.9,23.6,34.5,26.5,0.0,0.0,2936.5451054337796,0.21333333333333326,0.0,1.0,0.8161390497229557,Andheri
72.8050_19.1200,72.80710630496104,19.122886610694316,29.016603230000044,-0.1,0.10730799999999999,0,80,0.0,0.0,0.0,68.0,24.0,35.5,24.7,0.0,0.0,1694.879457282085,0.19999999999999996,0.0,1.0,0.7548426508149721,Andheri
72.8050_19.1250,72.80710630496104,19.127378187114914,29.325934039999993,-0.1,0.10403110000000002,0,80,0.0,0.0,0.0,66.3,23.9,33.1,24.9,0.0,0.0,2729.390274449161,0.20333333333333337,0.0,1.0,0.8005462675970288,Andheri
72.8050_19.1300,72.80710630496104,19.13276807881963,29.585703560000013,-0.1,0.06908480000000002,0,80,0.0,0.0,0.0,63.8,22.5,30.5,25.4,0.0,0.0,2935.9875102081423,0.25,0.0,1.0,0.8,Andheri
72.8050_19.1350,72.80710630496104,19.13725965524023,36.43370663000002,0.04147753506064415,0.17019250000000002,0,50,0.0,0.1054,0.0032,63.2,23.7,33.6,24.8,19571.7,0.0,2069.608960754627,0.21000000000000008,0.1054,0.8948033698928123,0.6950199723875481,Andheri
72.8100_18.8900,72.81249619666576,18.892917897959716,28.635493999999994,-0.1,0.10440039999999999,0,80,0.0,0.0003,0.0,66.5,22.0,34.4,25.1,0.0,0.0,867.6147708571158,0.2666666666666667,0.0003,0.9891170117377541,0.7464031239128612,Worli
72.8100_18.8950,72.81249619666576,18.897409474380314,36.85925012000001,0.3742673993110657,0.14808585000000002,1,50,0.0,0.0701,0.0,68.7,22.1,33.8,24.3,8926.5,0.0,1414.5171891405746,0.2633333333333333,0.0701,0.5657870055011358,0.3550995840608571,Worli
72.8100_18.9000,72.81249619666576,18.90279936608503,37.42835045000004,0.43095293641090393,0.1297028,0,10,0.0,0.081,0.0,65.6,22.5,33.8,24.3,32411.3,0.0,262.1827336099551,0.25,0.081,0.5741893329581294,0.22967573318325174,Worli
72.8100_18.9050,72.81249619666576,18.90729094250563,35.984237000000036,0.44954121112823486,0.1254185,1,10,0.0,0.1016,0.0,66.4,22.3,34.7,24.6,36501.1,0.0,1679.6562183743354,0.2566666666666666,0.1016,0.5398627159623772,0.35689495574998376,Worli
72.8100_18.9100,72.81249619666576,18.912680834210345,31.723675070000013,-0.05812288524627685,0.09953015000000001,0,80,0.0,0.0289,0.0091,68.8,26.8,31.6,25.7,0.0,0.0,296.31103409085324,0.10666666666666669,0.0289,1.0,0.7506796893378518,Worli
72.8100_18.9150,72.81249619666576,18.917172410630943,29.36011424000003,-0.1,0.10318625000000001,0,80,0.0,0.0,0.0,62.1,23.6,33.2,24.4,0.0,0.0,1776.0081805537143,0.21333333333333326,0.0,1.0,0.8,Worli
72.8100_18.9200,72.81249619666576,18.92256230233566,29.143069970000028,-0.1,0.10048960000000001,0,80,0.0,0.0,0.0,67.7,24.9,35.6,23.3,0.0,0.0,391.26454666509693,0.17000000000000004,0.0,1.0,0.7973890727176758,Worli
72.8100_18.9250,72.81249619666576,18.927053878756258,29.240483540000014,-0.1,0.09782565,0,80,0.0,0.0,0.0,67.2,23.0,34.7,23.7,0.0,0.0,187.58193351924425,0.23333333333333328,0.0,1.0,0.8143174548938192,Worli
72.8100_18.9300,72.81249619666576,18.932443770460978,29.013185210000017,-0.1,0.09945785000000001,0,80,0.0,0.0,0.0,63.8,27.8,32.0,24.0,0.0,0.0,270.9964784145727,0.07333333333333336,0.0,1.0,0.8045406895772979,Worli
72.8100_18.9350,72.81249619666576,18.937833662165694,28.980714020000022,-0.1,0.10260464999999999,0,80,0.0,0.0,0.0,65.1,25.4,32.8,24.9,0.0,0.0,2.991183239565939,0.15333333333333343,0.0,1.0,0.8,Worli
72.8100_18.9400,72.81249619666576,18.942325238586292,28.68676430000002,-0.1,0.1063515,0,80,0.0,0.0,0.0,65.9,25.0,33.6,24.4,0.0,0.0,1902.711617769396,0.16666666666666663,0.0,1.0,0.8118288430350371,Worli
72.8100_18.9450,72.81249619666576,18.94771513029101,29.158451060000004,-0.1,0.1088027,0,80,0.0,0.0,0.0,63.6,24.5,32.9,23.1,0.0,0.0,1977.398806475702,0.18333333333333335,0.0,1.0,0.7899624387269065,Worli
72.8100_18.9500,72.81249619666576,18.952206706711607,30.248799440000028,-0.1,0.11171495000000001,0,80,0.0,0.0022,0.0173,68.1,22.4,31.8,24.4,0.0,0.0,1085.2034619405767,0.2533333333333334,0.0022,1.0,0.7734594255282563,Worli
72.8100_18.9550,72.81249619666576,18.957596598416323,39.42447413000002,0.1564215464115143,0.15384090000000003,1,50,0.0,0.2081,0.0065,56.6,26.7,34.6,26.8,42634.7,0.0,263.9656302611324,0.10999999999999999,0.2081,0.7346132525551297,0.6648828917600855,Worli
72.8100_18.9600,72.81249619666576,18.96208817483692,38.43666635000005,0.20426858382701873,0.1252039,1,50,0.0,0.2464,0.0431,63.6,26.3,33.8,24.5,44726.7,0.0,130.87875228603136,0.1233333333333333,0.2464,0.7117225878342293,0.610442743861484,Worli
72.8100_18.9650,72.81249619666576,18.967478066541638,39.73380494000003,0.21720430254936218,0.15145270000000002,1,50,0.0,0.2243,0.0,65.1,25.2,31.2,24.3,24920.7,0.0,28.971438475724497,0.16000000000000003,0.2243,0.7663053783540945,0.5867288608563956,Worli
72.8100_18.9700,72.81249619666576,18.972867958246354,38.00257781000002,0.35033145546913147,0.11769470000000001,0,10,0.0,0.2106,0.0,66.8,21.6,33.2,26.7,41983.5,0.0,271.8299641726019,0.2799999999999999,0.2106,0.6111432521619102,0.3462382155103599,Worli
72.8100_18.9750,72.81249619666576,18.977359534666952,37.806041660000034,0.543767824268341,0.1723167,0,10,0.0,0.1191,0.0045,62.8,24.0,34.4,23.7,22415.0,0.0,3322.624360724452,0.19999999999999996,0.1191,0.38312857653397075,0.19521021739623695,Worli
72.8100_18.9800,72.81249619666576,18.98274942637167,37.71375512000003,-0.03011862899363041,0.1021238,0,80,0.0,0.021,0.0025,60.9,22.9,33.2,26.1,0.0,0.0,414.69157974275316,0.2366666666666667,0.021,1.0,0.7918667905574575,Worli
72.8100_18.9850,72.81249619666576,18.987241002792267,34.00862144000001,-0.059187620878219604,0.1054987,0,50,0.0,0.0634,0.0,64.9,25.3,33.9,24.6,23439.6,0.0,656.0638119016406,0.15666666666666662,0.0634,1.0,0.7706989762257829,Worli
72.8100_18.9900,72.81249619666576,18.992630894496983,38.925443210000026,0.03223806619644165,0.1228361,0,80,0.0,0.0949,0.0,61.2,25.3,32.3,25.3,0.0,0.0,166.97647711645007,0.15666666666666662,0.0949,0.9335339731480305,0.7500530532973384,Worli
72.8100_18.9950,72.81249619666576,18.99712247091758,41.45477801000001,0.17402230271816255,0.15709620000000002,1,50,0.0,0.1211,0.0474,67.2,25.5,30.9,22.5,21800.2,0.0,377.23989699252456,0.15000000000000002,0.1211,0.8320602693195899,0.7396613159694394,Worli
72.8100_19.0000,72.81249619666576,19.002512362622298,39.09121718,0.14043590125083924,0.16989279999999998,1,50,0.0,0.0994,0.0003,60.4,21.1,32.9,24.7,21593.3,0.0,1098.5325015287467,0.29666666666666663,0.0994,0.7899308090019825,0.6188926028082532,Worli
72.8100_19.0050,72.81249619666576,19.007902254327014,35.910749570000036,-0.06262041170597077,0.10831279999999999,0,80,0.0,0.0298,0.0035,66.9,23.9,30.5,23.5,0.0,0.0,1403.7940914926098,0.20333333333333337,0.0298,1.0,0.8,Worli
72.8100_19.0100,72.81249619666576,19.012393830747612,29.876235260000016,-0.1,0.1101652,0,80,0.0,0.0,0.0,64.4,23.0,31.8,25.3,0.0,0.0,422.25641988568043,0.23333333333333328,0.0,1.0,0.8,Worli
72.8100_19.0150,72.81249619666576,19.017783722452332,31.911666170000046,-0.09041590988636017,0.09628060000000001,0,80,0.0,0.0,0.0,67.4,24.8,33.5,23.5,0.0,0.0,89.1985691815223,0.17333333333333334,0.0,1.0,0.8027067669578458,Andheri
72.8100_19.0200,72.81249619666576,19.022275298872927,29.978775860000013,-0.1,0.1035668,0,80,0.0,0.0,0.0,65.2,23.9,34.4,24.6,0.0,0.0,743.9864775350637,0.20333333333333337,0.0,1.0,0.8198889475101782,Andheri
72.8100_19.0250,72.81249619666576,19.027665190577647,28.915771640000003,-0.1,0.09674250000000001,0,80,0.0,0.0,0.0,67.4,24.2,34.1,23.1,0.0,0.0,400.25796267758375,0.19333333333333336,0.0,1.0,0.8129201237422911,Andheri
72.8100_19.0300,72.81249619666576,19.03215676699824,28.91064461000002,-0.1,0.09749460000000001,0,80,0.0,0.0,0.0,65.6,22.9,34.9,24.3,0.0,0.0,371.8344442080345,0.2366666666666667,0.0,1.0,0.8,Andheri
72.8100_19.0350,72.81249619666576,19.03754665870296,28.809813020000007,-0.1,0.1054292,0,80,0.0,0.0,0.0,67.7,23.9,33.4,24.7,0.0,0.0,4823.17764225901,0.20333333333333337,0.0,1.0,0.8139568032638035,Andheri
72.8100_19.0400,72.81249619666576,19.042936550407678,28.86791936000003,-0.1,0.0918781,0,80,0.0,0.0,0.0,64.4,24.5,32.6,24.4,0.0,0.0,1436.843322226495,0.18333333333333335,0.0,1.0,0.8059055988124174,Andheri
72.8100_19.0450,72.81249619666576,19.047428126828276,28.90209956000001,-0.1,0.0987385,0,80,0.0,0.0,0.0,61.1,25.4,31.9,25.2,0.0,0.0,1220.8667278964178,0.15333333333333343,0.0,1.0,0.7610144001950465,Andheri
72.8100_19.0500,72.81249619666576,19.052818018532992,28.60814984000001,-0.1,0.1002981,0,80,0.0,0.0,0.0,69.7,22.8,34.5,24.5,0.0,0.0,806.2039103669628,0.24,0.0,1.0,0.8031425583798188,Andheri
72.8100_19.0550,72.81249619666576,19.05730959495359,28.502191220000043,-0.1,0.10013440000000001,0,80,0.0,0.0,0.0,67.2,23.1,34.3,25.1,0.0,0.0,840.4028766952081,0.22999999999999998,0.0,1.0,0.8035237964500539,Andheri
72.8100_19.0600,72.81249619666576,19.062699486658307,28.70385440000004,-0.1,0.10245499999999999,0,80,0.0,0.0,0.0,66.5,25.8,32.3,24.3,0.0,0.0,1167.7471905297245,0.14,0.0,1.0,0.8,Andheri
72.8100_19.0650,72.81249619666576,19.067191063078905,28.849120250000027,-0.1,0.1043278,0,80,0.0,0.0,0.0,68.0,23.1,33.1,24.9,0.0,0.0,1788.2136253857077,0.22999999999999998,0.0,1.0,0.8039583333468415,Andheri
72.8100_19.0700,72.81249619666576,19.07258095478362,28.948242830000027,-0.1,0.1053258,0,80,0.0,0.0001,0.0,64.7,25.0,32.0,24.1,0.0,0.0,1816.728252502569,0.16666666666666663,0.0001,1.0,0.8,Andheri
72.8100_19.0750,72.81249619666576,19.07707253120422,28.95849689000002,-0.1,0.1086621,0,80,0.0,0.0,0.0,66.0,22.1,35.3,25.4,0.0,0.0,282.55877433934154,0.2633333333333333,0.0,1.0,0.789900070985827,Andheri
72.8100_19.0800,72.81249619666576,19.082462422908936,28.895263520000015,-0.1,0.1022215,0,80,0.0,0.0,0.0,62.1,24.1,33.6,26.1,0.0,0.0,1040.059065214626,0.19666666666666666,0.0,1.0,0.7757910797222416,Andheri
72.8100_19.0850,72.81249619666576,19.087852314613652,28.934570750000006,-0.1,0.1025834,0,80,0.0,0.0,0.0,64.7,26.0,34.1,25.1,0.0,0.0,796.4356000111084,0.1333333333333333,0.0,1.0,0.8,Andheri
72.8100_19.0900,72.81249619666576,19.09234389103425,28.765378760000004,-0.1,0.10355810000000001,0,80,0.0,0.0,0.0,69.3,22.2,33.7,24.7,0.0,0.0,3066.423979899928,0.26,0.0,1.0,0.8029167294043077,Andheri
72.8100_19.0950,72.81249619666576,19.097733782738967,28.753415690000026,-0.1,0.1039645,0,80,0.0,0.0,0.0,65.9,22.5,31.9,24.1,0.0,0.0,1497.141851585565,0.25,0.0,1.0,0.8117059887303268,Andheri
72.8100_19.1000,72.81249619666576,19.102225359159565,29.064455510000016,-0.1,0.10421430000000001,0,80,0.0,0.0,0.0,67.8,24.8,33.0,23.1,0.0,0.0,1140.5469427608434,0.17333333333333334,0.0,1.0,0.7748918699580488,Andheri
72.8100_19.1050,72.81249619666576,19.10761525086428,28.744870640000045,-0.1,0.10044679999999999,0,80,0.0,0.0,0.0,68.8,22.5,34.8,23.6,0.0,0.0,183.9204851904103,0.25,0.0,1.0,0.8163985050527047,Andheri
72.8100_19.1100,72.81249619666576,19.11210682728488,28.78930490000002,-0.1,0.10857480000000001,0,80,0.0,0.0,0.0,62.1,24.5,33.6,24.2,0.0,0.0,1395.7285936991036,0.18333333333333335,0.0,1.0,0.797080300581623,Andheri
72.8100_19.1150,72.81249619666576,19.117496718989596,29.073000560000025,-0.1,0.10321720000000001,0,80,0.0,0.0,0.0,67.8,22.9,33.8,24.4,0.0,0.0,186.9915432080216,0.2366666666666667,0.0,1.0,0.8,Andheri
72.8100_19.1200,72.81249619666576,19.122886610694316,29.548105340000006,-0.1,0.1059982,0,80,0.0,0.0,0.0,63.3,25.7,32.7,25.3,0.0,0.0,616.9378715530956,0.1433333333333333,0.0,1.0,0.8167932772886238,Andheri
72.8100_19.1250,72.81249619666576,19.127378187114914,29.816419910000036,-0.1,0.1085484,0,80,0.0,0.01,0.0,68.7,23.8,33.4,24.7,0.0,0.0,231.1994584011379,0.20666666666666667,0.01,1.0,0.8,Andheri
72.8100_19.1300,72.81249619666576,19.13276807881963,39.16470461000003,0.15551693737506866,0.16036109999999998,1,50,0.0,0.1021,0.0,64.6,23.7,30.7,25.3,19245.3,0.0,1766.8419574744328,0.21000000000000008,0.1021,0.7706702924065364,0.6052864627188423,Andheri
72.8100_19.1350,72.81249619666576,19.13725965524023,37.96839761000004,0.27253797067165375,0.16323010000000004,1,50,0.0,0.2146,0.0792,66.7,21.2,34.8,24.0,35938.5,0.0,346.48408781916964,0.29333333333333333,0.2146,0.7471357879108335,0.49817939632298747,Andheri
72.8150_18.8900,72.81788608837047,18.892917897959716,28.247548730000005,-0.1,0.1150261,0,80,0.0,0.0,0.0,64.2,24.2,35.5,23.5,0.0,0.0,746.0236944925273,0.19333333333333336,0.0,1.0,0.8216011211827863,Worli
72.8150_18.8950,72.81788608837047,18.897409474380314,28.326163190000017,-0.1,0.11765595,0,80,0.0,0.0064,0.0164,68.4,21.5,33.1,23.4,0.0,0.0,3390.3631813306947,0.2833333333333333,0.0064,1.0,0.8188557702828015,Worli
72.8150_18.9000,72.81788608837047,18.90279936608503,34.61190197000002,-0.1,0.11493900000000001,1,50,0.0,0.0694,0.0183,65.4,23.6,35.6,25.5,14091.4,0.0,342.8304580952303,0.21333333333333326,0.0694,1.0,0.9423095412581447,Worli
72.8150_18.9050,72.81788608837047,18.90729094250563,35.18100230000002,0.3666084110736847,0.1184868,0,10,0.0,0.0639,0.0,66.9,24.3,30.0,24.9,22587.1,0.0,1063.3206442424535,0.18999999999999995,0.0639,0.5401602327447971,0.2843778221639208,Worli
72.8150_18.9100,72.81788608837047,18.912680834210345,36.12779383999998,0.306460219078064,0.14115835000000002,1,50,0.0,0.0891,0.1031,69.0,25.3,32.8,23.5,20739.5,0.0,815.2083099513607,0.15666666666666662,0.0891,0.7069540066709309,0.48356146702278385,Worli
72.8150_18.9150,72.81788608837047,18.917172410630943,33.80524925000003,0.15388504470348358,0.1855137,1,50,0.0,0.0696,0.0442,68.1,23.1,31.4,26.5,11362.8,0.0,27.43543997484773,0.22999999999999998,0.0696,0.8354758458764127,0.656947291694504,Worli
72.8150_18.9200,72.81788608837047,18.92256230233566,29.36011424000003,-0.1,0.1037051,0,80,0.0,0.0052,0.0,65.5,24.9,32.8,25.6,0.0,0.0,2360.8029516838865,0.17000000000000004,0.0052,1.0,0.8,Worli
72.8150_18.9250,72.81788608837047,18.927053878756258,29.636973860000012,-0.1,0.09654140000000001,0,80,0.0,0.0227,0.0,60.7,24.9,34.2,25.0,0.0,0.0,107.31796729405801,0.17000000000000004,0.0227,1.0,0.8119449995425567,Worli
72.8150_18.9300,72.81788608837047,18.932443770460978,28.99267709000003,-0.1,0.09933765,0,80,0.0,0.0,0.0,61.8,24.5,33.7,25.0,0.0,0.0,964.4085218512863,0.18333333333333335,0.0,1.0,0.8,Worli
72.8150_18.9350,72.81788608837047,18.937833662165694,28.857665300000036,-0.1,0.10544630000000002,0,80,0.0,0.0,0.0,63.8,23.4,32.7,25.1,0.0,0.0,1233.7849813989792,0.22000000000000008,0.0,1.0,0.7802170320854476,Worli
72.8150_18.9400,72.81788608837047,18.942325238586292,29.011476200000033,-0.1,0.10996444999999999,0,80,0.0,0.0,0.0,67.0,23.6,32.9,23.2,0.0,0.0,1485.0127065961378,0.21333333333333326,0.0,1.0,0.8108181703712198,Worli
72.8150_18.9450,72.81788608837047,18.94771513029101,29.807874860000027,-0.1,0.1049706,0,80,0.0,0.0047,0.0,69.9,25.1,35.9,25.8,0.0,0.0,1750.1678940857842,0.16333333333333333,0.0047,1.0,0.8175233833438247,Worli
72.8150_18.9500,72.81788608837047,18.952206706711607,39.32022452000001,0.15348412096500397,0.16303145,1,50,0.0,0.1515,0.0,75.4,27.2,33.0,25.5,28344.2,0.0,438.08219538299176,0.09333333333333338,0.1515,0.8048191201490981,0.6177844270709967,Worli
72.8150_18.9550,72.81788608837047,18.957596598416323,39.715005830000024,0.20471596717834473,0.1250758,1,50,0.0,0.2283,0.0,63.2,22.9,35.5,24.7,47119.3,0.0,15.043347546822064,0.2366666666666667,0.2283,0.774300483148567,0.6132851025190724,Worli
72.8150_18.9600,72.81788608837047,18.96208817483692,42.099074780000024,0.078125,0.1494896,1,50,0.0,0.1912,0.0,63.0,21.1,35.3,24.0,30538.9,0.0,1928.0110889840978,0.29666666666666663,0.1912,0.8812713929180552,0.7243466225067559,Worli
72.8150_18.9650,72.81788608837047,18.967478066541638,39.92008703000002,0.1368483453989029,0.1396288,0,10,0.0,0.2051,0.0,66.8,22.7,33.4,25.4,24443.4,0.0,1150.6963693090415,0.2433333333333334,0.2051,0.8555439833120212,0.5439001330243574,Worli
72.8150_18.9700,72.81788608837047,18.972867958246354,38.903226079999996,0.21768389497280122,0.1529318,1,50,0.0,0.1872,0.0041,67.6,23.7,33.8,24.9,27933.2,0.0,2712.910216969328,0.21000000000000008,0.1872,0.7533098476017442,0.6167366836924684,Worli
72.8150_18.9750,72.81788608837047,18.977359534666952,35.43735380000004,0.6825676387405396,0.2055305,0,10,0.0,0.0625,0.0037,69.6,21.8,35.1,24.5,46854.5,0.0,2583.8121829971687,0.2733333333333333,0.0625,0.2601700942618248,0.11624614482982257,Worli
72.8150_18.9800,72.81788608837047,18.98274942637167,41.330020280000014,0.21028791382312775,0.21283379999999996,0,30,0.0,0.0332,0.088,67.0,23.8,35.4,25.4,42031.3,0.0,2780.3837047018815,0.20666666666666667,0.0332,0.7388435062200032,0.45244836170681246,Worli
72.8150_18.9850,72.81788608837047,18.987241002792267,39.542395820000024,0.3227023399734497,0.1602202,1,50,0.0,0.1793,0.0028,67.9,23.7,35.4,24.3,44453.8,0.0,995.6583014974041,0.21000000000000008,0.1793,0.6341361712786743,0.39414063255183546,Worli
72.8150_18.9900,72.81788608837047,18.992630894496983,43.425266539999996,0.19569194395065306,0.185772,1,50,0.0,0.0701,0.0019,60.7,21.3,33.2,24.7,52795.7,0.0,608.8616997554826,0.2899999999999999,0.0701,0.7733760249913106,0.5952337983484066,Worli
72.8150_18.9950,72.81788608837047,18.99712247091758,41.425724840000015,0.11948737502098083,0.16740560000000002,1,50,0.0,0.1734,0.0,62.5,24.8,32.5,23.6,46748.1,0.0,2352.1431387478938,0.17333333333333334,0.1734,0.8436647144239222,0.5654321839623393,Worli
72.8150_19.0000,72.81788608837047,19.002512362622298,40.57634687000001,0.35218510031700134,0.13261230000000002,0,10,0.0,0.2006,0.0,63.3,24.8,33.1,23.9,53000.8,0.0,900.2890590484059,0.17333333333333334,0.2006,0.6270725306002614,0.27822303439318824,Worli
72.8150_19.0050,72.81788608837047,19.007902254327014,40.13371328000002,0.15797228860855103,0.15165040000000002,1,50,0.0,0.1737,0.0225,68.2,24.2,34.7,24.6,45383.0,0.0,303.98636207314354,0.19333333333333336,0.1737,0.8704186844590083,0.7201435219521819,Worli
72.8150_19.0100,72.81788608837047,19.012393830747612,38.631493490000025,0.194398226146698,0.175898,1,50,0.0,0.1414,0.0196,67.2,23.1,31.3,25.2,25384.4,0.0,2896.2635657601845,0.22999999999999998,0.1414,0.7719705699906314,0.7088804278081435,Worli
72.8150_19.0150,72.81788608837047,19.017783722452332,43.368869210000014,0.1647957009267807,0.1576382,1,50,0.0,0.2001,0.0159,66.9,25.0,34.7,25.7,22832.7,0.0,3212.739997252047,0.16666666666666663,0.2001,0.7602329130495614,0.6450285557698279,Andheri
72.8150_19.0200,72.81788608837047,19.022275298872927,39.29971640000002,0.08782967261791229,0.16415360000000004,1,50,0.0,0.1522,0.0239,64.0,25.5,33.4,24.3,22976.9,0.0,941.9095140067612,0.15000000000000002,0.1522,0.9142745866817962,0.7662325680498981,Andheri
72.8150_19.0250,72.81788608837047,19.027665190577647,29.52417920000002,-0.08774977922439575,0.11482870000000002,0,80,0.0,0.0005,0.0,63.3,23.8,36.0,25.4,0.0,0.0,118.07743453193679,0.20666666666666667,0.0005,0.9849912523409498,0.79399650093638,Andheri
72.8150_19.0300,72.81788608837047,19.03215676699824,29.715588320000023,-0.1,0.10033970000000002,0,80,0.0,0.0,0.0,69.1,25.5,31.9,23.1,0.0,0.0,736.1083050527243,0.15000000000000002,0.0,1.0,0.8070074043277268,Andheri
72.8150_19.0350,72.81788608837047,19.03754665870296,31.60575338000004,-0.04523970186710358,0.09965420000000001,0,80,0.0,0.0,0.0,73.2,22.1,32.4,24.6,0.0,0.0,2440.9267758741576,0.2633333333333333,0.0,1.0,0.8,Andheri
72.8150_19.0400,72.81788608837047,19.042936550407678,34.42049285000002,0.1013457164144516,0.1127332,0,80,0.0,0.0671,0.0402,62.4,22.5,34.2,25.2,0.0,0.0,3480.7269352496505,0.25,0.0671,0.9027141569748773,0.6065900788423232,Andheri
72.8150_19.0450,72.81788608837047,19.047428126828276,29.58399455,-0.1,0.11216040000000002,0,80,0.0,0.0087,0.007,66.9,25.8,33.6,23.4,0.0,0.0,341.24089293012764,0.14,0.0087,1.0,0.8,Andheri
72.8150_19.0500,72.81788608837047,19.052818018532992,29.31226196000003,-0.1,0.1139664,0,80,0.0,0.0,0.0,65.1,24.7,32.0,24.5,0.0,0.0,103.9826934054521,0.17666666666666664,0.0,1.0,0.8,Andheri
72.8150_19.0550,72.81788608837047,19.05730959495359,29.24731958000001,-0.1,0.1064057,0,80,0.0,0.0,0.0,71.1,22.5,32.2,26.5,0.0,0.0,3147.6363042062144,0.25,0.0,1.0,0.8,Andheri
72.8150_19.0600,72.81788608837047,19.062699486658307,29.70533426000003,-0.1,0.10759060000000001,0,80,0.0,0.0,0.0,64.1,26.3,34.2,23.1,0.0,0.0,739.9819311669389,0.1233333333333333,0.0,1.0,0.804533684969892,Andheri
72.8150_19.0650,72.81788608837047,19.067191063078905,29.611338710000012,-0.1,0.09762190000000001,0,80,0.0,0.0,0.0,67.4,26.4,33.4,24.6,0.0,0.0,1170.5464784057033,0.12,0.0,1.0,0.7807716973001446,Andheri
72.8150_19.0700,72.81788608837047,19.07258095478362,29.41138454,-0.1,0.1054854,0,80,0.0,0.0,0.0,61.6,21.4,35.3,23.9,0.0,0.0,5166.117180793817,0.28666666666666674,0.0,1.0,0.8,Andheri
72.8150_19.0750,72.81788608837047,19.07707253120422,29.37207731000001,-0.1,0.1035338,0,80,0.0,0.0,0.0,66.0,24.4,33.0,24.5,0.0,0.0,103.32548603869101,0.18666666666666676,0.0,1.0,0.8139172767818758,Andheri
72.8150_19.0800,72.81788608837047,19.082462422908936,29.054201449999994,-0.1,0.10054750000000003,0,80,0.0,0.0,0.0,64.5,25.9,32.0,22.6,0.0,0.0,1567.5419129771246,0.13666666666666671,0.0,1.0,0.823468845532649,Andheri
72.8150_19.0850,72.81788608837047,19.087852314613652,29.086672640000018,-0.1,0.0979261,0,80,0.0,0.0,0.0,62.5,25.4,34.7,26.0,0.0,0.0,115.49234713518746,0.15333333333333343,0.0,1.0,0.8,Andheri
72.8150_19.0900,72.81788608837047,19.09234389103425,28.994386100000014,-0.1,0.10061880000000001,0,80,0.0,0.0,0.0,62.3,25.0,34.0,24.8,0.0,0.0,706.1312945958025,0.16666666666666663,0.0,1.0,0.8,Andheri
72.8150_19.0950,72.81788608837047,19.097733782738967,28.982423030000035,-0.1,0.1087717,0,80,0.0,0.0,0.0,66.0,25.4,33.1,23.8,0.0,0.0,2443.0423036832217,0.15333333333333343,0.0,1.0,0.8100028606622777,Andheri
72.8150_19.1000,72.81788608837047,19.102225359159565,28.970459960000028,-0.1,0.10520830000000002,0,80,0.0,0.0,0.0,63.6,22.1,33.8,23.4,0.0,0.0,852.34377641928,0.2633333333333333,0.0,1.0,0.8,Andheri
72.8150_19.1050,72.81788608837047,19.10761525086428,29.013185210000017,-0.1,0.09962380000000001,0,80,0.0,0.0,0.0,69.8,23.3,33.2,24.4,0.0,0.0,8807.780189941399,0.22333333333333327,0.0,1.0,0.804463061094954,Andheri
72.8150_19.1100,72.81788608837047,19.11210682728488,29.26953671000001,-0.1,0.096549,0,80,0.0,0.0,0.0,61.6,25.3,32.2,24.2,0.0,0.0,1228.2672683365608,0.15666666666666662,0.0,1.0,0.8110377194364431,Andheri
72.8150_19.1150,72.81788608837047,19.117496718989596,29.349860180000007,-0.1,0.1060915,0,80,0.0,0.0,0.0,65.6,22.8,33.0,26.5,0.0,0.0,581.0594863419711,0.24,0.0,1.0,0.8136046041683527,Andheri
72.8150_19.1200,72.81788608837047,19.122886610694316,38.903226080000024,0.042472582310438156,0.1832714,0,80,0.0,0.0,0.0,69.9,23.4,34.9,25.6,0.0,0.0,372.906142505505,0.22000000000000008,0.0,0.924306574104042,0.6142547176202081,Andheri
72.8150_19.1250,72.81788608837047,19.127378187114914,35.40317360000003,0.3657186424446106,0.1390278,0,10,0.0,0.0983,0.0574,65.2,22.6,33.7,24.6,30703.2,0.0,647.3760883505726,0.2466666666666666,0.0983,0.5727181050597532,0.2626747809448685,Andheri
72.8150_19.1300,72.81788608837047,19.13276807881963,37.14636380000002,0.25269837359428404,0.15707949999999998,1,50,0.0,0.1335,0.0018,63.5,23.1,31.9,24.1,36598.8,0.0,699.0969529406343,0.22999999999999998,0.1335,0.6835299504302105,0.47909528610479735,Andheri
72.8150_19.1350,72.81788608837047,19.13725965524023,35.0101013,0.6905233290863038,0.12421360000000001,0,10,0.0,0.1028,0.0294,65.7,25.1,33.8,24.2,38742.2,0.0,106.78275939396757,0.16333333333333333,0.1028,0.2871056441236736,0.11683999673765372,Andheri
72.8200_18.8900,72.82237766479108,18.892917897959716,28.10228288000002,-0.1,0.1092976,0,80,0.0,0.0,0.0,65.7,23.4,32.7,25.7,0.0,0.0,692.0397209560821,0.22000000000000008,0.0,1.0,0.8096148915953597,Worli
72.8200_18.8950,72.82237766479108,18.897409474380314,28.162098230000026,-0.1,0.11691745,0,80,0.0,0.0,0.0,63.3,22.4,30.4,25.5,0.0,0.0,936.0993246997219,0.2533333333333334,0.0,1.0,0.8299342081489197,Worli
72.8200_18.9000,72.82237766479108,18.90279936608503,28.597895779999988,-0.1,0.12674005,0,80,0.0,0.0,0.0,64.0,24.0,32.9,24.1,0.0,0.0,1924.1872167793815,0.19999999999999996,0.0,1.0,0.8,Worli
72.8200_18.9050,72.82237766479108,18.90729094250563,29.177250170000008,-0.1,0.127306,0,80,0.0,0.0059,0.0522,62.3,22.6,34.0,25.4,0.0,0.0,1603.8547025629618,0.2466666666666666,0.0059,1.0,0.8,Worli
72.8200_18.9100,72.82237766479108,18.912680834210345,37.370244110000016,0.23928194395065308,0.13523315000000002,1,50,0.0,0.2604,0.1472,61.6,24.1,34.3,24.8,41215.9,0.0,1850.4405411100001,0.19666666666666666,0.2604,0.6810518462341447,0.5732909209458373,Worli
72.8200_18.9150,72.82237766479108,18.917172410630943,34.38118562000005,0.008541749467253685,0.1124194,0,80,0.0,0.0915,0.0721,67.6,23.1,33.2,24.5,0.0,0.0,12.598280568175182,0.22999999999999998,0.0915,0.8792754221589332,0.6686272927097887,Worli
72.8200_18.9200,72.82237766479108,18.92256230233566,30.97512869000002,-0.1,0.10897145,0,80,0.0,0.0829,0.0057,65.0,24.3,33.2,27.4,0.0,0.0,368.21296294551445,0.18999999999999995,0.0829,1.0,0.8190103084657678,Worli
72.8200_18.9250,72.82237766479108,18.927053878756258,37.72230017000004,0.24927316913604736,0.14482945000000003,1,50,0.0,0.213,0.017,65.0,23.2,33.3,24.6,25896.9,0.0,1625.6636422068557,0.22666666666666668,0.213,0.6792197663576436,0.5075643005072237,Worli
72.8200_18.9300,72.82237766479108,18.932443770460978,31.392127130000034,-0.1,0.1033444,0,80,0.0,0.1155,0.0,64.8,24.7,31.8,23.7,0.0,0.0,992.4418641150368,0.17666666666666664,0.1155,1.0,0.8,Worli
72.8200_18.9350,72.82237766479108,18.937833662165694,29.447273750000022,-0.1,0.10661195000000001,0,80,0.0,0.0561,0.0,66.0,23.2,36.0,25.2,0.0,0.0,7.991463578209805,0.22666666666666668,0.0561,1.0,0.8,Worli
72.8200_18.9400,72.82237766479108,18.942325238586292,30.27614360000004,-0.1,0.10620015000000002,0,80,0.0,0.0742,0.0,69.8,24.3,32.7,24.8,0.0,0.0,2448.2512432371072,0.18999999999999995,0.0742,1.0,0.8,Worli
72.8200_18.9450,72.82237766479108,18.94771513029101,41.32831127000003,0.2575566468000412,0.13954,1,30,0.0,0.065,0.047,62.2,21.6,34.1,24.5,27751.0,0.0,2222.950093475816,0.2799999999999999,0.065,0.6239371617258885,0.5260410595675264,Worli
72.8200_18.9500,72.82237766479108,18.952206706711607,39.785075240000026,0.08923161013126374,0.1474051,1,50,0.0,0.1452,0.0015,66.9,23.3,33.7,23.3,47722.9,0.0,1192.5013217433523,0.22333333333333327,0.1452,0.8817935218860411,0.7559061352364893,Worli
72.8200_18.9550,72.82237766479108,18.957596598416323,39.106598270000035,0.12925668060779572,0.1357925,1,50,0.0,0.1678,0.0,66.6,23.5,35.8,24.6,47586.1,0.0,103.16254496464185,0.21666666666666667,0.1678,0.8367770111282021,0.691990156311108,Worli
72.8200_18.9600,72.82237766479108,18.96208817483692,42.49898312000005,0.13139608502388,0.1391885,1,50,0.0,0.1662,0.0,65.7,20.9,35.5,23.8,28655.7,0.0,2181.956483864969,0.30333333333333334,0.1662,0.8055564650577924,0.6708969714277445,Worli
72.8200_18.9650,72.82237766479108,18.967478066541638,39.84318158000002,0.19712463473796846,0.1405593,1,50,0.0,0.2408,0.0129,66.2,26.6,33.9,23.2,25528.4,0.0,1314.572646887577,0.11333333333333329,0.2408,0.6817203960054163,0.6315568711955217,Worli
72.8200_18.9700,72.82237766479108,18.972867958246354,37.214724200000006,0.15712552740097047,0.1510074,1,50,0.0,0.2375,0.0559,66.0,24.0,34.1,24.7,26411.2,0.0,2284.6149630379214,0.19999999999999996,0.2375,0.8379118157372791,0.691316665226037,Worli
72.8200_18.9750,72.82237766479108,18.977359534666952,39.875652770000016,0.11076922714710236,0.1732166,1,50,0.0,0.2182,0.0,66.2,22.5,35.4,25.3,29937.0,0.0,2089.9602913605645,0.25,0.2182,0.9008607701240947,0.669498400205137,Worli
72.8200_18.9800,72.82237766479108,18.98274942637167,43.18942316000002,0.31805009722709654,0.1846059,0,30,0.0,0.0174,0.0375,58.5,27.0,36.3,25.2,40016.9,0.0,2436.8431017778967,0.09999999999999998,0.0174,0.6517172547838496,0.3562217029973827,Worli
72.8200_18.9850,72.82237766479108,18.987241002792267,42.895473440000046,0.2956421454524994,0.17729440000000002,0,30,0.0,0.0475,0.0002,70.4,22.3,33.2,24.3,29033.5,0.0,1094.7418505263165,0.2566666666666666,0.0475,0.6088558400192474,0.36548571962535903,Worli
72.8200_18.9900,72.82237766479108,18.992630894496983,38.077774250000004,0.39191615961074827,0.13248400000000002,0,10,0.0,0.1553,0.0016,63.2,23.5,31.6,23.5,22426.1,0.0,226.80046152663613,0.21666666666666667,0.1553,0.5710462486678093,0.23056738695394158,Worli
72.8200_18.9950,72.82237766479108,18.99712247091758,38.52895289000003,0.1997445965242386,0.13343000000000002,1,50,0.0,0.2631,0.0139,61.6,26.4,32.3,25.3,30176.4,0.0,1668.2644279411538,0.12,0.2631,0.6960906994290772,0.6114584398600973,Worli
72.8200_19.0000,72.82237766479108,19.002512362622298,39.65006345000003,0.15204855799674988,0.1451963,1,50,0.0,0.2127,0.0,67.8,22.7,34.9,24.8,34372.4,0.0,1453.2474104029266,0.2433333333333334,0.2127,0.8572905876951897,0.6612361479720062,Worli
72.8200_19.0050,72.82237766479108,19.007902254327014,37.44202253000003,0.18515394628047943,0.1175495,1,50,0.0,0.2853,0.0,65.4,25.4,32.7,25.5,51634.1,0.0,2033.6662824425944,0.15333333333333343,0.2853,0.7836734204459975,0.6738464950948131,Worli
72.8200_19.0100,72.82237766479108,19.012393830747612,37.70521007000002,0.08463000298023224,0.083406,1,50,0.0,0.2237,0.0321,71.4,23.2,33.4,23.7,51961.1,0.0,279.2793333952683,0.22666666666666668,0.2237,0.8115703514321062,0.7199974836232952,Worli
72.8200_19.0150,72.82237766479108,19.017783722452332,35.60483678000003,0.12243471463441849,0.12288890000000002,0,50,0.0,0.1295,0.0384,69.5,23.3,32.8,23.9,0.0,0.0,325.3232916912553,0.22333333333333327,0.1295,0.8371848973433974,0.5048313102500505,Andheri
72.8200_19.0200,72.82237766479108,19.022275298872927,30.021501110000003,-0.04433077573776245,0.10788990000000001,0,80,0.0,0.0,0.0,60.9,22.6,33.8,25.4,0.0,0.0,3316.507116272188,0.2466666666666666,0.0,1.0,0.7072789805261421,Andheri
72.8200_19.0250,72.82237766479108,19.027665190577647,29.915542490000036,-0.1,0.11674810000000002,0,80,0.0,0.0,0.0,66.4,22.9,32.2,24.8,0.0,0.0,2079.308338306815,0.2366666666666667,0.0,1.0,0.8102812510484956,Andheri
72.8200_19.0300,72.82237766479108,19.03215676699824,29.491708010000025,-0.08144519478082657,0.12095180000000001,0,80,0.0,0.0,0.0,65.6,23.1,35.2,23.8,0.0,0.0,3582.680045918341,0.22999999999999998,0.0,1.0,0.7955450558935206,Andheri
72.8200_19.0350,72.82237766479108,19.03754665870296,29.22168443000004,-0.1,0.12126310000000001,0,80,0.0,0.0,0.0,63.4,27.0,33.0,23.3,0.0,0.0,2132.666703934171,0.09999999999999998,0.0,1.0,0.8151312934982629,Andheri
72.8200_19.0400,72.82237766479108,19.042936550407678,38.67250973,0.0580260306596756,0.15894329999999998,0,50,0.0,0.0285,0.0,62.6,24.5,34.1,24.3,33250.8,0.0,1363.806248965673,0.18333333333333335,0.0285,0.9226180286944072,0.6681700853011174,Andheri
72.8200_19.0450,72.82237766479108,19.047428126828276,37.641976700000015,0.3419783440208435,0.1428122,1,50,0.0,0.1602,0.0027,69.5,24.7,33.5,24.4,39334.9,0.0,1592.5503158383883,0.17666666666666664,0.1602,0.5835645359781997,0.3945036454371975,Andheri
72.8200_19.0500,72.82237766479108,19.052818018532992,36.756709520000015,0.19841554326057434,0.158671,1,50,0.0,0.1164,0.0123,63.5,24.8,33.8,25.5,17307.0,0.0,3299.0673152994805,0.17333333333333334,0.1164,0.649850887889174,0.5376262698059968,Andheri
72.8200_19.0550,72.82237766479108,19.05730959495359,36.44225168000003,0.18369493861198424,0.1532032,0,30,0.0,0.1078,0.0465,62.7,20.8,32.6,25.2,0.0,0.0,1296.9953028060531,0.30666666666666664,0.1078,0.765731232854496,0.44777195999760744,Andheri
72.8200_19.0600,72.82237766479108,19.062699486658307,35.80479095000001,0.2225109053659439,0.1298962,0,50,0.0,0.0964,0.0241,69.7,24.8,32.7,25.9,17740.1,0.0,1501.104431897109,0.17333333333333334,0.0964,0.7948077204125737,0.439624919560188,Andheri
72.8200_19.0650,72.82237766479108,19.067191063078905,34.86996248000003,0.583113431930542,0.1039573,0,10,0.0,0.0787,0.0,63.1,23.8,33.8,23.1,16779.4,0.0,255.2516600258143,0.20666666666666667,0.0787,0.36635290573946067,0.1576089419572728,Andheri
72.8200_19.0700,72.82237766479108,19.07258095478362,40.371265670000014,0.16660259212493897,0.2060567,0,30,0.0,0.068,0.0138,65.4,23.1,34.4,25.0,20539.1,0.0,963.4564587250344,0.22999999999999998,0.068,0.8626196471312371,0.5006612505411856,Andheri
72.8200_19.0750,72.82237766479108,19.07707253120422,39.754313060000015,0.07599561661481857,0.2097087,1,50,0.0,0.1047,0.0,63.1,27.2,32.7,24.7,18970.4,0.0,1890.2704513071428,0.09333333333333338,0.1047,0.8825401708126073,0.7049422341007285,Andheri
72.8200_19.0800,72.82237766479108,19.082462422908936,30.65212580000002,-0.1,0.1119898,0,80,0.0,0.0,0.0,67.0,22.3,35.0,23.9,0.0,0.0,474.0044203949783,0.2566666666666666,0.0,1.0,0.8084139926203696,Andheri
72.8200_19.0850,72.82237766479108,19.087852314613652,29.378913350000033,-0.1,0.10362750000000001,0,80,0.0,0.0,0.0,67.6,24.4,33.8,25.0,0.0,0.0,338.94788134768896,0.18666666666666676,0.0,1.0,0.8,Andheri
72.8200_19.0900,72.82237766479108,19.09234389103425,29.41651157000001,-0.1,0.10391600000000001,0,80,0.0,0.0,0.0,67.0,23.4,32.0,23.4,0.0,0.0,564.9378254629489,0.22000000000000008,0.0,1.0,0.8176229344162674,Andheri
72.8200_19.0950,72.82237766479108,19.097733782738967,29.32080701000004,-0.1,0.10772770000000001,0,80,0.0,0.0,0.0,69.3,24.2,35.7,23.5,0.0,0.0,414.6199622015185,0.19333333333333336,0.0,1.0,0.8000265137746881,Andheri
72.8200_19.1000,72.82237766479108,19.102225359159565,29.310552949999988,-0.1,0.10765000000000001,0,80,0.0,0.0002,0.0011,71.1,23.5,33.8,24.9,0.0,0.0,362.94041548882495,0.21666666666666667,0.0002,1.0,0.8079084197077608,Andheri
72.8200_19.1050,72.82237766479108,19.10761525086428,30.800809670000035,-0.1,0.10476220000000001,0,80,0.0,0.0371,0.0008,67.1,21.7,33.7,24.9,0.0,0.0,829.6888021746543,0.2766666666666667,0.0371,1.0,0.8,Andheri
72.8200_19.1100,72.82237766479108,19.11210682728488,35.00668328000003,-0.038348082453012466,0.16069940000000002,0,80,0.0,0.0939,0.0,66.8,20.1,33.8,25.5,19668.5,0.0,3576.3194351533325,0.32999999999999996,0.0939,0.9433467009634843,0.6291513663427122,Andheri
72.8200_19.1150,72.82237766479108,19.117496718989596,42.04096844,0.17232752383232117,0.19867220000000002,1,50,0.0,0.0468,0.0321,67.2,22.4,34.6,25.0,25290.3,0.0,1061.050649337948,0.2533333333333334,0.0468,0.7239061247314659,0.5783558478858887,Andheri
72.8200_19.1200,72.82237766479108,19.122886610694316,36.26622365,0.30296188302993776,0.1632917,1,95,0.0,0.0727,0.0082,66.7,23.4,33.7,24.8,11068.9,0.0,312.2353356663878,0.22000000000000008,0.0727,0.5943508544262933,0.4975557700386399,Andheri
72.8200_19.1250,72.82237766479108,19.127378187114914,36.324329990000024,0.3061410532474518,0.1555112,0,10,0.0,0.2016,0.0035,63.7,25.4,31.7,24.9,38508.0,0.0,120.14302633266959,0.15333333333333343,0.2016,0.7505383141364059,0.4015682093709911,Andheri
72.8200_19.1300,72.82237766479108,19.13276807881963,36.92248348999999,0.31388865820884704,0.14626970000000003,1,10,0.0,0.1327,0.0614,66.1,24.1,34.5,25.6,35545.3,0.0,1786.8620172807698,0.19666666666666666,0.1327,0.6871675768746819,0.49723450408278996,Andheri
72.8200_19.1350,72.82237766479108,19.13725965524023,40.80193619000002,0.15528571684837342,0.175046,1,50,0.0,0.1027,0.0286,66.3,22.5,33.8,24.9,44878.1,0.0,723.8402349147404,0.25,0.1027,0.8160050932356337,0.6664150192400755,Andheri
72.8250_18.8900,72.82776755649579,18.892917897959716,28.374015470000018,-0.1,0.1194444,0,80,0.0,0.0,0.0,67.4,21.8,32.9,25.8,0.0,0.0,2587.533661682409,0.2733333333333333,0.0,1.0,0.8,Worli
72.8250_18.8950,72.82776755649579,18.897409474380314,28.391105570000036,-0.1,0.1185302,0,80,0.0,0.0,0.0,64.9,22.1,32.2,26.0,0.0,0.0,1616.0576697851461,0.2633333333333333,0.0,1.0,0.8,Worli
72.8250_18.9000,72.82776755649579,18.90279936608503,30.527368069999994,-0.1,0.11699780000000001,0,60,0.0,0.003,0.0,63.9,21.7,34.7,24.5,0.0,0.0,2386.2293508124844,0.2766666666666667,0.003,1.0,0.8,Worli
72.8250_18.9050,72.82776755649579,18.90729094250563,28.81152203000002,-0.1,0.12634574999999998,0,80,0.0,0.013,0.0004,68.7,25.4,32.8,26.1,0.0,0.0,476.07016778155787,0.15333333333333343,0.013,1.0,0.8,Worli
72.8250_18.9100,72.82776755649579,18.912680834210345,37.95472553000002,0.1524298325586319,0.15270975,1,50,0.0,0.1447,0.0041,65.1,23.1,34.7,23.8,11751.9,0.0,1768.232262303623,0.22999999999999998,0.1447,0.7541562266481903,0.6225349632996271,Worli
72.8250_18.9150,72.82776755649579,18.917172410630943,38.614403390000035,0.09565684135198593,0.17068475000000005,1,50,0.0,0.3172,0.0013,67.4,23.2,34.0,25.3,43360.3,0.0,459.9140732005213,0.22666666666666668,0.3172,0.8615411765188928,0.7201878971238257,Worli
72.8250_18.9200,72.82776755649579,18.92256230233566,37.746226310000054,0.4958650594806671,0.1299871,0,50,0.0,0.1438,0.0037,60.0,23.9,32.0,23.8,46092.4,0.0,4197.006989026581,0.20333333333333337,0.1438,0.4450571336090087,0.1780228534436035,Worli
72.8250_18.9250,72.82776755649579,18.927053878756258,41.15228324000003,0.21051812453269958,0.15600025,1,50,0.0,0.1799,0.064,67.9,25.4,33.8,23.1,52327.9,0.0,1517.4452794856368,0.15333333333333343,0.1799,0.723601242615791,0.5866717778594741,Worli
72.8250_18.9300,72.82776755649579,18.932443770460978,39.901287920000016,0.15696116921901704,0.15906675,1,50,0.0,0.2372,0.077,63.3,23.3,32.7,24.1,44736.8,0.0,588.4793858037892,0.22333333333333327,0.2372,0.8551241225713454,0.7245482530708868,Worli
72.8250_18.9350,72.82776755649579,18.937833662165694,38.657128639999996,0.2843143343925476,0.130748,1,50,0.0,0.2795,0.0,66.3,23.6,33.9,24.2,52345.8,0.0,471.06342977452226,0.21333333333333326,0.2795,0.5995758751809522,0.460851843188983,Worli
72.8250_18.9400,72.82776755649579,18.942325238586292,39.46207235000003,0.4112654877567291,0.13363675000000003,0,10,0.0,0.2305,0.0153,66.5,24.5,31.0,23.7,40905.5,0.0,317.7984274390435,0.18333333333333335,0.2305,0.5814723004589784,0.25199478777707207,Worli
72.8250_18.9450,72.82776755649579,18.94771513029101,42.310992020000015,0.0877724438905716,0.1458685,1,50,0.0,0.2271,0.0,70.0,25.6,30.9,24.4,53903.4,0.0,1779.4005161362206,0.1466666666666666,0.2271,0.9026913127870781,0.8324839562233463,Worli
72.8250_18.9500,72.82776755649579,18.952206706711607,41.46332306000002,0.09765905981779098,0.17596904999999996,1,50,0.0,0.2047,0.0004,70.8,23.6,33.3,22.8,31353.1,0.0,370.22409530628056,0.21333333333333326,0.2047,0.805688041404647,0.7153490890787789,Worli
72.8250_18.9550,72.82776755649579,18.957596598416323,42.452839850000004,0.10011567365169526,0.1389017,1,50,0.0,0.1167,0.0008,64.9,24.4,34.7,24.7,26478.6,0.0,1356.9259456937195,0.18666666666666676,0.1167,0.8174373932916814,0.7151897607250188,Worli
72.8250_18.9600,72.82776755649579,18.96208817483692,42.440876780000025,0.10702028125524521,0.1727437,1,50,0.0,0.1031,0.0,66.4,21.4,32.2,25.7,25606.1,0.0,461.0825115136485,0.28666666666666674,0.1031,0.8300053246814347,0.742652219099313,Worli
72.8250_18.9650,72.82776755649579,18.967478066541638,42.54512639000001,0.14129385352134705,0.1408706,1,50,0.0,0.1289,0.0,64.4,24.2,34.5,21.4,25168.7,0.0,1626.9262626175234,0.19333333333333336,0.1289,0.8305467770017639,0.6441486870875175,Worli
72.8250_18.9700,72.82776755649579,18.972867958246354,40.08927902000005,0.09200476743459701,0.15087189999999998,1,50,0.0,0.1783,0.0011,66.5,24.1,33.1,25.2,28824.2,0.0,2530.6105729344517,0.19666666666666666,0.1783,0.8554209129746917,0.643745212318997,Worli
72.8250_18.9750,72.82776755649579,18.977359534666952,40.984800260000014,0.05330506057739258,0.15531240000000002,1,50,0.0,0.1287,0.0365,70.5,22.7,35.8,24.1,26152.2,0.0,2257.7874171508265,0.2433333333333334,0.1287,0.9327293424322014,0.7406280176883401,Worli
72.8250_18.9800,72.82776755649579,18.98274942637167,39.909832970000025,0.2199900701713562,0.15386450000000002,1,50,0.0,0.0794,0.0044,64.9,23.2,33.7,24.5,25802.7,0.0,2146.00481118978,0.22666666666666668,0.0794,0.8233195624555137,0.5312114843642978,Worli
72.8250_18.9850,72.82776755649579,18.987241002792267,35.04086348000001,0.009855951182544231,0.07764579999999999,0,60,0.0,0.164,0.0,61.5,20.8,34.7,23.2,26445.4,0.0,311.86969849790023,0.30666666666666664,0.164,0.9414644703599702,0.6815215662675697,Worli
72.8250_18.9900,72.82776755649579,18.992630894496983,41.244569780000006,0.20015455782413483,0.14683519999999997,1,50,0.0,0.2635,0.0,65.0,26.0,36.3,24.6,25554.4,0.0,138.8062035076197,0.1333333333333333,0.2635,0.6700358836406942,0.5755942771494745,Worli
72.8250_18.9950,72.82776755649579,18.99712247091758,38.32216268000002,0.04174693032503128,0.1202602,1,50,0.0,0.2344,0.013,73.2,23.9,34.1,24.4,27380.9,0.0,1800.7125354857717,0.20333333333333337,0.2344,0.9673711888265013,0.8657718224330743,Worli
72.8250_19.0000,72.82776755649579,19.002512362622298,38.53407992000001,0.10301905952215194,0.16550099999999998,1,50,0.0,0.3555,0.0239,63.2,25.0,31.1,25.2,25449.2,0.0,689.1231370796685,0.16666666666666663,0.3555,0.9386663692742245,0.76211028758356,Worli
72.8250_19.0050,72.82776755649579,19.007902254327014,45.41455418000001,0.1692126840353012,0.15767089999999997,0,10,0.0,0.2068,0.0,66.8,24.5,31.8,23.6,28640.2,0.0,849.3653994619284,0.18333333333333335,0.2068,0.803124464117255,0.5186022773617114,Worli
72.8250_19.0100,72.82776755649579,19.012393830747612,38.10340940000003,0.24039579102039338,0.1486765,1,50,0.0,0.2519,0.0028,61.1,24.0,32.6,23.9,53386.4,0.0,47.46681219195571,0.19999999999999996,0.2519,0.6614538252119232,0.576041122870473,Worli
72.8250_19.0150,72.82776755649579,19.017783722452332,37.28992064000002,0.29911503195762634,0.1617247,1,50,0.0,0.1933,0.0,66.9,21.5,32.4,25.7,31120.4,0.0,450.79933601737116,0.2833333333333333,0.1933,0.6461729398806136,0.4399704767392163,Andheri
72.8250_19.0200,72.82776755649579,19.022275298872927,30.527368070000023,0.0010405827779322863,0.07729520000000001,0,80,0.0,0.0057,0.0,65.9,24.0,34.9,24.1,0.0,0.0,51.384772841369674,0.19999999999999996,0.0057,0.919844683011486,0.7201325527814219,Andheri
72.8250_19.0250,72.82776755649579,19.027665190577647,29.96510378000002,-0.1,0.1174742,0,80,0.0,0.0,0.0,67.1,21.2,32.6,25.0,0.0,0.0,3170.251835905184,0.29333333333333333,0.0,1.0,0.8228858613711988,Andheri
72.8250_19.0300,72.82776755649579,19.03215676699824,29.10034472000001,-0.1,0.1152488,0,80,0.0,0.0,0.0,65.0,22.6,33.9,24.0,0.0,0.0,418.37427449241835,0.2466666666666666,0.0,1.0,0.7700330190179885,Andheri
72.8250_19.0350,72.82776755649579,19.03754665870296,29.944595660000033,-0.1,0.0991809,0,80,0.0,0.0,0.0,69.1,25.0,33.3,23.4,0.0,0.0,1222.4203557832557,0.16666666666666663,0.0,1.0,0.8152772070326685,Andheri
72.8250_19.0400,72.82776755649579,19.042936550407678,30.922149380000008,-0.0811091427564621,0.1219742,0,80,0.0,0.0071,0.013,66.3,23.3,32.3,25.1,0.0,0.0,59.639027520818935,0.22333333333333327,0.0071,0.9981999914417669,0.7992799965767068,Andheri
72.8250_19.0450,72.82776755649579,19.047428126828276,41.55390059000001,0.28147858505249024,0.1513907,1,50,0.0,0.1387,0.0335,72.8,25.5,33.1,25.1,36686.3,0.0,1648.7319144217622,0.15000000000000002,0.1387,0.6894954392042578,0.4910241550129139,Andheri
72.8250_19.0500,72.82776755649579,19.052818018532992,38.43153932000004,0.26615482568740845,0.145585,1,50,0.0,0.2723,0.0,62.3,23.2,33.1,23.9,45194.6,0.0,585.1865991484956,0.22666666666666668,0.2723,0.6718525904557037,0.5444887570872567,Andheri
72.8250_19.0550,72.82776755649579,19.05730959495359,40.07218892,0.3058464127540588,0.16020399999999999,1,50,0.0,0.2469,0.002,60.5,23.3,33.6,24.9,40973.2,0.0,3422.985741991451,0.22333333333333327,0.2469,0.6555304924084543,0.5877470117645403,Andheri
72.8250_19.0600,72.82776755649579,19.062699486658307,36.96008171,0.2891293444919586,0.11843980000000001,0,50,0.0,0.228,0.0101,65.0,26.5,34.3,25.0,44431.6,0.0,3285.468334805612,0.1166666666666667,0.228,0.6794862432563596,0.380206303731401,Andheri
72.8250_19.0650,72.82776755649579,19.067191063078905,35.750102630000015,0.19284602999687195,0.12058890000000001,0,50,0.0,0.2186,0.0,59.7,25.6,35.5,25.5,39844.7,0.0,590.209839813204,0.1466666666666666,0.2186,0.7216443486169225,0.46430973890128496,Andheri
72.8250_19.0700,72.82776755649579,19.07258095478362,36.80285279,0.22467589852809905,0.14625300000000002,1,50,0.0,0.2415,0.002,72.8,22.9,33.0,24.2,44089.8,0.0,3468.3607707167694,0.2366666666666667,0.2415,0.763392054648352,0.5825708453271042,Andheri
72.8250_19.0750,72.82776755649579,19.07707253120422,42.488729060000026,0.13097478131294252,0.1700411,1,50,0.0,0.1038,0.0018,64.5,21.9,31.6,25.5,41881.8,0.0,8342.515854222558,0.27,0.1038,0.8161146060949017,0.6353524917674959,Andheri
72.8250_19.0800,72.82776755649579,19.082462422908936,41.40521672,0.1879175056552887,0.1724955,1,50,0.0,0.0493,0.0272,63.0,24.2,33.7,24.4,37418.5,0.0,2618.0210309133927,0.19333333333333336,0.0493,0.7190673939514163,0.6413680480973911,Andheri
72.8250_19.0850,72.82776755649579,19.087852314613652,42.08369369000002,0.18352513015270233,0.16373310000000002,1,50,0.0,0.082,0.0,59.2,22.4,31.8,23.7,21952.3,0.0,2795.2507377780453,0.2533333333333334,0.082,0.8794012676575873,0.6246300485549758,Andheri
72.8250_19.0900,72.82776755649579,19.09234389103425,38.28114644000004,0.1572508066892624,0.1568698,1,10,0.0,0.0931,0.0,61.5,22.5,34.0,24.0,21732.9,0.0,429.5418898814022,0.25,0.0931,0.8195097616465938,0.6604885837612908,Andheri
72.8250_19.0950,72.82776755649579,19.097733782738967,42.88009235000001,0.2541889548301697,0.14351919999999999,0,30,0.0,0.0617,0.0,61.9,23.3,33.4,23.7,35340.9,0.0,1289.5196977659982,0.22333333333333327,0.0617,0.695092257499865,0.39090430076601584,Andheri
72.8250_19.1000,72.82776755649579,19.102225359159565,37.240359350000006,0.31019552046775817,0.16130229999999998,1,50,0.0,0.1116,0.0094,66.6,23.1,35.8,23.2,39227.9,0.0,104.43661088595165,0.22999999999999998,0.1116,0.714994015867333,0.4984525086062644,Andheri
72.8250_19.1050,72.82776755649579,19.10761525086428,36.97033577000002,0.22742220759391785,0.15794250000000004,1,50,0.0,0.2221,0.0,66.4,24.7,32.8,26.7,41919.4,0.0,149.59449277208202,0.17666666666666664,0.2221,0.8172858228754125,0.6572269487720475,Andheri
72.8250_19.1100,72.82776755649579,19.11210682728488,37.34631797000003,0.29856530625343325,0.1418765,1,50,0.0,0.1871,0.0269,69.7,23.8,30.5,24.1,42678.6,0.0,10208.626829833922,0.20666666666666667,0.1871,0.6596742726308725,0.4965533404340285,Andheri
72.8250_19.1150,72.82776755649579,19.117496718989596,37.18567102999998,0.27077946066856384,0.12611640000000002,0,10,0.0,0.1156,0.0,65.0,22.2,33.8,26.2,44222.9,0.0,593.211089114384,0.26,0.1156,0.7087554936531743,0.3664779729722288,Andheri
72.8250_19.1200,72.82776755649579,19.122886610694316,38.00599583000002,0.1571082114505768,0.2099389,1,50,0.0,0.163,0.0006,62.2,24.5,32.2,26.9,42650.4,0.0,2068.584401443668,0.18333333333333335,0.163,0.7306899776492761,0.623342662286349,Andheri
72.8250_19.1250,72.82776755649579,19.127378187114914,37.56165323000002,0.21809954941272736,0.1547225,1,50,0.0,0.2449,0.0,62.7,23.2,34.5,24.3,37503.5,0.0,2464.996676597392,0.22666666666666668,0.2449,0.7281240630488721,0.5493057203867808,Andheri
72.8250_19.1300,72.82776755649579,19.13276807881963,36.33971108,0.3183120838546753,0.14020739999999998,1,50,0.0,0.2403,0.0163,67.7,22.4,33.1,24.8,22907.5,0.0,2928.138172714988,0.2533333333333334,0.2403,0.6345625684573312,0.44330611548471366,Andheri
72.8250_19.1350,72.82776755649579,19.13725965524023,35.707377380000025,0.2535884729242325,0.148998,1,50,0.0,0.1961,0.0257,62.4,22.0,32.3,24.4,23977.5,0.0,9066.22077906485,0.2666666666666667,0.1961,0.7186634787568503,0.5647068188251174,Andheri
72.8300_18.8900,72.83225913291639,18.892917897959716,28.35863438000004,-0.1,0.11387059999999999,0,80,0.0,0.0,0.0,63.5,21.4,34.6,26.1,0.0,0.0,414.61176959489563,0.28666666666666674,0.0,1.0,0.8082110017065524,Worli
72.8300_18.8950,72.83225913291639,18.897409474380314,28.302237050000002,-0.1,0.1165628,0,80,0.0,0.0,0.0,66.9,23.4,34.2,25.4,0.0,0.0,61.781258935414414,0.22000000000000008,0.0,1.0,0.8,Worli
72.8300_18.9000,72.83225913291639,18.90279936608503,27.885238610000016,-0.1,0.115814,0,80,0.0,0.0,0.0,66.0,26.2,34.3,23.6,0.0,0.0,794.4814591370741,0.1266666666666667,0.0,1.0,0.8278636251586982,Worli
72.8300_18.9050,72.83225913291639,18.90729094250563,28.63891202000002,-0.1,0.11728585000000002,0,80,0.0,0.0,0.0,63.2,24.0,32.9,24.1,0.0,0.0,209.03219336093457,0.19999999999999996,0.0,1.0,0.8167869822846321,Worli
72.8300_18.9100,72.83225913291639,18.912680834210345,29.00634917000002,-0.1,0.12641735,0,80,0.0,0.0146,0.0,59.8,25.3,34.5,23.6,0.0,0.0,34.021759923821875,0.15666666666666662,0.0146,1.0,0.8174564870201128,Worli
72.8300_18.9150,72.83225913291639,18.917172410630943,30.775174520000007,-0.1,0.0986101,0,80,0.0,0.0988,0.0,61.6,25.3,34.5,23.5,0.0,0.0,670.4313637879993,0.15666666666666662,0.0988,1.0,0.8,Worli
72.8300_18.9200,72.83225913291639,18.92256230233566,39.69962474000002,0.1706571852493286,0.15928785,1,50,0.0,0.2781,0.0131,65.3,22.8,34.0,24.6,24534.9,0.0,2296.8987065370916,0.24,0.2781,0.77137443015451,0.6026286874100842,Worli
72.8300_18.9250,72.83225913291639,18.927053878756258,38.82290261000003,0.39112845063209534,0.14448615,0,50,0.0,0.3392,0.0,68.8,26.8,34.2,25.6,48333.6,0.0,1252.6907562048689,0.10666666666666669,0.3392,0.6180644188915103,0.24722576755660414,Worli
72.8300_18.9300,72.83225913291639,18.932443770460978,40.12687724,0.21334763140201568,0.1729216,1,50,0.0,0.4076,0.0294,68.4,25.5,34.3,25.1,50667.4,0.0,562.6468187316245,0.15000000000000002,0.4076,0.6854489392553387,0.4792966331105625,Worli
72.8300_18.9350,72.83225913291639,18.937833662165694,39.08609015000002,0.4254063982868195,0.14498214999999998,0,50,0.0,0.23,0.0008,72.4,21.8,34.5,24.5,24292.3,0.0,1593.4581719244998,0.2733333333333333,0.23,0.5134682043046456,0.25229921923088533,Worli
72.8300_18.9400,72.83225913291639,18.942325238586292,38.61440339000001,0.322874516248703,0.1267436,1,50,0.0,0.1889,0.0,66.4,23.6,31.9,22.8,22946.9,0.0,395.9838275876324,0.21333333333333326,0.1889,0.6867528786619995,0.49182324956440343,Worli
72.8300_18.9450,72.83225913291639,18.94771513029101,44.155013810000014,0.09852179139852524,0.1345618,1,50,0.0,0.2316,0.0,66.1,23.4,37.1,23.8,29780.5,0.0,21.728792058059017,0.22000000000000008,0.2316,0.8461157948766441,0.730513574592424,Worli
72.8300_18.9500,72.83225913291639,18.952206706711607,42.116164879999985,0.09820373356342316,0.16004175,1,50,0.0,0.1133,0.0,65.0,24.0,33.2,25.5,26629.3,0.0,2168.1329945023654,0.19999999999999996,0.1133,0.8768045239287181,0.721953736515655,Worli
72.8300_18.9550,72.83225913291639,18.957596598416323,41.91279269,0.0940610437989235,0.1561756,1,50,0.0,0.1862,0.005,65.7,22.7,32.9,25.4,26894.4,0.0,1466.224625983449,0.2433333333333334,0.1862,0.8536091740546814,0.7167560849476351,Worli
72.8300_18.9600,72.83225913291639,18.96208817483692,40.53703964000002,0.24118362367153168,0.1089311,1,50,0.0,0.2196,0.0,66.4,25.2,33.1,25.1,25329.2,0.0,2155.1354188641326,0.16000000000000003,0.2196,0.7389762091947044,0.6425470107534882,Worli
72.8300_18.9650,72.83225913291639,18.967478066541638,40.65496133000005,0.3889888525009155,0.1248313,1,50,0.0,0.2422,0.0,66.1,24.7,36.3,25.5,25383.4,0.0,59.57455999149709,0.17666666666666664,0.2422,0.5621381303086074,0.38321906414572837,Worli
72.8300_18.9700,72.83225913291639,18.972867958246354,42.27168479000002,0.12798471748828888,0.1545112,1,50,0.0,0.1836,0.0,64.5,24.8,34.0,24.0,25373.1,0.0,2722.1088910393505,0.17333333333333334,0.1836,0.8590151961481288,0.7214312824605775,Worli
72.8300_18.9750,72.83225913291639,18.977359534666952,40.325122400000026,0.2398548275232315,0.1470008,1,50,0.0,0.1613,0.0,57.6,25.3,32.6,25.2,27593.2,0.0,1449.50694137094,0.15666666666666662,0.1613,0.6387921121064467,0.541250839175939,Worli
72.8300_18.9800,72.83225913291639,18.98274942637167,37.99403275999998,0.1277465522289276,0.15962140000000002,0,50,0.0,0.0882,0.0,64.5,26.9,34.9,23.1,25933.1,0.0,1243.0907791113782,0.10333333333333339,0.0882,0.8062014273516451,0.5765730712956436,Worli
72.8300_18.9850,72.83225913291639,18.987241002792267,39.884197820000026,0.23473906009197235,0.1239798,1,50,0.0,0.1851,0.001,68.6,22.5,31.5,24.8,25999.7,0.0,1469.7008658782788,0.25,0.1851,0.7431956337427431,0.5540986944386763,Worli
72.8300_18.9900,72.83225913291639,18.992630894496983,41.25140582000003,0.09988818317651749,0.1688019,1,50,0.0,0.2521,0.0,63.8,24.2,33.7,26.5,25234.2,0.0,2997.4366753998297,0.19333333333333336,0.2521,0.8761560092237921,0.7279752329141417,Worli
72.8300_18.9950,72.83225913291639,18.99712247091758,39.81583742000004,0.25530409812927246,0.1340995,0,50,0.0,0.2168,0.0,60.3,24.6,32.8,23.3,24882.3,0.0,1326.230941037917,0.17999999999999994,0.2168,0.7791136830084189,0.4465439142847046,Worli
72.8300_19.0000,72.83225913291639,19.002512362622298,42.33833618,0.22255180424690246,0.15592830000000002,1,50,0.0,0.364,0.0048,66.7,22.9,35.9,26.3,26484.4,0.0,1304.6489114757285,0.2366666666666667,0.364,0.7125584724098187,0.6314866972660294,Worli
72.8300_19.0050,72.83225913291639,19.007902254327014,35.902204520000055,0.10571534931659698,0.1255824,0,80,0.0,0.2545,0.0,64.8,25.4,34.7,23.8,26498.0,0.0,7013.253316180579,0.15333333333333343,0.2545,0.9305840187764466,0.6614781299035002,Worli
72.8300_19.0100,72.83225913291639,19.012393830747612,37.953016520000006,0.12263257801532745,0.21116569999999998,1,50,0.0,0.3155,0.0,65.7,22.2,33.3,23.2,31080.0,0.0,2120.3760421795496,0.26,0.3155,0.781066520651689,0.7542263963018441,Worli
72.8300_19.0150,72.83225913291639,19.017783722452332,39.07070906000001,0.17513711750507355,0.1480355,1,50,0.0,0.2332,0.0,65.9,24.0,32.4,25.1,55056.4,0.0,875.8844825018838,0.19999999999999996,0.2332,0.8468845530721586,0.6265063943305484,Andheri
72.8300_19.0200,72.83225913291639,19.022275298872927,37.383916190000036,0.12777256965637207,0.169072,0,10,0.0,0.1531,0.0,64.8,27.2,32.3,24.7,27059.6,0.0,1843.4078064843268,0.09333333333333338,0.1531,0.8623791866785465,0.5231494261359777,Andheri
72.8300_19.0250,72.83225913291639,19.027665190577647,29.970230810000032,-0.058321479707956314,0.12533930000000001,0,80,0.0,0.01,0.0,68.2,24.0,34.1,24.6,0.0,0.0,739.5533925721628,0.19999999999999996,0.01,0.9750467607263451,0.7516444112529173,Andheri
72.8300_19.0300,72.83225913291639,19.03215676699824,30.330831920000037,-0.1,0.122847,0,80,0.0,0.0,0.0,66.9,23.7,33.2,24.7,0.0,0.0,389.85808680626167,0.21000000000000008,0.0,1.0,0.8,Andheri
72.8300_19.0350,72.83225913291639,19.03754665870296,29.891616349999993,-0.1,0.11006330000000002,0,80,0.0,0.0,0.0,67.3,24.3,35.3,23.9,0.0,0.0,1362.676850128247,0.18999999999999995,0.0,1.0,0.8364108781588364,Andheri
72.8300_19.0400,72.83225913291639,19.042936550407678,30.429954500000036,-0.1,0.057526999999999995,0,80,0.0,0.0,0.0,59.2,24.9,30.5,24.2,0.0,0.0,3950.4322561743516,0.17000000000000004,0.0,1.0,0.7470938702462064,Andheri
72.8300_19.0450,72.83225913291639,19.047428126828276,31.91679320000003,-0.040129115381240844,0.050567499999999994,0,80,0.0,0.0031,0.0732,66.3,26.1,32.9,23.3,0.0,0.0,3970.563608798342,0.13,0.0031,1.0,0.8166323357236082,Andheri
72.8300_19.0500,72.83225913291639,19.052818018532992,41.85126833000001,0.15527502138137816,0.1602786,1,50,0.0,0.1799,0.0144,65.9,25.3,34.8,24.3,38949.1,0.0,627.6096056553945,0.15666666666666662,0.1799,0.7855990873355352,0.6513447035589075,Andheri
72.8300_19.0550,72.83225913291639,19.05730959495359,36.17564612000001,0.23705986874103546,0.15517219999999998,1,50,0.0,0.2903,0.0235,68.1,24.2,34.4,24.5,27202.1,0.0,1125.1397887306089,0.19333333333333336,0.2903,0.7918932003971071,0.5559834613584783,Andheri
72.8300_19.0600,72.83225913291639,19.062699486658307,37.180544,0.300663365650177,0.13768100000000003,1,50,0.0,0.2855,0.056,64.5,21.9,36.7,24.5,27537.6,0.0,356.69285728134497,0.27,0.2855,0.6698962896270394,0.46026455413601286,Andheri
72.8300_19.0650,72.83225913291639,19.067191063078905,37.54114511000003,0.1302102506160736,0.14682189999999998,1,50,0.0,0.3129,0.0,65.5,22.3,32.9,24.0,25180.3,0.0,8149.869288022224,0.2566666666666666,0.3129,0.8670642955935147,0.6521433064561313,Andheri
72.8300_19.0700,72.83225913291639,19.07258095478362,36.56871842000004,0.21954356133937836,0.1561731,1,50,0.0,0.2654,0.0,64.9,27.1,32.0,23.8,24782.4,0.0,5954.311968486469,0.09666666666666657,0.2654,0.7223369344084116,0.6024615213486124,Andheri
72.8300_19.0750,72.83225913291639,19.07707253120422,36.69347614999998,0.21776036913871766,0.14859950000000002,1,50,0.0,0.2608,0.0361,73.8,24.1,31.4,25.4,43345.6,0.0,1572.6300748291442,0.19666666666666666,0.2608,0.8318229438226585,0.6539798598226461,Andheri
72.8300_19.0800,72.83225913291639,19.082462422908936,40.220872790000016,0.35301716277122497,0.1414684,0,30,0.0,0.1579,0.0849,64.2,26.5,33.3,25.4,45162.4,0.0,2447.633105559865,0.1166666666666667,0.1579,0.5960955857620004,0.2652323759538153,Andheri
72.8300_19.0850,72.83225913291639,19.087852314613652,38.475973580000016,0.17285066223621368,0.1648227,0,10,0.0,0.1791,0.0021,65.0,25.6,33.8,24.7,50424.5,0.0,1883.426405377182,0.1466666666666666,0.1791,0.7476253512014271,0.44784875690222187,Andheri
72.8300_19.0900,72.83225913291639,19.09234389103425,36.44737871000001,0.5917485334014893,0.16631690000000002,0,40,0.0,0.0778,0.0022,65.6,24.8,34.0,24.9,0.0,0.0,1348.9963705335272,0.17333333333333334,0.0778,0.4352422556543059,0.17409690226172236,Andheri
72.8300_19.0950,72.83225913291639,19.097733782738967,43.06124741000002,0.28873950242996216,0.1509097,1,30,0.0,0.0201,0.0,67.9,22.0,33.1,25.0,37782.8,0.0,82.2355895879512,0.2666666666666667,0.0201,0.6437402680252752,0.5316685173220863,Andheri
72.8300_19.1000,72.83225913291639,19.102225359159565,40.073897930000044,0.1428744440984726,0.18356329999999998,1,50,0.0,0.0644,0.0574,67.6,24.3,33.2,26.2,35566.6,0.0,909.8057681856778,0.18999999999999995,0.0644,0.899330281209747,0.6965531510433207,Andheri
72.8300_19.1050,72.83225913291639,19.10761525086428,35.806499960000025,0.2314262801504135,0.169378,1,50,0.0,0.3024,0.0142,62.8,22.5,35.0,25.2,38133.6,0.0,1684.9091714086974,0.25,0.3024,0.7666123488293272,0.5287110161000103,Andheri
72.8300_19.1100,72.83225913291639,19.11210682728488,36.79430774000002,0.3481801395988464,0.1461932,1,50,0.0,0.2053,0.1202,65.3,23.7,34.7,24.4,27578.4,0.0,1697.6252626464493,0.21000000000000008,0.2053,0.6362894150731119,0.46590566605737693,Andheri
72.8300_19.1150,72.83225913291639,19.117496718989596,41.76069080000002,0.3914546704292297,0.1568796,0,30,0.0,0.0752,0.0125,63.2,25.2,31.9,25.7,18777.7,0.0,700.5064817195218,0.16000000000000003,0.0752,0.47456677596991226,0.18982671038796492,Andheri
72.8300_19.1200,72.83225913291639,19.122886610694316,39.053618959999994,0.27652862780570986,0.15348610000000001,1,50,0.0,0.0888,0.0256,66.8,24.3,30.1,23.6,24931.9,0.0,4263.023617427322,0.18999999999999995,0.0888,0.6841396269806984,0.4134935867600444,Andheri
72.8300_19.1250,72.83225913291639,19.127378187114914,38.860500830000035,0.1684574402332306,0.1568821,1,50,0.0,0.1848,0.0295,62.5,22.7,31.9,22.6,23871.6,0.0,274.72550823458766,0.2433333333333334,0.1848,0.7984094324434408,0.6526678106365431,Andheri
72.8300_19.1300,72.83225913291639,19.13276807881963,42.695519270000005,0.09402460604906082,0.1901719,1,10,0.0,0.173,0.0,61.7,24.3,32.6,24.6,20518.2,0.0,1040.7994972772096,0.18999999999999995,0.173,0.9072847106161578,0.7329059330725564,Andheri
72.8300_19.1350,72.83225913291639,19.13725965524023,38.48110061,0.08509235084056854,0.1377565,1,50,0.0,0.2453,0.0,66.8,25.9,34.2,24.1,21171.9,0.0,1761.0578882122106,0.13666666666666671,0.2453,0.953003057971437,0.8268010738889744,Andheri
72.8350_18.8900,72.8376490246211,18.892917897959716,28.018541390000024,-0.1,0.10036085,0,80,0.0,0.0,0.0,65.7,24.9,33.9,26.1,0.0,0.0,1791.706167314578,0.17000000000000004,0.0,1.0,0.8084356014850175,Worli
72.8350_18.8950,72.8376490246211,18.897409474380314,27.72800969000002,-0.1,0.10040959999999999,0,80,0.0,0.0,0.0,71.1,21.8,31.6,23.6,0.0,0.0,1568.9114564731078,0.2733333333333333,0.0,1.0,0.826203838161618,Worli
72.8350_18.9000,72.8376490246211,18.90279936608503,28.165516250000024,-0.1,0.09676480000000001,0,80,0.0,0.0,0.0,68.0,20.9,33.3,23.2,0.0,0.0,482.9718584421504,0.30333333333333334,0.0,1.0,0.8,Worli
72.8350_18.9050,72.8376490246211,18.90729094250563,27.863021480000043,-0.1,0.10595615,0,80,0.0,0.0,0.0,68.2,23.3,32.7,24.3,0.0,0.0,254.7713459564359,0.22333333333333327,0.0,1.0,0.8187495498501386,Worli
72.8350_18.9100,72.8376490246211,18.912680834210345,28.03050446000003,-0.1,0.1112416,0,80,0.0,0.0,0.0,63.6,24.4,36.4,23.9,0.0,0.0,1515.6562312385845,0.18666666666666676,0.0,1.0,0.8327013278905504,Worli
72.8350_18.9150,72.8376490246211,18.917172410630943,28.498773200000016,-0.1,0.12420605,0,80,0.0,0.0,0.0,60.0,23.6,33.9,23.5,0.0,0.0,1371.8213136909615,0.21333333333333326,0.0,1.0,0.8262338689854533,Worli
72.8350_18.9200,72.8376490246211,18.92256230233566,36.609734660000015,0.08244283497333527,0.17108279999999998,1,50,0.0,0.1745,0.0,67.1,25.4,31.1,24.4,23631.3,0.0,296.49884046986057,0.15333333333333343,0.1745,0.8584612034002768,0.7161445531893857,Worli
72.8350_18.9250,72.8376490246211,18.927053878756258,35.94151175000002,0.06341902911663055,0.13512375,1,80,0.0,0.0977,0.0,71.4,24.6,35.0,24.9,0.0,0.0,1831.877570727733,0.17999999999999994,0.0977,0.8382584671375237,0.7385296385264574,Worli
72.8350_18.9300,72.8376490246211,18.932443770460978,40.458425180000006,0.2802353915500641,0.16382729999999998,1,50,0.0,0.3793,0.0206,74.4,23.7,33.6,21.9,44045.6,0.0,910.9276729316689,0.21000000000000008,0.3793,0.6666661298040322,0.5084422350032799,Worli
72.8350_18.9350,72.8376490246211,18.937833662165694,40.66350638,0.12811031550168991,0.1377869,1,50,0.0,0.3487,0.0125,66.7,21.8,34.3,23.4,48288.6,0.0,1652.8491904668226,0.2733333333333333,0.3487,0.8833038263050048,0.7178439523452189,Worli
72.8350_18.9400,72.8376490246211,18.942325238586292,39.641518399999995,0.18235448002815247,0.14715745000000002,1,50,0.0,0.2566,0.0,57.7,26.2,31.0,24.8,51050.1,0.0,2724.3894613841853,0.1266666666666667,0.2566,0.7887558267655961,0.6203993375087977,Worli
72.8350_18.9450,72.8376490246211,18.94771513029101,42.393024500000024,0.11559068411588669,0.19999329999999998,1,50,0.0,0.1291,0.0,66.8,24.7,35.6,24.4,50661.5,0.0,279.0036558334518,0.17666666666666664,0.1291,0.881815869203985,0.6816015892587542,Worli
72.8350_18.9500,72.8376490246211,18.952206706711607,42.64253996000002,0.09712816029787064,0.1503097,1,50,0.0,0.1912,0.0,66.3,24.4,32.9,23.1,54687.4,0.0,28.99575618096155,0.18666666666666676,0.1912,0.8748666257378063,0.7322907615265248,Worli
72.8350_18.9550,72.8376490246211,18.957596598416323,41.097594920000006,0.09227871894836426,0.13618500000000003,1,50,0.0,0.2116,0.0,65.1,27.1,33.2,23.2,54274.6,0.0,2265.085315606359,0.09666666666666657,0.2116,0.8019494840681906,0.6448212809801116,Worli
72.8350_18.9600,72.8376490246211,18.96208817483692,39.96281227999998,0.2319859653663635,0.1464014,1,50,0.0,0.1586,0.0179,65.1,23.9,33.2,24.4,30657.2,0.0,1411.2495115788595,0.20333333333333337,0.1586,0.6034212643049998,0.5204008022378603,Worli
72.8350_18.9650,72.8376490246211,18.967478066541638,40.94891105000002,0.0934051126241684,0.186054,1,50,0.0,0.1683,0.0,63.5,24.3,29.6,26.3,26711.7,0.0,1804.1581363170017,0.18999999999999995,0.1683,0.8582191254598112,0.7225732843787318,Worli
72.8350_18.9700,72.8376490246211,18.972867958246354,40.71306766999999,0.20781955122947693,0.13906580000000002,1,50,0.0,0.1666,0.0,69.1,26.0,34.2,26.0,26289.1,0.0,2731.674056025163,0.1333333333333333,0.1666,0.7397643854529647,0.5805683032976602,Worli
72.8350_18.9750,72.8376490246211,18.977359534666952,36.41319851,0.4888674874687195,0.12397360000000002,0,10,0.0,0.0975,0.0093,69.8,26.2,33.9,23.0,26381.3,0.0,2435.388433169303,0.1266666666666667,0.0975,0.4278831455621864,0.17115325822487457,Worli
72.8350_18.9800,72.8376490246211,18.98274942637167,41.06683274000005,0.3110625171279907,0.1303358,0,50,0.0,0.1174,0.0057,66.5,23.5,33.7,25.1,25918.5,0.0,4863.222317262287,0.21666666666666667,0.1174,0.5665153803894404,0.24952670365604449,Worli
72.8350_18.9850,72.8376490246211,18.987241002792267,39.38003987000002,0.38888255487442014,0.1164312,0,10,0.0,0.1256,0.0062,63.3,24.5,33.0,24.0,25811.9,0.0,1151.5962304143948,0.18333333333333335,0.1256,0.5413109244519444,0.27056659995814014,Worli
72.8350_18.9900,72.8376490246211,18.992630894496983,38.02308593000001,0.13079014286994933,0.1475248,1,50,0.0,0.199,0.012,64.9,23.3,30.1,24.6,25404.9,0.0,1005.5987329914026,0.22333333333333327,0.199,0.8188278428868119,0.7352902237121524,Worli
72.8350_18.9950,72.8376490246211,18.99712247091758,38.26576535000004,0.23189299435138702,0.1145634,1,50,0.0,0.1957,0.0419,63.4,24.8,33.2,25.2,26614.3,0.0,770.9638708116607,0.17333333333333334,0.1957,0.7796018768339326,0.5113303708061835,Worli
72.8350_19.0000,72.8376490246211,19.002512362622298,38.06239316000003,0.38137830063819883,0.13476069999999998,0,10,0.0,0.3469,0.0299,67.6,20.5,33.9,25.3,26079.5,0.0,250.30618269095675,0.31666666666666665,0.3469,0.5965950434402002,0.24700387310230706,Worli
72.8350_19.0050,72.8376490246211,19.007902254327014,38.73745211000005,0.3688257932662964,0.1261243,1,50,0.0,0.2749,0.0,69.1,22.1,32.1,24.2,26361.5,0.0,1275.0777888317277,0.2633333333333333,0.2749,0.67374027909234,0.45410237329677994,Worli
72.8350_19.0100,72.8376490246211,19.012393830747612,39.10488926000002,0.3636991083621979,0.1297054,1,10,0.0,0.1766,0.0,64.3,22.2,33.6,23.5,29904.5,0.0,486.54506953891274,0.26,0.1766,0.5456090688355324,0.34049703835709755,Worli
72.8350_19.0150,72.8376490246211,19.017783722452332,38.60756735000004,0.17687342553138732,0.1386368,1,10,0.0,0.2381,0.001,64.0,26.9,35.6,24.4,57783.2,0.0,3813.3113728515023,0.10333333333333339,0.2381,0.8258884790714843,0.6334199072445621,Andheri
72.8350_19.0200,72.8376490246211,19.022275298872927,38.359760900000026,0.18059071898460388,0.1419853,1,50,0.0,0.2906,0.0,66.6,23.5,34.1,25.1,54946.1,0.0,1312.690089167171,0.21666666666666667,0.2906,0.7791786281718325,0.5899008980365384,Andheri
72.8350_19.0250,72.8376490246211,19.027665190577647,44.23704629000002,0.2815699559497833,0.1709608,0,30,0.0,0.1158,0.3196,69.2,23.5,35.3,23.7,26261.7,0.0,1347.8242405990238,0.21666666666666667,0.1158,0.797755260256146,0.585871342130287,Andheri
72.8350_19.0300,72.8376490246211,19.03215676699824,36.05088839000004,0.08804857730865479,0.1611369,0,80,0.0,0.1254,0.0,62.4,23.8,33.4,23.3,0.0,0.0,657.582246248511,0.20666666666666667,0.1254,0.8417846095280681,0.6237021176902019,Andheri
72.8350_19.0350,72.8376490246211,19.03754665870296,32.01249776000003,-0.015233415178954601,0.09668130000000001,0,80,0.0,0.0511,0.0,69.2,25.5,32.4,23.8,0.0,0.0,80.08431704875328,0.15000000000000002,0.0511,1.0,0.7830489359429301,Andheri
72.8350_19.0400,72.8376490246211,19.042936550407678,32.95587128000005,-0.011299435049295425,0.0988904,0,80,0.0,0.0402,0.0,66.5,22.4,35.3,24.9,0.0,0.0,48.38778231090721,0.2533333333333334,0.0402,0.9963935529665575,0.7783852499373368,Andheri
72.8350_19.0450,72.8376490246211,19.047428126828276,41.11639403000001,0.23892738338947295,0.15983520000000004,1,50,0.0,0.0116,0.0253,68.6,25.8,34.5,24.5,0.0,0.0,825.7410304701089,0.14,0.0116,0.6867398073646396,0.5129703715521905,Andheri
72.8350_19.0500,72.8376490246211,19.052818018532992,41.48554019000002,0.11318553239107132,0.1628106,1,50,0.0,0.144,0.0,66.5,26.3,32.7,24.6,43795.6,0.0,132.53449480013523,0.1233333333333333,0.144,0.8373700861632692,0.6525200509677246,Andheri
72.8350_19.0550,72.8376490246211,19.05730959495359,35.70908639000001,0.29435261034965515,0.1337183,0,50,0.0,0.1838,0.005,67.4,23.6,32.2,25.2,0.0,0.0,1400.3344752195387,0.21333333333333326,0.1838,0.6550541067034898,0.3673145368507886,Andheri
72.8350_19.0600,72.8376490246211,19.062699486658307,39.49112552,0.11745718372821808,0.1699909,1,50,0.0,0.2039,0.0042,68.5,23.8,32.5,25.0,22612.1,0.0,3192.607452347175,0.20666666666666667,0.2039,0.8572644638036716,0.6687905792601777,Andheri
72.8350_19.0650,72.8376490246211,19.067191063078905,39.43131017000002,0.12689805030822754,0.14779040000000002,1,50,0.0,0.2304,0.0,64.4,24.4,32.9,24.0,22277.9,0.0,3217.2803177277215,0.18666666666666676,0.2304,0.769775992223047,0.7116671782804641,Andheri
72.8350_19.0700,72.8376490246211,19.07258095478362,38.48110061000003,0.22793168912887574,0.1587004,1,10,0.0,0.2434,0.0187,62.4,24.8,34.4,25.8,21876.7,0.0,1614.0089671641124,0.17333333333333334,0.2434,0.7286006057653396,0.5503852620128509,Andheri
72.8350_19.0750,72.8376490246211,19.07707253120422,38.02308593000001,0.2555660009384155,0.1438508,1,50,0.0,0.2642,0.0,69.5,21.9,35.1,24.5,22688.6,0.0,355.9242462140269,0.27,0.2642,0.721044121694051,0.47068689582856527,Andheri
72.8350_19.0800,72.8376490246211,19.082462422908936,37.83338582000002,0.1767087716627121,0.156736,1,50,0.0,0.2859,0.0011,70.6,24.1,32.2,22.7,25213.5,0.0,2981.626836981181,0.19666666666666666,0.2859,0.7782515936969396,0.6691004825914866,Andheri
72.8350_19.0850,72.8376490246211,19.087852314613652,39.59195711000001,0.10600126610279083,0.16813040000000004,1,50,0.0,0.2479,0.0066,71.3,24.2,36.0,24.8,45400.0,0.0,3258.5651619907862,0.19333333333333336,0.2479,0.9128866761166589,0.735301776224993,Andheri
72.8350_19.0900,72.8376490246211,19.09234389103425,40.33195844000002,0.3168443320846558,0.126243,0,10,0.0,0.1192,0.0012,64.5,23.7,32.4,24.6,45142.3,0.0,328.4538855108164,0.21000000000000008,0.1192,0.6843439066188969,0.326111450347071,Andheri
72.8350_19.0950,72.8376490246211,19.097733782738967,44.23875530000004,0.2620418071746826,0.1606933,0,50,0.0,0.0487,0.0,63.4,24.2,35.7,26.2,35654.4,0.0,2005.8339878544607,0.19333333333333336,0.0487,0.6893761629882801,0.4324902115901359,Andheri
72.8350_19.1000,72.8376490246211,19.102225359159565,38.65371062000003,0.11566979438066483,0.1858246,1,50,0.0,0.1923,0.0,68.7,24.7,35.2,23.6,40195.1,0.0,506.4003616156016,0.17666666666666664,0.1923,0.8394172804942188,0.6762681607931147,Andheri
72.8350_19.1050,72.8376490246211,19.10761525086428,38.838283700000005,0.08093097089052201,0.24393350000000003,1,50,0.0,0.2461,0.0064,66.3,28.2,31.4,24.9,41323.9,0.0,2434.0910841269874,0.06000000000000005,0.2461,0.862592256683578,0.7690378992468835,Andheri
72.8350_19.1100,72.8376490246211,19.11210682728488,36.79259873000001,0.329118041973114,0.1342471,1,50,0.0,0.177,0.0466,67.1,25.1,34.9,24.5,21839.3,0.0,8837.64597615353,0.16333333333333333,0.177,0.6647528082352272,0.49300161242009,Andheri
72.8350_19.1150,72.8376490246211,19.117496718989596,42.74166253999999,0.12048013586521149,0.17543380000000003,1,50,0.0,0.0928,0.0019,63.5,26.3,34.8,24.8,21418.8,0.0,45.72902619303527,0.1233333333333333,0.0928,0.7361768243515581,0.6739412507351497,Andheri
72.8350_19.1200,72.8376490246211,19.122886610694316,38.19569594000001,0.2832076357650757,0.1645547,0,50,0.0,0.1141,0.0296,60.8,23.7,34.6,24.5,21147.0,0.0,3414.8770642185477,0.21000000000000008,0.1141,0.661229639446457,0.39082156171666843,Andheri
72.8350_19.1250,72.8376490246211,19.127378187114914,39.83463653000001,0.08994115889072418,0.18486129999999998,1,50,0.0,0.1645,0.0,65.3,22.2,33.1,25.4,21054.2,0.0,1461.7958316863446,0.26,0.1645,0.7803784976996045,0.6824799297662887,Andheri
72.8350_19.1300,72.8376490246211,19.13276807881963,39.70133375000006,0.16981132328510284,0.1362882,1,50,0.0,0.1661,0.0,63.2,25.6,33.8,24.0,21952.8,0.0,5439.286292581016,0.1466666666666666,0.1661,0.8532162640878715,0.6745438183320025,Andheri
72.8350_19.1350,72.8376490246211,19.13725965524023,40.53874865000003,0.12379889455795288,0.18726510000000002,1,50,0.0,0.1256,0.0922,67.5,22.9,33.7,25.4,21714.3,0.0,938.2594830200908,0.2366666666666667,0.1256,0.8446390994419007,0.7128574261935992,Andheri
72.8400_18.8900,72.8421406010417,18.892917897959716,28.080065750000017,-0.1,0.10093785,0,80,0.0,0.0,0.0,69.4,25.8,33.2,24.1,0.0,0.0,2819.784106993009,0.14,0.0,1.0,0.8,Worli
72.8400_18.8950,72.8421406010417,18.897409474380314,27.71433761,-0.1,0.1034668,0,80,0.0,0.0,0.0,66.1,22.8,34.6,26.1,0.0,0.0,96.63830103852652,0.24,0.0,1.0,0.8,Worli
72.8400_18.9000,72.8421406010417,18.90279936608503,27.77927999000002,-0.1,0.1000916,0,80,0.0,0.0,0.0,64.3,23.7,33.9,25.5,0.0,0.0,612.581925856551,0.21000000000000008,0.0,1.0,0.8,Worli
72.8400_18.9050,72.8421406010417,18.90729094250563,27.78269801000002,-0.1,0.1089413,0,80,0.0,0.0,0.0,64.1,23.2,33.4,24.2,0.0,0.0,104.05170546228696,0.22666666666666668,0.0,1.0,0.8125322727452614,Worli
72.8400_18.9100,72.8421406010417,18.912680834210345,27.91258277000003,-0.1,0.12232715000000001,0,80,0.0,0.0,0.0,65.9,25.6,32.8,24.4,0.0,0.0,5554.049784896203,0.1466666666666666,0.0,1.0,0.790046254782071,Worli
72.8400_18.9150,72.8421406010417,18.917172410630943,28.27147487000002,-0.1,0.11789435000000001,0,80,0.0,0.0,0.0,67.6,24.2,36.0,24.2,0.0,0.0,2547.189829636094,0.19333333333333336,0.0,1.0,0.8124681427655983,Worli
72.8400_18.9200,72.8421406010417,18.92256230233566,30.17702102000004,-0.1,0.10356984999999999,0,80,0.0,0.0,0.0,61.2,24.8,35.3,22.7,0.0,0.0,2871.3729823007097,0.17333333333333334,0.0,0.9858957825348578,0.7605646471489981,Worli
72.8400_18.9250,72.8421406010417,18.927053878756258,28.65087509,-0.1,0.12311820000000001,0,80,0.0,0.0085,0.0,65.7,23.6,33.4,23.1,0.0,0.0,4170.090401689451,0.21333333333333326,0.0085,1.0,0.8430985735476629,Worli
72.8400_18.9300,72.8421406010417,18.932443770460978,36.49010396000003,-0.04148218780755997,0.10370485000000002,0,50,0.0,0.0681,0.0,69.1,22.7,32.9,23.9,0.0,0.0,133.41647953098132,0.2433333333333334,0.0681,1.0,0.6699085739306991,Worli
72.8400_18.9350,72.8421406010417,18.937833662165694,35.370702410000035,0.10848180204629898,0.09398285,0,80,0.0,0.0955,0.0,67.4,23.1,33.3,24.1,0.0,0.0,730.6577680815328,0.22999999999999998,0.0955,0.857575796379109,0.644103131646206,Worli
72.8400_18.9400,72.8421406010417,18.942325238586292,39.86881672999999,-0.004310860298573971,0.11999905,0,60,0.0,0.1023,0.0,75.6,25.1,34.7,25.5,38571.0,0.0,110.52614453526155,0.16333333333333333,0.1023,0.8941995741147085,0.6944908888791755,Worli
72.8400_18.9450,72.8421406010417,18.94771513029101,44.95653950000002,0.05171513557434082,0.17342059999999998,1,50,0.0,0.102,0.0,65.2,24.1,32.7,25.0,49309.8,0.0,355.09014570751907,0.19666666666666666,0.102,0.953841963578033,0.780250551954134,Worli
72.8400_18.9500,72.8421406010417,18.952206706711607,43.681618040000046,0.11732197552919388,0.14381149999999998,1,50,0.0,0.1014,0.0,60.5,24.1,34.6,24.5,47271.7,0.0,390.81215546461186,0.19666666666666666,0.1014,0.8344294215262342,0.7077566400835114,Worli
72.8400_18.9550,72.8421406010417,18.957596598416323,41.73847367000002,0.21569965779781342,0.1390475,1,50,0.0,0.1006,0.0,64.7,22.1,32.1,23.3,43969.4,0.0,949.7927732549521,0.2633333333333333,0.1006,0.7444637460352148,0.5955268559710134,Worli
72.8400_18.9600,72.8421406010417,18.96208817483692,45.35815685,0.10782545804977417,0.1355919,1,50,0.0,0.1804,0.0,68.0,23.9,32.2,25.0,52125.2,0.0,469.1145725993735,0.20333333333333337,0.1804,0.8715290538672177,0.7095343396525939,Worli
72.8400_18.9650,72.8421406010417,18.967478066541638,39.32876957000002,0.17929984629154205,0.1512149,1,50,0.0,0.1255,0.0,58.8,24.9,33.9,25.8,53554.9,0.0,159.67183798546998,0.17000000000000004,0.1255,0.7359318710132744,0.6456386322297147,Worli
72.8400_18.9700,72.8421406010417,18.972867958246354,41.19842650999999,0.1157662644982338,0.1845232,1,50,0.0,0.1249,0.0,62.7,28.2,34.2,23.3,31417.3,0.0,274.96703009094256,0.06000000000000005,0.1249,0.851694574158401,0.7270022724806878,Worli
72.8400_18.9750,72.8421406010417,18.977359534666952,42.81173195000002,0.11586815863847733,0.15065620000000002,1,50,0.0,0.1208,0.0,71.0,24.3,32.0,23.9,30649.0,0.0,238.9782538694315,0.18999999999999995,0.1208,0.8205812490606135,0.698395103507309,Worli
72.8400_18.9800,72.8421406010417,18.98274942637167,42.268266770000025,0.11597374081611633,0.1187095,1,50,0.0,0.0895,0.0,66.7,24.8,35.4,25.2,26832.7,0.0,5422.1502494988645,0.17333333333333334,0.0895,0.803584132151524,0.6612768353165547,Worli
72.8400_18.9850,72.8421406010417,18.987241002792267,40.466970230000044,0.21243824064731598,0.149072,1,50,0.0,0.076,0.0,67.1,23.8,31.4,25.4,26209.0,0.0,2136.259206452332,0.20666666666666667,0.076,0.7715125340204539,0.6296836344939568,Worli
72.8400_18.9900,72.8421406010417,18.992630894496983,40.851497480000035,0.1712671177339554,0.14524990000000002,1,50,0.0,0.1492,0.0029,66.3,24.9,33.6,24.9,25720.5,0.0,5151.889216776437,0.17000000000000004,0.1492,0.860611605206135,0.6631156218377371,Worli
72.8400_18.9950,72.8421406010417,18.99712247091758,37.689828980000016,0.2957227115154266,0.145897,1,10,0.0,0.1292,0.014,67.0,23.4,34.1,24.0,26197.8,0.0,869.0327784708771,0.22000000000000008,0.1292,0.7009496571588649,0.43946627942559957,Worli
72.8400_19.0000,72.8421406010417,19.002512362622298,38.36659694000002,0.12994292250156403,0.2261702,1,10,0.0,0.2363,0.0026,67.5,24.0,33.7,23.8,25036.8,0.0,489.36094917328137,0.19999999999999996,0.2363,0.8491348957554575,0.655442326448908,Worli
72.8400_19.0050,72.8421406010417,19.007902254327014,38.63320250000001,0.16051660478115082,0.16062390000000001,1,50,0.0,0.2072,0.0,64.3,25.0,33.4,26.0,25697.2,0.0,2401.4101609777053,0.16666666666666663,0.2072,0.7652646948907342,0.6347964556839402,Worli
72.8400_19.0100,72.8421406010417,19.012393830747612,39.28262630000003,0.20928363943099976,0.14592890000000003,1,50,0.0,0.247,0.005,65.2,23.9,33.4,25.6,25576.1,0.0,592.3529580754024,0.20333333333333337,0.247,0.6685567041105774,0.5776355976526675,Worli
72.8400_19.0150,72.8421406010417,19.017783722452332,42.67159313000002,0.1363344043493271,0.1467905,1,10,0.0,0.1637,0.0,65.7,24.8,31.4,24.5,32774.2,0.0,533.6916554881931,0.17333333333333334,0.1637,0.894135321755665,0.6801251182590883,Andheri
72.8400_19.0200,72.8421406010417,19.022275298872927,40.96258313000001,0.15843363592147827,0.1429367,1,50,0.0,0.2408,0.0099,61.6,22.6,32.5,26.1,34924.0,0.0,396.936910482265,0.2466666666666666,0.2408,0.9043810985487597,0.7145745436216171,Andheri
72.8400_19.0250,72.8421406010417,19.027665190577647,38.62978448000001,0.13756617965221404,0.1615622,1,50,0.0,0.2691,0.0034,66.1,24.8,35.6,24.1,60351.3,0.0,208.33971727038255,0.17333333333333334,0.2691,0.8921254990362701,0.7022635038688243,Andheri
72.8400_19.0300,72.8421406010417,19.03215676699824,39.245028080000026,0.22045612335205078,0.13731400000000002,1,50,0.0,0.2409,0.0,64.9,22.5,35.4,25.6,60776.2,0.0,444.5052476343513,0.25,0.2409,0.7215603796989618,0.5645242466225469,Andheri
72.8400_19.0350,72.8421406010417,19.03754665870296,40.656670340000005,0.11362556411266327,0.16039630000000002,1,50,0.0,0.2103,0.0363,67.7,22.4,33.2,24.6,43072.3,0.0,658.5012287567474,0.2533333333333334,0.2103,0.7914138289508945,0.685361552600029,Andheri
72.8400_19.0400,72.8421406010417,19.042936550407678,38.78017736000001,0.25538444407463073,0.1619277,1,50,0.0,0.1784,0.0011,69.8,21.6,34.4,25.2,45191.3,0.0,1681.2601970236658,0.2799999999999999,0.1784,0.6430831110343909,0.5382522298706152,Andheri
72.8400_19.0450,72.8421406010417,19.047428126828276,38.76137825000001,0.33753708004951477,0.1226573,1,50,0.0,0.0996,0.0,67.2,22.9,33.6,23.7,38515.1,0.0,96.91153284549618,0.2366666666666667,0.0996,0.5414791015697827,0.3724533984484621,Andheri
72.8400_19.0500,72.8421406010417,19.052818018532992,41.036070559999985,0.5067089796066284,0.17489780000000002,0,10,0.0,0.0393,0.0,66.6,24.9,30.3,25.3,34459.5,0.0,354.54635291226225,0.17000000000000004,0.0393,0.43545274947286927,0.17418109978914773,Andheri
72.8400_19.0550,72.8421406010417,19.05730959495359,42.77071571000005,0.111763134598732,0.17418360000000002,1,50,0.0,0.1289,0.0,66.6,23.4,35.5,25.5,41106.1,0.0,2483.4084446345983,0.22000000000000008,0.1289,0.9162656833053907,0.6574640299469603,Andheri
72.8400_19.0600,72.8421406010417,19.062699486658307,42.256303700000046,0.14057613412857056,0.1525083,1,50,0.0,0.0774,0.0089,62.3,23.7,34.3,25.9,27829.0,0.0,238.3563061866493,0.21000000000000008,0.0774,0.8092582442778172,0.7439653097176384,Andheri
72.8400_19.0650,72.8421406010417,19.067191063078905,43.170624050000015,0.15607234835624695,0.1823382,1,50,0.0,0.0807,0.0,63.5,22.7,34.2,24.4,22942.6,0.0,629.2969417013386,0.2433333333333334,0.0807,0.8043423366611668,0.6617930508726381,Andheri
72.8400_19.0700,72.8421406010417,19.07258095478362,42.216996470000026,0.08392253518104553,0.16031349999999997,1,50,0.0,0.1349,0.0,74.6,21.4,32.5,23.9,26291.4,0.0,2999.9357730551137,0.28666666666666674,0.1349,0.9367632630341649,0.7570671449699846,Andheri
72.8400_19.0750,72.8421406010417,19.07707253120422,37.67786591000001,0.2760802184867859,0.1613086,1,50,0.0,0.1676,0.0131,63.6,24.7,33.1,25.6,22533.5,0.0,252.49539952754813,0.17666666666666664,0.1676,0.6592524359215941,0.5585958176376861,Andheri
72.8400_19.0800,72.8421406010417,19.082462422908936,39.69449771000001,0.2179990892457962,0.1524163,1,50,0.0,0.2259,0.0046,64.2,25.4,33.7,25.7,42301.2,0.0,129.54129575855944,0.15333333333333343,0.2259,0.8394325935901835,0.6731740077542097,Andheri
72.8400_19.0850,72.8421406010417,19.087852314613652,42.22212350000001,0.18073965849876403,0.15511850000000002,1,50,0.0,0.1299,0.023,67.9,24.3,34.1,23.7,46950.0,0.0,994.0375253060123,0.18999999999999995,0.1299,0.8792295118761086,0.694193610602835,Andheri
72.8400_19.0900,72.8421406010417,19.09234389103425,39.81071039,0.11991138011217117,0.1763936,1,10,0.0,0.1654,0.0,63.2,20.5,30.9,24.4,48140.0,0.0,540.2060638916838,0.31666666666666665,0.1654,0.8206149729538047,0.5898098305951239,Andheri
72.8400_19.0950,72.8421406010417,19.097733782738967,37.59925145,0.1779391804265976,0.18912860000000004,1,50,0.0,0.2134,0.0456,64.1,22.4,33.9,24.3,43740.4,0.0,1243.1354899219075,0.2533333333333334,0.2134,0.7501255263724418,0.5678015907490603,Andheri
72.8400_19.1000,72.8421406010417,19.102225359159565,38.32728971000003,0.22906675934791565,0.15424690000000002,1,50,0.0,0.2088,0.0,69.1,22.4,33.1,24.5,45558.7,0.0,2442.9684872596927,0.2533333333333334,0.2088,0.7595210729716,0.5539079781245505,Andheri
72.8400_19.1050,72.8421406010417,19.10761525086428,36.39952643000004,0.33784744567871094,0.14633159999999998,1,10,0.0,0.1748,0.0065,67.1,23.6,35.3,24.4,25448.3,0.0,221.26899470207846,0.21333333333333326,0.1748,0.6028268271953462,0.4383182508968171,Andheri
72.8400_19.1100,72.8421406010417,19.11210682728488,36.35167415000001,0.2088703316783905,0.182445,1,50,0.0,0.1863,0.0247,65.1,21.2,33.1,23.7,23474.7,0.0,1303.7496623045445,0.29333333333333333,0.1863,0.6859784074682427,0.6129555833493393,Andheri
72.8400_19.1150,72.8421406010417,19.117496718989596,38.58022319000003,0.2223445177078247,0.15572300000000003,1,50,0.0,0.1876,0.0,66.2,21.0,33.3,25.4,21634.6,0.0,1056.3387655922895,0.30000000000000004,0.1876,0.7950005149683242,0.5816327977682472,Andheri
72.8400_19.1200,72.8421406010417,19.122886610694316,41.97773507000002,0.1272168865799904,0.1734571,1,50,0.0,0.137,0.0125,64.8,23.8,35.5,23.2,20178.7,0.0,233.36542021703625,0.20666666666666667,0.137,0.8853183527838636,0.7190070580375728,Andheri
72.8400_19.1250,72.8421406010417,19.127378187114914,41.417179790000006,0.19635440448760985,0.1590016,1,50,0.0,0.1621,0.0143,69.2,25.7,34.4,24.4,23855.8,0.0,1467.243161627855,0.1433333333333333,0.1621,0.7680106957005681,0.5793735238684121,Andheri
72.8400_19.1300,72.8421406010417,19.13276807881963,38.306781590000014,0.40061117526054385,0.1515724,0,50,0.0,0.1217,0.0432,65.9,24.9,33.8,23.3,41472.8,0.0,479.56514185686666,0.17000000000000004,0.1217,0.5037338670530473,0.2116966961995226,Andheri
72.8400_19.1350,72.8421406010417,19.13725965524023,39.024565790000025,0.17395393931865694,0.14912840000000002,1,50,0.0,0.1057,0.055,63.4,22.2,34.7,24.9,25451.3,0.0,1003.6606645424835,0.26,0.1057,0.7363312281204738,0.5977542991779066,Andheri
72.8450_18.8900,72.84753049274642,18.892917897959716,27.996324260000023,-0.1,0.10215665,0,80,0.0,0.0,0.0,63.2,24.4,34.3,24.7,0.0,0.0,128.78187286516203,0.18666666666666676,0.0,1.0,0.8025262839896641,Worli
72.8450_18.8950,72.84753049274642,18.897409474380314,28.074938720000006,-0.1,0.10177839999999999,0,80,0.0,0.0,0.0,67.2,23.0,30.1,25.1,0.0,0.0,923.1242572589874,0.23333333333333328,0.0,1.0,0.8,Worli
72.8450_18.9000,72.84753049274642,18.90279936608503,27.57590780000004,-0.1,0.1026418,0,80,0.0,0.0,0.0,68.3,20.2,33.8,23.6,0.0,0.0,548.9270444320706,0.32666666666666666,0.0,1.0,0.8,Worli
72.8450_18.9050,72.84753049274642,18.90729094250563,28.338126259999996,-0.1,0.1048959,0,80,0.0,0.0,0.0,62.6,19.4,32.2,25.3,0.0,0.0,2592.1734917167228,0.3533333333333334,0.0,1.0,0.8,Worli
72.8450_18.9100,72.84753049274642,18.912680834210345,28.05613961000003,-0.1,0.1131873,0,80,0.0,0.0,0.0,60.8,24.3,34.3,24.4,0.0,0.0,87.99965661842548,0.18999999999999995,0.0,1.0,0.8133253934408705,Worli
72.8450_18.9150,72.84753049274642,18.917172410630943,28.509027259999982,-0.1,0.0986139,0,80,0.0,0.029,0.0,64.9,23.6,33.0,25.0,0.0,0.0,813.4932055426083,0.21333333333333326,0.029,1.0,0.8115595704727911,Worli
72.8450_18.9200,72.84753049274642,18.92256230233566,28.55175251000003,-0.1,0.1044281,0,80,0.0,0.0,0.0,61.0,27.6,34.2,24.6,0.0,0.0,919.9283699842553,0.07999999999999996,0.0,1.0,0.8115472705021333,Worli
72.8450_18.9250,72.84753049274642,18.927053878756258,28.609858850000023,-0.1,0.1006467,0,80,0.0,0.0,0.0,67.6,24.5,34.3,25.7,0.0,0.0,1936.5094157892552,0.18333333333333335,0.0,1.0,0.8,Worli
72.8450_18.9300,72.84753049274642,18.932443770460978,28.87133738,-0.1,0.11282030000000001,0,80,0.0,0.0,0.0,69.4,24.2,31.2,24.7,0.0,0.0,1280.986829347241,0.19333333333333336,0.0,1.0,0.8281386949178351,Worli
72.8450_18.9350,72.84753049274642,18.937833662165694,29.042238380000015,-0.1,0.12070370000000001,0,80,0.0,0.0,0.0,62.9,24.1,34.6,26.5,0.0,0.0,1650.3759624273043,0.19666666666666666,0.0,1.0,0.8,Worli
72.8450_18.9400,72.84753049274642,18.942325238586292,29.52417920000005,-0.1,0.13055285,0,80,0.0,0.0004,0.0,66.1,24.1,34.8,24.8,0.0,0.0,2251.206815760043,0.19666666666666666,0.0004,1.0,0.8191053847441442,Worli
72.8450_18.9450,72.84753049274642,18.94771513029101,33.65656538000002,-0.0640580952167511,0.11109985,0,80,0.0,0.0659,0.0,64.3,26.3,28.6,24.4,0.0,0.0,2972.9602502367525,0.1233333333333333,0.0659,1.0,0.7761268687592154,Worli
72.8450_18.9500,72.84753049274642,18.952206706711607,30.286397660000034,-0.1,0.0982829,0,80,0.0,0.0091,0.0,70.3,22.8,32.9,25.2,0.0,0.0,565.0442640984961,0.24,0.0091,1.0,0.8,Worli
72.8450_18.9550,72.84753049274642,18.957596598416323,38.72719805000003,0.01768292672932148,0.1494295,1,50,0.0,0.0126,0.0,62.8,25.1,35.0,25.4,0.0,0.0,1158.3593023761102,0.16333333333333333,0.0126,0.9644891133568355,0.8396575141166464,Worli
72.8450_18.9600,72.84753049274642,18.96208817483692,46.388689880000015,0.0509977824985981,0.15406399999999998,1,50,0.0,0.1331,0.0,60.9,24.3,32.6,24.9,24045.2,0.0,2749.885773359454,0.18999999999999995,0.1331,0.9558913898808349,0.8557219853785625,Worli
72.8450_18.9650,72.84753049274642,18.967478066541638,42.143509040000026,0.08825214952230453,0.1658488,1,50,0.0,0.2003,0.0,61.2,23.8,31.7,24.9,46262.4,0.0,6827.60493792859,0.20666666666666667,0.2003,0.8458174631384726,0.7067376638178485,Worli
72.8450_18.9700,72.84753049274642,18.972867958246354,44.21653817000001,0.16858728229999542,0.12393870000000001,1,50,0.0,0.1449,0.0,68.7,24.5,33.8,25.6,50356.4,0.0,3304.3718008106707,0.18333333333333335,0.1449,0.7949454682942041,0.6433343902989309,Worli
72.8450_18.9750,72.84753049274642,18.977359534666952,42.246049640000024,0.33184656500816345,0.1142459,0,10,0.0,0.1063,0.0,63.1,24.8,33.6,23.3,51129.5,0.0,696.550746301168,0.17333333333333334,0.1063,0.6794268851838103,0.3971255274924138,Worli
72.8450_18.9800,72.84753049274642,18.98274942637167,45.22143605000002,0.11415929347276688,0.11592469999999999,1,50,0.0,0.2934,0.0,69.6,25.1,35.4,25.1,51637.4,0.0,325.6798149727695,0.16333333333333333,0.2934,0.9317122050568858,0.7640462047904389,Worli
72.8450_18.9850,72.84753049274642,18.987241002792267,41.87861249000002,0.23925825953483582,0.123105,1,50,0.0,0.2532,0.0,62.0,25.8,33.2,26.4,30421.1,0.0,1008.2312384099635,0.14,0.2532,0.7602720879307018,0.6688853027682127,Worli
72.8450_18.9900,72.84753049274642,18.992630894496983,38.67934577,0.23269602645874024,0.1530591,1,50,0.0,0.0981,0.0188,65.4,21.0,34.7,26.6,29364.8,0.0,2030.110405896105,0.30000000000000004,0.0981,0.7228676549445288,0.6102688561287486,Worli
72.8450_18.9950,72.84753049274642,18.99712247091758,37.38220718000002,0.21480151041030884,0.12751710000000002,1,50,0.0,0.1192,0.0336,64.3,23.4,32.4,24.0,26819.0,0.0,1017.5920160027081,0.22000000000000008,0.1192,0.8258901110661082,0.6063161482264934,Worli
72.8450_19.0000,72.84753049274642,19.002512362622298,36.643914860000024,0.2354035471534729,0.1358268,1,50,0.0,0.1239,0.0762,63.2,23.3,35.6,23.6,25265.5,0.0,990.0934470112359,0.22333333333333327,0.1239,0.6371094800325331,0.5902484078643893,Worli
72.8450_19.0050,72.84753049274642,19.007902254327014,40.18498358000002,0.1847031158399582,0.14537180000000002,1,50,0.0,0.2127,0.0159,68.0,23.6,32.4,24.2,26466.4,0.0,2732.3734629147975,0.21333333333333326,0.2127,0.7053436190846981,0.647453028474811,Worli
72.8450_19.0100,72.84753049274642,19.012393830747612,39.97819337000004,0.1974317878484726,0.1456571,1,10,0.0,0.1848,0.0,68.0,22.6,35.4,25.1,27142.1,0.0,672.7243746847422,0.2466666666666666,0.1848,0.7929527933349468,0.6446321805993692,Worli
72.8450_19.0150,72.84753049274642,19.017783722452332,39.18179471000002,0.1350988894701004,0.1337556,1,50,0.0,0.2606,0.0,66.9,22.3,33.0,22.4,28373.5,0.0,2946.9709834566634,0.2566666666666666,0.2606,0.8254798483425558,0.6132325524600055,Andheri
72.8450_19.0200,72.84753049274642,19.022275298872927,37.399297279999985,0.36630037974357604,0.15653240000000002,1,50,0.0,0.1364,0.0133,61.7,23.2,31.9,23.1,27865.8,0.0,783.347643092252,0.22666666666666668,0.1364,0.6210055828126322,0.38785009554394356,Andheri
72.8450_19.0250,72.84753049274642,19.027665190577647,42.34517222000005,0.2004630576992035,0.1631777,1,50,0.0,0.2392,0.0523,65.5,24.1,32.7,23.5,33982.5,0.0,596.7658231303172,0.19666666666666666,0.2392,0.7694940084223936,0.5466698970699734,Andheri
72.8450_19.0300,72.84753049274642,19.03215676699824,39.132233420000006,0.16738620255470277,0.1335808,1,50,0.0,0.1833,0.0041,68.7,24.0,31.7,22.5,34551.8,0.0,907.6767386275694,0.19999999999999996,0.1833,0.8223168421754908,0.6572364544483852,Andheri
72.8450_19.0350,72.84753049274642,19.03754665870296,39.57999404000003,0.17168429493904114,0.1318008,1,50,0.0,0.2023,0.0,61.3,25.3,31.0,24.7,26244.9,0.0,2156.0465228205085,0.15666666666666662,0.2023,0.7480553240112994,0.6369320559531069,Andheri
72.8450_19.0400,72.84753049274642,19.042936550407678,43.12106276,0.21903520822525024,0.1492672,1,50,0.0,0.1478,0.0,62.6,23.0,35.0,25.8,51030.3,0.0,202.0158353097196,0.23333333333333328,0.1478,0.7647089360787344,0.6296168478542814,Andheri
72.8450_19.0450,72.84753049274642,19.047428126828276,34.06330976000001,0.686087965965271,0.116625,0,95,0.0,0.0385,0.0,60.9,25.1,33.3,25.6,29569.4,0.0,328.0163378433362,0.16333333333333333,0.0385,0.3286452604451082,0.13184498559427837,Andheri
72.8450_19.0500,72.84753049274642,19.052818018532992,39.56119493,0.06810648085713386,0.1236806,1,50,0.0,0.0551,0.0208,65.5,25.4,29.6,23.3,32694.5,0.0,4537.581768657821,0.15333333333333343,0.0551,0.9620568693394277,0.7867582086996033,Andheri
72.8450_19.0550,72.84753049274642,19.05730959495359,38.39052308000001,0.23153407676696777,0.1478421,1,50,0.0,0.2571,0.0086,67.3,24.9,31.7,24.5,50069.0,0.0,289.4519733764568,0.17000000000000004,0.2571,0.8273710079654673,0.6312109685014032,Andheri
72.8450_19.0600,72.84753049274642,19.062699486658307,39.024565790000025,0.3646196801185608,0.1252713,0,50,0.0,0.1235,0.019,64.2,25.2,32.2,25.4,25204.1,0.0,1258.0480220600828,0.16000000000000003,0.1235,0.6157038520565585,0.30153741464501643,Andheri
72.8450_19.0650,72.84753049274642,19.067191063078905,40.096115060000045,0.2047991007566452,0.1739454,1,50,0.0,0.1101,0.0,65.7,22.5,34.7,23.8,26148.4,0.0,1298.8045141473435,0.25,0.1101,0.7567128335857137,0.6515452301654036,Andheri
72.8450_19.0700,72.84753049274642,19.07258095478362,41.90253863000001,0.16768915951251984,0.1363741,0,50,0.0,0.0471,0.0,65.3,21.4,33.4,25.8,43250.6,0.0,1008.9127129717981,0.28666666666666674,0.0471,0.7152399872787878,0.5111205007702451,Andheri
72.8450_19.0750,72.84753049274642,19.07707253120422,41.81367011000003,0.17919544875621796,0.14605390000000001,1,50,0.0,0.0667,0.0,66.3,21.1,34.2,26.9,45659.8,0.0,1552.3802058339627,0.29666666666666663,0.0667,0.7504178111868608,0.6543347612610728,Andheri
72.8450_19.0800,72.84753049274642,19.082462422908936,39.9833204,0.28175173951148985,0.15172809999999998,1,50,0.0,0.1099,0.0042,68.2,24.6,33.9,25.5,50930.9,0.0,391.70963702777686,0.17999999999999994,0.1099,0.6643357267881795,0.48271663481384275,Andheri
72.8450_19.0850,72.84753049274642,19.087852314613652,45.58545518,0.1440393030643463,0.1832722,0,40,0.0,0.0091,0.0,67.0,19.6,28.9,25.9,39260.7,0.0,1206.662124874423,0.34666666666666657,0.0091,0.8534950145494714,0.48040828795223484,Andheri
72.8450_19.0900,72.84753049274642,19.09234389103425,40.18840160000002,0.1096690446138382,0.13802489999999998,1,50,0.0,0.1367,0.0,67.2,24.7,32.7,24.1,43113.7,0.0,698.2365520921226,0.17666666666666664,0.1367,0.8183734291816803,0.6894984288383724,Andheri
72.8450_19.0950,72.84753049274642,19.097733782738967,36.233752460000005,0.24589146673679352,0.1599667,1,50,0.0,0.2518,0.0,65.3,22.6,35.4,23.9,25119.4,0.0,1625.5881431617247,0.2466666666666666,0.2518,0.745935524250648,0.5839984394358432,Andheri
72.8450_19.1000,72.84753049274642,19.102225359159565,36.51232109000003,0.1782073825597763,0.1797608,1,50,0.0,0.2557,0.0,69.2,25.2,34.3,23.3,28104.4,0.0,228.36994143156858,0.16000000000000003,0.2557,0.7677832915920547,0.6457879876856183,Andheri
72.8450_19.1050,72.84753049274642,19.10761525086428,36.79259873000004,0.42699047923088074,0.1367682,1,10,0.0,0.176,0.0,67.6,24.7,33.8,23.2,24090.7,0.0,1269.0189888563443,0.17666666666666664,0.176,0.5231206550133812,0.35916436242590394,Andheri
72.8450_19.1100,72.84753049274642,19.11210682728488,37.87269305000001,0.23973941802978516,0.1502879,1,50,0.0,0.1382,0.0,66.1,23.2,34.2,24.0,21852.5,0.0,307.34841775604855,0.22666666666666668,0.1382,0.7276189104268777,0.5160461487577312,Andheri
72.8450_19.1150,72.84753049274642,19.117496718989596,37.65223076000001,0.2998204529285431,0.14084560000000002,1,50,0.0,0.1148,0.0,63.8,24.7,35.2,23.5,20880.8,0.0,489.93180915771194,0.17666666666666664,0.1148,0.6383680484588148,0.5259124289897834,Andheri
72.8450_19.1200,72.84753049274642,19.122886610694316,40.85320649000005,0.13338245451450348,0.1457693,1,50,0.0,0.1375,0.0,67.1,24.3,34.0,24.1,21003.6,0.0,370.2129355042583,0.18999999999999995,0.1375,0.8014348930808632,0.7043725696326483,Andheri
72.8450_19.1250,72.84753049274642,19.127378187114914,41.015562440000025,0.12989556789398193,0.13377219999999998,1,50,0.0,0.1148,0.0,67.6,22.9,32.7,23.1,39179.4,0.0,302.87647196942606,0.2366666666666667,0.1148,0.7447334768165124,0.6755350791654842,Andheri
72.8450_19.1300,72.84753049274642,19.13276807881963,37.983778700000016,0.3102918565273285,0.1432247,0,50,0.0,0.1245,0.0,69.0,24.8,32.2,24.5,40749.3,0.0,2620.5602401552737,0.17333333333333334,0.1245,0.634343023106277,0.32940936274006816,Andheri
72.8450_19.1350,72.84753049274642,19.13725965524023,39.32876957000002,0.22355695364952088,0.16163280000000002,1,50,0.0,0.0969,0.0091,69.3,25.5,33.3,25.2,43261.2,0.0,504.6942470860331,0.15000000000000002,0.0969,0.7066847990430428,0.5454800762938021,Andheri
72.8500_18.8900,72.85292038445114,18.892917897959716,28.302237050000002,-0.1,0.1022957,0,80,0.0,0.0,0.0,65.7,24.2,33.0,25.7,0.0,0.0,3928.489378560806,0.19333333333333336,0.0,1.0,0.8,Colaba
72.8500_18.8950,72.85292038445114,18.897409474380314,27.948471979999994,-0.1,0.12179915000000001,0,80,0.0,0.0,0.0,64.5,25.5,34.2,25.6,0.0,0.0,5256.167604678273,0.15000000000000002,0.0,1.0,0.8019562658618662,Colaba
72.8500_18.9000,72.85292038445114,18.90279936608503,27.854476430000034,-0.1,0.11035915,0,80,0.0,0.0,0.0,68.2,24.6,34.6,24.5,0.0,0.0,1270.3585507177706,0.17999999999999994,0.0,1.0,0.8220786709340382,Colaba
72.8500_18.9050,72.85292038445114,18.90729094250563,27.758771870000004,-0.1,0.10603695,0,80,0.0,0.0,0.0,62.8,21.6,34.3,22.3,0.0,0.0,231.47800557034293,0.2799999999999999,0.0,1.0,0.8,Colaba
72.8500_18.9100,72.85292038445114,18.912680834210345,28.473138050000045,-0.1,0.10367305,0,80,0.0,0.0,0.0,71.9,22.8,35.0,25.1,0.0,0.0,703.9216196322473,0.24,0.0,1.0,0.8,Colaba
72.8500_18.9150,72.85292038445114,18.917172410630943,28.43895785000001,-0.1,0.08816840000000001,0,80,0.0,0.0,0.0,60.5,25.3,30.9,24.5,0.0,0.0,2397.244545325931,0.15666666666666662,0.0,1.0,0.8,Colaba
72.8500_18.9200,72.85292038445114,18.92256230233566,28.541498450000006,-0.1,0.08712924999999999,0,80,0.0,0.0,0.0,63.0,26.3,31.7,24.6,0.0,0.0,686.8534685230026,0.1233333333333333,0.0,1.0,0.8,Colaba
72.8500_18.9250,72.85292038445114,18.927053878756258,28.48339211000001,-0.1,0.0998226,0,80,0.0,0.0,0.0,60.9,21.5,31.5,24.3,0.0,0.0,136.55738640630233,0.2833333333333333,0.0,1.0,0.8058994291141764,Colaba
72.8500_18.9300,72.85292038445114,18.932443770460978,28.570551620000032,-0.1,0.10834099999999999,0,80,0.0,0.0,0.0,68.0,24.2,34.8,25.3,0.0,0.0,1220.5501475834367,0.19333333333333336,0.0,1.0,0.8,Colaba
72.8500_18.9350,72.85292038445114,18.937833662165694,28.109118920000014,-0.1,0.1193424,0,80,0.0,0.0,0.0,66.4,21.8,33.2,24.9,0.0,0.0,2797.6652298721997,0.2733333333333333,0.0,1.0,0.8214840246101124,Colaba
72.8500_18.9400,72.85292038445114,18.942325238586292,31.595499320000044,-0.015680775046348572,0.1619924,0,80,0.0,0.0,0.0,70.6,21.4,33.8,24.2,0.0,0.0,2383.911754337835,0.28666666666666674,0.0,1.0,0.7250697542706246,Colaba
72.8500_18.9450,72.85292038445114,18.94771513029101,30.134295769999994,-0.1,0.11645225000000001,0,80,0.0,0.0023,0.0,63.9,25.5,35.3,25.5,0.0,0.0,288.7817468280255,0.15000000000000002,0.0023,1.0,0.8144380697087629,Colaba
72.8500_18.9500,72.85292038445114,18.952206706711607,29.12597987000001,-0.1,0.12212775000000001,0,80,0.0,0.0,0.0,61.2,22.9,32.3,24.2,0.0,0.0,1675.6133001597125,0.2366666666666667,0.0,1.0,0.8,Colaba
72.8500_18.9550,72.85292038445114,18.957596598416323,28.74657965000003,-0.1,0.1239924,0,80,0.0,0.0041,0.0,63.6,22.0,33.8,24.2,0.0,0.0,373.66208992268673,0.2666666666666667,0.0041,1.0,0.8133768026109244,Colaba
72.8500_18.9600,72.85292038445114,18.96208817483692,29.69678921000002,-0.1,0.08549090000000001,0,80,0.0,0.0,0.0,65.6,23.8,34.3,23.6,0.0,0.0,369.2489446676165,0.20666666666666667,0.0,1.0,0.81343889215629,Colaba
72.8500_18.9650,72.85292038445114,18.967478066541638,31.833051710000007,-0.1,0.08012140000000001,0,80,0.0,0.0337,0.0,69.2,23.5,31.9,24.8,0.0,0.0,3108.0647456060365,0.21666666666666667,0.0337,1.0,0.807684041440118,Colaba
72.8500_18.9700,72.85292038445114,18.972867958246354,40.90960382000003,0.17125914990901947,0.12255460000000001,1,50,0.0,0.0003,0.0,68.3,25.2,34.7,23.1,0.0,0.0,430.86116023819807,0.16000000000000003,0.0003,0.8389229435262202,0.649355297682047,Colaba
72.8500_18.9750,72.85292038445114,18.977359534666952,38.71523498000002,0.277897447347641,0.1282781,1,50,0.0,0.018,0.0,68.8,24.4,33.5,25.1,42941.1,0.0,458.25458364973576,0.18666666666666676,0.018,0.6804252310107917,0.5504283301431029,Fort
72.8500_18.9800,72.85292038445114,18.98274942637167,43.99436687000002,0.2032388597726822,0.13115670000000001,1,10,0.0,0.1994,0.0,61.9,23.1,31.6,23.4,49649.6,0.0,0.9804064711055537,0.22999999999999998,0.1994,0.694712997605892,0.5549243471005403,Fort
72.8500_18.9850,72.85292038445114,18.987241002792267,45.10009634000002,0.28770706057548523,0.1112259,1,10,0.0,0.1694,0.0,63.3,23.4,34.7,23.1,57295.4,0.0,3068.0707999330834,0.22000000000000008,0.1694,0.6289783506122352,0.5189896416851962,Fort
72.8500_18.9900,72.85292038445114,18.992630894496983,44.98559267000002,0.1769486516714096,0.14248570000000002,1,50,0.0,0.0812,0.0,68.5,22.5,32.9,24.4,56552.2,0.0,2359.621462296875,0.25,0.0812,0.793937314044561,0.6359127282957884,Fort
72.8500_18.9950,72.85292038445114,18.99712247091758,40.77971905999999,0.19741320610046387,0.14166700000000002,1,50,0.0,0.109,0.0,67.4,25.2,35.5,25.5,56951.3,0.0,1480.5886678838804,0.16000000000000003,0.109,0.7771979728707533,0.6852565604167683,Fort
72.8500_19.0000,72.85292038445114,19.002512362622298,37.88636513,0.25005633130073546,0.1391377,0,10,0.0,0.0648,0.0005,63.4,26.5,33.7,25.1,48629.4,0.0,2081.0369734796964,0.1166666666666667,0.0648,0.6534183900275452,0.47370187476600845,Fort
72.8500_19.0050,72.85292038445114,19.007902254327014,41.08734086000001,0.2717415824604034,0.15330860000000002,1,50,0.0,0.0769,0.0669,68.5,22.5,36.2,24.5,28493.7,0.0,247.39787660494474,0.25,0.0769,0.7045643180840601,0.5064787873292581,Fort
72.8500_19.0100,72.85292038445114,19.012393830747612,39.51334265,0.1721025317001343,0.1789645,1,50,0.0,0.1944,0.0276,63.4,22.6,33.4,25.6,23555.6,0.0,919.6297407376433,0.2466666666666666,0.1944,0.8140493361484549,0.6496533624867276,Fort
72.8500_19.0150,72.85292038445114,19.017783722452332,36.89855735000003,0.38285295850753787,0.1397206,1,50,0.0,0.2395,0.0369,69.3,24.2,33.3,25.8,26787.2,0.0,648.990987726514,0.19333333333333336,0.2395,0.5287395286171049,0.43259244847948025,Fort
72.8500_19.0200,72.85292038445114,19.022275298872927,38.14613465000002,0.3112315041255951,0.1574011,1,50,0.0,0.2662,0.0514,65.4,22.1,35.1,26.1,27940.8,0.0,147.70401539131137,0.2633333333333333,0.2662,0.7122180259646256,0.5250145809499942,Fort
72.8500_19.0250,72.85292038445114,19.027665190577647,37.07458538,0.2630058524799347,0.11565440000000002,1,50,0.0,0.3099,0.0109,66.2,26.3,31.8,25.7,27077.8,0.0,998.6788620619517,0.1233333333333333,0.3099,0.6866912700920741,0.5216260214930816,Fort
72.8500_19.0300,72.85292038445114,19.03215676699824,38.441793380000036,0.31720995903015137,0.1319651,1,50,0.0,0.2253,0.0,65.0,20.6,31.7,25.0,29485.9,0.0,3802.5259195588906,0.31333333333333324,0.2253,0.7060811665986813,0.47137237005412336,Fort
72.8500_19.0350,72.85292038445114,19.03754665870296,42.23237756000003,0.20380981852531432,0.1469779,1,50,0.0,0.2152,0.0009,71.2,23.5,33.3,23.8,25032.0,0.0,61.325368141498465,0.21666666666666667,0.2152,0.7256941891858906,0.600223461459346,Fort
72.8500_19.0400,72.85292038445114,19.042936550407678,43.857646070000044,0.15924689309120177,0.1508378,1,50,0.0,0.0937,0.0414,67.6,20.2,33.7,23.2,48332.5,0.0,516.8250801057884,0.32666666666666666,0.0937,0.7565904927645893,0.5694912518146472,Fort
72.8500_19.0450,72.85292038445114,19.047428126828276,39.050200940000025,0.1068017191505432,0.151337,1,50,0.0,0.1136,0.0207,63.4,23.3,33.0,22.7,35341.4,0.0,348.9216436246196,0.22333333333333327,0.1136,0.8311003313573708,0.6116866030992258,Fort
72.8500_19.0500,72.85292038445114,19.052818018532992,33.883863710000014,0.35518949488639834,0.08155180000000002,0,95,0.0,0.0784,0.0393,65.1,24.1,37.5,25.5,35277.8,0.0,408.0018010454159,0.19666666666666666,0.0784,0.6273775589597357,0.2616474741715966,Fort
72.8500_19.0550,72.85292038445114,19.05730959495359,38.2572203,0.17996823511123658,0.1407493,0,50,0.0,0.1438,0.0695,65.5,25.8,32.5,24.5,39352.0,0.0,3586.0519235769875,0.14,0.1438,0.7792329795501893,0.47951797466056084,Bandra
72.8500_19.0600,72.85292038445114,19.062699486658307,39.07412708000001,0.17772472117424012,0.1474473,1,10,0.0,0.1373,0.0166,60.9,25.6,33.5,24.4,43740.1,0.0,946.8623988865068,0.1466666666666666,0.1373,0.7722210177471043,0.5954918021118494,Bandra
72.8500_19.0650,72.85292038445114,19.067191063078905,41.59662584000003,0.14651153853416443,0.1601411,1,10,0.0,0.0754,0.0026,67.9,24.1,34.3,23.5,43974.3,0.0,941.8804434918608,0.19666666666666666,0.0754,0.822924388949645,0.6623831231366553,Bandra
72.8500_19.0700,72.85292038445114,19.07258095478362,40.80193619000002,0.26975648783683776,0.1664688,0,40,0.0,0.0386,0.0908,71.1,25.2,33.9,24.6,41974.7,0.0,2144.2766203557976,0.16000000000000003,0.0386,0.6989839036733423,0.5227047457868279,Bandra
72.8500_19.0750,72.85292038445114,19.07707253120422,39.075836090000024,0.31553056836128235,0.14060760000000003,0,50,0.0,0.1727,0.0,64.8,21.8,30.5,25.2,45188.3,0.0,251.7268351684477,0.2733333333333333,0.1727,0.6389815319411173,0.2832339964578694,Bandra
72.8500_19.0800,72.85292038445114,19.082462422908936,38.764796270000005,0.25428835015296936,0.1529228,1,50,0.0,0.1654,0.0035,67.1,22.9,35.8,23.3,44029.8,0.0,1001.9952406357187,0.2366666666666667,0.1654,0.6154234898869008,0.5575707912989726,Bandra
72.8500_19.0850,72.85292038445114,19.087852314613652,46.18531769000003,0.1800842136144638,0.16657660000000002,0,40,0.0,0.0001,0.0,66.1,20.7,32.0,23.4,39331.6,0.0,843.1394675272336,0.31000000000000005,0.0001,0.7895277071860598,0.48318415821383254,Bandra
72.8500_19.0900,72.85292038445114,19.09234389103425,43.978985780000016,0.048743683915138246,0.17107799999999998,1,50,0.0,0.1271,0.0016,66.2,23.0,31.9,24.2,42000.3,0.0,1362.89569506136,0.23333333333333328,0.1271,0.8959527512002783,0.7359855469848403,Bandra
72.8500_19.0950,72.85292038445114,19.097733782738967,38.337543770000025,0.23916900973320007,0.1403113,1,50,0.0,0.216,0.016,66.0,21.9,32.9,26.3,43214.7,0.0,11585.29428309369,0.27,0.216,0.8040522492909434,0.6177133066805635,Bandra
72.8500_19.1000,72.85292038445114,19.102225359159565,36.320911970000026,0.26026987661361695,0.19160119999999997,1,50,0.0,0.2557,0.0063,65.6,22.8,31.8,24.9,24449.3,0.0,2200.9240852091602,0.24,0.2557,0.6371615050236852,0.45793972865036653,Bandra
72.8500_19.1050,72.85292038445114,19.10761525086428,38.76821429000003,0.11187154799699783,0.1721849,1,50,0.0,0.2357,0.0,59.3,24.1,32.4,24.7,21221.5,0.0,760.912160796519,0.19666666666666666,0.2357,0.7460582155780264,0.6762248729076069,Bandra
72.8500_19.1100,72.85292038445114,19.11210682728488,37.13098271000001,0.27499136328697205,0.1510584,1,50,0.0,0.1455,0.0,62.9,22.3,34.2,23.2,21043.4,0.0,2636.4984588427615,0.2566666666666666,0.1455,0.71059454140953,0.5286099975526288,Bandra
72.8500_19.1150,72.85292038445114,19.117496718989596,38.04872108000001,0.28447777032852173,0.1585796,1,50,0.0,0.1259,0.0,65.3,24.4,31.7,24.2,22386.2,0.0,280.77508854175204,0.18666666666666676,0.1259,0.6852747005871284,0.5315110799652727,Bandra
72.8500_19.1200,72.85292038445114,19.122886610694316,39.64493642000002,0.26624739170074463,0.1512036,1,50,0.0,0.1766,0.0,70.4,24.5,32.1,25.5,21625.4,0.0,46.40602334810582,0.18333333333333335,0.1766,0.6379698772726982,0.5107544442797202,Bandra
72.8500_19.1250,72.85292038445114,19.127378187114914,42.647666990000005,0.13886411488056183,0.1628742,1,50,0.0,0.1596,0.0,63.5,23.4,33.0,24.3,41599.0,0.0,343.07930074641934,0.22000000000000008,0.1596,0.7357861773692336,0.7161550612807325,Bandra
72.8500_19.1300,72.85292038445114,19.13276807881963,36.52941119000002,0.45849159359931946,0.14999959999999998,1,10,0.0,0.0983,0.0,63.6,22.6,32.1,23.0,35338.9,0.0,624.2088124984625,0.2466666666666666,0.0983,0.5733783629348951,0.37907504100519684,Bandra
72.8500_19.1350,72.85292038445114,19.13725965524023,40.029463669999984,0.18125388026237488,0.1540166,1,50,0.0,0.1228,0.0,69.2,22.2,32.7,24.9,43256.7,0.0,1071.8037151658407,0.26,0.1228,0.8432466592679643,0.5920682461907647,Bandra
72.8550_18.8900,72.85741196087173,18.892917897959716,27.909164750000002,-0.1,0.1085198,0,80,0.0,0.0,0.0,71.4,23.1,33.6,25.2,0.0,0.0,1432.27114641107,0.22999999999999998,0.0,1.0,0.8,Colaba
72.8550_18.8950,72.85741196087173,18.897409474380314,27.608378990000034,-0.1,0.1115579,0,80,0.0,0.0,0.0,65.7,24.7,33.8,24.4,0.0,0.0,3622.047824687898,0.17666666666666664,0.0,1.0,0.8147836098940314,Colaba
72.8550_18.9000,72.85741196087173,18.90279936608503,27.92967287000002,-0.1,0.1073305,0,80,0.0,0.0,0.0,68.3,22.3,32.9,26.4,0.0,0.0,1069.5779888396066,0.2566666666666666,0.0,1.0,0.8101404054427072,Colaba
72.8550_18.9050,72.85741196087173,18.90729094250563,27.79978811000001,-0.1,0.10401770000000002,0,80,0.0,0.0,0.0,66.3,25.2,32.9,24.4,0.0,0.0,1043.552594843929,0.16000000000000003,0.0,1.0,0.8,Colaba
72.8550_18.9100,72.85741196087173,18.912680834210345,28.493646170000034,-0.1,0.10129785000000001,0,80,0.0,0.0,0.0,71.0,23.6,32.2,23.8,0.0,0.0,77.32369038535296,0.21333333333333326,0.0,1.0,0.8,Colaba
72.8550_18.9150,72.85741196087173,18.917172410630943,28.464593000000036,-0.1,0.09025715000000001,0,80,0.0,0.0,0.0,60.7,22.2,34.3,23.1,0.0,0.0,53.30328984707247,0.26,0.0,1.0,0.8,Colaba
72.8550_18.9200,72.85741196087173,18.92256230233566,28.502191220000014,-0.1,0.08919345000000001,0,80,0.0,0.0,0.0,59.7,25.3,35.1,24.1,0.0,0.0,1201.6330760047033,0.15666666666666662,0.0,1.0,0.8,Colaba
72.8550_18.9250,72.85741196087173,18.927053878756258,28.597895780000016,-0.1,0.09198315000000001,0,80,0.0,0.0,0.0,64.8,23.5,34.1,27.0,0.0,0.0,864.8569451563473,0.21666666666666667,0.0,1.0,0.8,Colaba
72.8550_18.9300,72.85741196087173,18.932443770460978,28.30223705000003,-0.1,0.09741305,0,80,0.0,0.0,0.0,66.9,24.3,32.6,26.5,0.0,0.0,2741.20801185722,0.18999999999999995,0.0,1.0,0.8,Colaba
72.8550_18.9350,72.85741196087173,18.937833662165694,28.230458629999987,-0.1,0.1045508,0,80,0.0,0.0,0.0,66.0,22.5,33.2,24.7,0.0,0.0,262.74411600683925,0.25,0.0,1.0,0.8130466067635337,Colaba
72.8550_18.9400,72.85741196087173,18.942325238586292,28.847411240000014,-0.1,0.11631839999999999,0,80,0.0,0.0,0.0,66.7,23.6,33.6,23.8,0.0,0.0,37.933115866980586,0.21333333333333326,0.0,1.0,0.8285461072857844,Colaba
72.8550_18.9450,72.85741196087173,18.94771513029101,28.838866190000033,-0.1,0.1045819,0,80,0.0,0.0,0.0,65.3,22.7,35.6,23.9,0.0,0.0,894.1362472865666,0.2433333333333334,0.0,1.0,0.7751483239697519,Colaba
72.8550_18.9500,72.85741196087173,18.952206706711607,28.95849689000002,-0.1,0.11364115,0,80,0.0,0.0,0.0,63.1,21.0,33.7,25.1,0.0,0.0,406.68697290580985,0.30000000000000004,0.0,1.0,0.815129767086322,Colaba
72.8550_18.9550,72.85741196087173,18.957596598416323,28.563715580000036,-0.1,0.11660780000000001,0,80,0.0,0.0,0.0,67.2,24.8,32.3,24.1,0.0,0.0,76.33118092604816,0.17333333333333334,0.0,1.0,0.8,Colaba
72.8550_18.9600,72.85741196087173,18.96208817483692,29.375495330000007,-0.1,0.10655309999999998,0,80,0.0,0.0,0.0,69.4,26.0,33.9,23.8,0.0,0.0,1934.2867081651284,0.1333333333333333,0.0,1.0,0.8100043719630287,Colaba
72.8550_18.9650,72.85741196087173,18.967478066541638,29.231938490000033,-0.1,0.083042,0,80,0.0,0.0,0.0,67.7,25.0,33.4,25.4,0.0,0.0,177.48796141672543,0.16666666666666663,0.0,1.0,0.8,Colaba
72.8550_18.9700,72.85741196087173,18.972867958246354,29.855727140000027,-0.1,0.0703487,0,80,0.0,0.0,0.0,68.0,20.4,34.6,23.0,0.0,0.0,1405.9632338498996,0.32000000000000006,0.0,1.0,0.8061469123341595,Colaba
72.8550_18.9750,72.85741196087173,18.977359534666952,30.53933114,-0.1,0.08015760000000001,0,80,0.0,0.0302,0.0,63.6,24.9,33.4,24.2,0.0,0.0,494.9446758168735,0.17000000000000004,0.0302,1.0,0.8,Fort
72.8550_18.9800,72.85741196087173,18.98274942637167,45.175292780000035,0.07934620976448059,0.13932819999999999,1,50,0.0,0.0851,0.0,64.4,24.4,31.5,23.8,43732.9,0.0,285.8258744590087,0.18666666666666676,0.0851,0.9391821164082346,0.8249459298542993,Fort
72.8550_18.9850,72.85741196087173,18.987241002792267,43.42697555000001,0.27176380157470703,0.12469440000000001,0,10,0.0,0.0537,0.0,68.5,24.3,29.7,25.2,16604.0,0.0,716.4526676170017,0.18999999999999995,0.0537,0.7042805130760783,0.4647093455213197,Fort
72.8550_18.9900,72.85741196087173,18.992630894496983,33.86164658000001,0.5863422155380249,0.11852550000000002,0,80,0.0,0.0845,0.0,64.0,23.4,33.4,22.9,20418.8,0.0,2425.0395727737427,0.22000000000000008,0.0845,0.33309212306829195,0.1457889751785534,Fort
72.8550_18.9950,72.85741196087173,18.99712247091758,44.36522203999999,0.04368641600012779,0.1346797,1,50,0.0,0.0402,0.0,67.0,23.0,34.3,23.9,59415.2,0.0,746.6014773656331,0.23333333333333328,0.0402,0.8952372388262825,0.7456237236829419,Fort
72.8550_19.0000,72.85741196087173,19.002512362622298,41.20868057000001,0.178171306848526,0.1517136,1,10,0.0,0.0489,0.0,67.6,23.9,32.6,23.5,56982.8,0.0,2084.0665598879345,0.20333333333333337,0.0489,0.7906339503492434,0.5753776559801023,Fort
72.8550_19.0050,72.85741196087173,19.007902254327014,38.06239316000003,0.5072646737098694,0.130492,0,10,0.0,0.0799,0.0,66.5,22.3,34.5,23.1,62315.9,0.0,201.1309723366998,0.2566666666666666,0.0799,0.4441579848327562,0.17766319393310248,Fort
72.8550_19.0100,72.85741196087173,19.012393830747612,40.690850540000014,0.25952550768852234,0.1467526,1,50,0.0,0.0445,0.0,69.0,23.3,34.1,24.0,31435.8,0.0,2222.698209478295,0.22333333333333327,0.0445,0.7433965712232202,0.5314996813336361,Fort
72.8550_19.0150,72.85741196087173,19.017783722452332,38.48793665000002,0.2166263384771347,0.15173330000000002,1,50,0.0,0.1522,0.0329,66.0,21.5,32.5,22.5,32144.0,0.0,405.6147991081752,0.2833333333333333,0.1522,0.6712349675173985,0.6345892514478297,Fort
72.8550_19.0200,72.85741196087173,19.022275298872927,38.17176980000005,0.29711129994392393,0.146675,1,50,0.0,0.2251,0.024,64.4,22.5,33.6,25.3,27519.7,0.0,1696.9812261765844,0.25,0.2251,0.5913730236027641,0.44266275308208325,Fort
72.8550_19.0250,72.85741196087173,19.027665190577647,38.26234733000004,0.2036043696975708,0.15943439999999998,1,50,0.0,0.2059,0.0327,64.9,27.7,30.9,24.8,27063.6,0.0,1251.3113124753927,0.07666666666666666,0.2059,0.7674188658765508,0.6257083736262542,Fort
72.8550_19.0300,72.85741196087173,19.03215676699824,40.169602490000045,0.2642206142234802,0.1351243,0,10,0.0,0.1627,0.0001,66.4,23.6,34.1,24.6,25417.0,0.0,3970.673628942719,0.21333333333333326,0.1627,0.6706948750861746,0.37795864572663285,Fort
72.8550_19.0350,72.85741196087173,19.03754665870296,39.63468236000003,0.16772644227981567,0.1479259,1,50,0.0,0.1604,0.0173,65.0,26.5,33.6,24.7,21390.2,0.0,734.8749179498454,0.1166666666666667,0.1604,0.7617333569852973,0.6981598109004346,Fort
72.8550_19.0400,72.85741196087173,19.042936550407678,43.95505964000003,0.18870687769412994,0.1407816,1,50,0.0,0.1053,0.0012,66.0,23.1,34.5,26.2,55070.7,0.0,102.68357715342026,0.22999999999999998,0.1053,0.6810158063471502,0.7012762897394484,Fort
72.8550_19.0450,72.85741196087173,19.047428126828276,43.175751080000026,0.09860373888492584,0.14044140000000002,1,50,0.0,0.1352,0.0041,66.7,23.9,34.8,24.7,44431.9,0.0,29.011993459337273,0.20333333333333337,0.1352,0.8614711333549833,0.6844422448806838,Fort
72.8550_19.0500,72.85741196087173,19.052818018532992,37.35144500000001,0.40913167745590207,0.0980612,0,80,0.0,0.0142,0.1294,64.5,26.0,33.7,24.3,0.0,0.0,2630.469677817638,0.1333333333333333,0.0142,0.5976322071440596,0.2606014132039887,Fort
72.8550_19.0550,72.85741196087173,19.05730959495359,31.335729800000024,-0.025866813957691193,0.042815599999999995,0,80,0.0,0.0082,0.0,62.1,23.3,33.5,24.2,0.0,0.0,1115.826116210341,0.22333333333333327,0.0082,1.0,0.7824598862489159,Bandra
72.8550_19.0600,72.85741196087173,19.062699486658307,42.02900536999999,0.10041841119527817,0.1566254,1,50,0.0,0.0685,0.0,61.7,23.5,31.9,22.4,46551.8,0.0,2239.1102104277625,0.21666666666666667,0.0685,0.8560392754607704,0.7611137585758928,Bandra
72.8550_19.0650,72.85741196087173,19.067191063078905,43.60983962000003,0.17755775153636932,0.1848595,0,50,0.0,0.0946,0.0,64.7,23.0,31.8,23.3,47076.5,0.0,400.69331586604653,0.23333333333333328,0.0946,0.7603541945516058,0.5683585453150456,Bandra
72.8550_19.0700,72.85741196087173,19.07258095478362,38.01112286000003,0.4281066954135895,0.14487550000000002,0,10,0.0,0.104,0.0,64.4,21.5,32.7,24.5,38147.5,0.0,634.8718608997841,0.2833333333333333,0.104,0.5872806864259273,0.23578404565253794,Bandra
72.8550_19.0750,72.85741196087173,19.07707253120422,39.887615840000024,0.2115848809480667,0.1443031,1,50,0.0,0.1364,0.0,63.7,21.9,31.3,23.0,45961.7,0.0,45.84944695894082,0.27,0.1364,0.6795008238795058,0.5500203260924548,Bandra
72.8550_19.0800,72.85741196087173,19.082462422908936,37.52918204000002,0.5627336612892151,0.1333351,0,10,0.0,0.1517,0.0879,62.5,22.9,32.3,25.2,44019.6,0.0,4885.346543770396,0.2366666666666667,0.1517,0.45045526965316374,0.1801821078612655,Bandra
72.8550_19.0850,72.85741196087173,19.087852314613652,45.57007409000002,0.1898050304365158,0.1758072,0,50,0.0,0.0214,0.0124,68.9,25.6,34.4,27.3,38013.8,0.0,1653.33377671858,0.1466666666666666,0.0214,0.6776154513237167,0.4865262994035904,Bandra
72.8550_19.0900,72.85741196087173,19.09234389103425,46.96633526000005,0.0318133607506752,0.1690035,1,50,0.0,0.1718,0.0,56.6,21.4,33.0,23.4,42193.7,0.0,4059.192548102455,0.28666666666666674,0.1718,0.8755674952492843,0.8446126433610482,Bandra
72.8550_19.0950,72.85741196087173,19.097733782738967,47.01076952,0.08181203156709671,0.1297823,1,30,0.0,0.0553,0.0,71.8,23.4,31.9,23.3,43935.0,0.0,462.8405883018479,0.22000000000000008,0.0553,0.8186204218017376,0.7292159218985612,Bandra
72.8550_19.1000,72.85741196087173,19.102225359159565,40.74041183,0.16959246022224425,0.1424783,1,50,0.0,0.0759,0.0069,68.7,24.4,33.4,23.9,40660.4,0.0,1418.0526731428417,0.18666666666666676,0.0759,0.8288311765503517,0.6840539514435504,Bandra
72.8550_19.1050,72.85741196087173,19.10761525086428,37.90858226000003,0.4556650221347809,0.1338518,0,10,0.0,0.1087,0.0,68.6,22.5,34.9,23.2,21737.6,0.0,1702.136455021886,0.25,0.1087,0.5009089261854495,0.20411727518428388,Bandra
72.8550_19.1100,72.85741196087173,19.11210682728488,40.10295110000001,0.13881652057170868,0.1410525,1,50,0.0,0.1985,0.0,67.2,22.4,36.4,25.3,21475.1,0.0,573.0983631972473,0.2533333333333334,0.1985,0.8181925671986425,0.7452219649895595,Bandra
72.8550_19.1150,72.85741196087173,19.117496718989596,40.58830993999999,0.18190506100654602,0.1513843,1,50,0.0,0.1395,0.0,63.7,23.8,32.6,22.3,22293.9,0.0,2826.8905018622927,0.20666666666666667,0.1395,0.7173429996069814,0.6245285748209389,Bandra
72.8550_19.1200,72.85741196087173,19.122886610694316,44.36180402000002,0.1955903321504593,0.1403484,1,50,0.0,0.1103,0.0,69.5,26.7,32.3,23.1,22191.3,0.0,4410.771727772263,0.10999999999999999,0.1103,0.7473204730528963,0.619098611201502,Bandra
72.8550_19.1250,72.85741196087173,19.127378187114914,38.631493490000025,0.3251956444644928,0.1381584,1,50,0.0,0.121,0.0253,67.2,22.7,31.9,25.7,25371.8,0.0,3242.3461461560883,0.2433333333333334,0.121,0.6027735703700516,0.4635129732730412,Bandra
72.8550_19.1300,72.85741196087173,19.13276807881963,45.05224406000002,0.12026022943973541,0.1736484,1,50,0.0,0.0476,0.0024,69.5,25.6,34.9,24.4,45339.7,0.0,2015.237276077007,0.1466666666666666,0.0476,0.8475380013029754,0.7080791492351075,Bandra
72.8550_19.1350,72.85741196087173,19.13725965524023,41.53510148000001,0.18967551785469056,0.1465177,1,50,0.0,0.053,0.0002,64.7,23.7,33.2,24.5,40569.2,0.0,487.4834609949084,0.21000000000000008,0.053,0.7168746153787288,0.5517906657581095,Bandra
72.8600_18.8900,72.86280185257645,18.892917897959716,27.810042170000003,-0.1,0.10806625000000002,0,80,0.0,0.0,0.0,67.6,24.9,32.4,23.3,0.0,0.0,496.1266388530258,0.17000000000000004,0.0,1.0,0.8,Colaba
72.8600_18.8950,72.86280185257645,18.897409474380314,27.79124306,-0.1,0.1095793,0,80,0.0,0.0,0.0,65.3,24.8,35.6,24.4,0.0,0.0,4959.935227518646,0.17333333333333334,0.0,1.0,0.8095872190685884,Colaba
72.8600_18.9000,72.86280185257645,18.90279936608503,28.06297565,-0.1,0.10577889999999998,0,80,0.0,0.0,0.0,68.9,22.0,31.4,24.5,0.0,0.0,15.506620176117677,0.2666666666666667,0.0,1.0,0.8,Colaba
72.8600_18.9050,72.86280185257645,18.90729094250563,27.75364484000002,-0.1,0.104112,0,80,0.0,0.0,0.0,62.1,22.5,35.9,23.7,0.0,0.0,1888.4355276364622,0.25,0.0,1.0,0.8509801941743544,Colaba
72.8600_18.9100,72.86280185257645,18.912680834210345,27.825423260000036,-0.1,0.09302200000000001,0,80,0.0,0.0,0.0,65.2,22.4,34.8,24.7,0.0,0.0,1837.5197249511546,0.2533333333333334,0.0,1.0,0.8106205218978842,Colaba
72.8600_18.9150,72.86280185257645,18.917172410630943,27.880111580000033,-0.1,0.09593105,0,80,0.0,0.0,0.0,63.1,25.7,31.1,24.9,0.0,0.0,1462.0303974244925,0.1433333333333333,0.0,1.0,0.8029775360783539,Colaba
72.8600_18.9200,72.86280185257645,18.92256230233566,28.611567860000036,-0.1,0.08579015000000001,0,80,0.0,0.0,0.0,67.2,23.4,35.8,23.1,0.0,0.0,6924.171698126957,0.22000000000000008,0.0,1.0,0.823631354328383,Colaba
72.8600_18.9250,72.86280185257645,18.927053878756258,28.54320746000002,-0.1,0.0937781,0,80,0.0,0.0,0.0,64.0,23.2,33.0,24.7,0.0,0.0,560.6868265286818,0.22666666666666668,0.0,1.0,0.8468730810562526,Colaba
72.8600_18.9300,72.86280185257645,18.932443770460978,28.013414360000013,-0.1,0.10498745000000001,0,80,0.0,0.0,0.0,61.8,22.0,34.7,25.3,0.0,0.0,623.2092213810512,0.2666666666666667,0.0,1.0,0.8174149328917681,Colaba
72.8600_18.9350,72.86280185257645,18.937833662165694,28.404777650000028,-0.1,0.09446800000000001,0,80,0.0,0.0,0.0,62.6,24.5,32.7,24.9,0.0,0.0,123.34417506737074,0.18333333333333335,0.0,1.0,0.8189762619294324,Colaba
72.8600_18.9400,72.86280185257645,18.942325238586292,28.650875090000028,-0.1,0.10200604999999999,0,80,0.0,0.0,0.0,67.8,23.0,31.7,24.6,0.0,0.0,877.2415391399992,0.23333333333333328,0.0,1.0,0.8026138004892877,Colaba
72.8600_18.9450,72.86280185257645,18.94771513029101,28.874755400000026,-0.1,0.0912123,0,80,0.0,0.0,0.0,63.4,23.9,32.1,22.3,0.0,0.0,453.78453737867466,0.20333333333333337,0.0,1.0,0.8,Colaba
72.8600_18.9500,72.86280185257645,18.952206706711607,29.067873530000014,-0.1,0.10848580000000001,0,80,0.0,0.0,0.0,62.2,23.8,33.8,25.5,0.0,0.0,630.9900323590973,0.20666666666666667,0.0,1.0,0.8,Colaba
72.8600_18.9550,72.86280185257645,18.957596598416323,29.02343927000004,-0.1,0.1135366,0,80,0.0,0.0,0.0,72.8,24.4,31.5,23.3,0.0,0.0,2698.8269343802895,0.18666666666666676,0.0,1.0,0.8,Colaba
72.8600_18.9600,72.86280185257645,18.96208817483692,28.939697780000017,-0.1,0.1076491,0,80,0.0,0.0,0.0,63.8,23.1,35.0,25.1,0.0,0.0,4111.2749754764745,0.22999999999999998,0.0,1.0,0.8,Colaba
72.8600_18.9650,72.86280185257645,18.967478066541638,29.137942940000016,-0.1,0.11644929999999999,0,80,0.0,0.0,0.0,61.6,23.7,33.4,24.5,0.0,0.0,308.20056804676057,0.21000000000000008,0.0,1.0,0.8,Colaba
72.8600_18.9700,72.86280185257645,18.972867958246354,28.75512470000001,-0.1,0.1098321,0,80,0.0,0.0,0.0,63.6,21.9,33.8,25.0,0.0,0.0,699.0387624432541,0.27,0.0,1.0,0.8,Colaba
72.8600_18.9750,72.86280185257645,18.977359534666952,28.80297698000004,-0.1,0.08488710000000001,0,80,0.0,0.0,0.0,67.2,24.6,35.1,25.2,0.0,0.0,3959.8283131561125,0.17999999999999994,0.0,1.0,0.8,Fort
72.8600_18.9800,72.86280185257645,18.98274942637167,29.814710900000023,-0.1,0.0820293,0,80,0.0,0.0259,0.0,66.9,23.0,33.3,24.3,0.0,0.0,95.701726695257,0.23333333333333328,0.0259,1.0,0.8038183304828742,Fort
72.8600_18.9850,72.86280185257645,18.987241002792267,29.814710900000023,-0.1,0.1275812,0,80,0.0,0.0,0.0,62.9,23.7,33.1,25.5,0.0,0.0,145.36205493058202,0.21000000000000008,0.0,0.9761533961567359,0.7904613584626944,Fort
72.8600_18.9900,72.86280185257645,18.992630894496983,30.35817608000002,-0.1,0.0990704,0,80,0.0,0.0,0.0,63.9,23.3,31.4,24.3,0.0,0.0,266.5222881840972,0.22333333333333327,0.0,1.0,0.8029387059677338,Fort
72.8600_18.9950,72.86280185257645,18.99712247091758,32.88067483999998,-0.058702368289232254,0.0990778,0,80,0.0,0.0,0.0,62.4,24.5,31.9,24.8,0.0,0.0,1356.590799555557,0.18333333333333335,0.0,1.0,0.7259012826549435,Fort
72.8600_19.0000,72.86280185257645,19.002512362622298,34.847745350000025,0.33447685837745667,0.0893804,0,95,0.0,0.0239,0.0,68.6,22.0,32.3,23.8,0.0,0.0,244.61204528411827,0.2666666666666667,0.0239,0.7134876084466646,0.4046695510461856,Fort
72.8600_19.0050,72.86280185257645,19.007902254327014,38.76650528000005,0.13193248212337494,0.1382105,0,10,0.0,0.0429,0.0,57.4,23.3,33.4,24.8,57946.5,0.0,5166.613724630066,0.22333333333333327,0.0429,0.8905261157749108,0.5698619460173038,Fort
72.8600_19.0100,72.86280185257645,19.012393830747612,41.55902762000002,0.29598894715309143,0.1304984,1,50,0.0,0.0717,0.0,69.4,26.2,35.0,25.9,64868.7,0.0,887.821777629133,0.1266666666666667,0.0717,0.6148110556227678,0.49204427968193326,Fort
72.8600_19.0150,72.86280185257645,19.017783722452332,40.622490140000025,0.1751378855037689,0.13202830000000002,1,10,0.0,0.0936,0.0081,63.6,23.1,33.4,25.5,59214.9,0.0,1044.2815785239839,0.22999999999999998,0.0936,0.8393431177143885,0.6013008242399273,Fort
72.8600_19.0200,72.86280185257645,19.022275298872927,39.9833204,0.2746683955192566,0.14396080000000003,0,10,0.0,0.0838,0.0,68.4,23.2,33.4,24.4,31353.0,0.0,424.85518268557036,0.22666666666666668,0.0838,0.6495712369875594,0.33773690448875493,Fort
72.8600_19.0250,72.86280185257645,19.027665190577647,39.16983164000001,0.27111344202041626,0.1271668,0,10,0.0,0.1061,0.0211,66.3,24.2,34.3,26.7,28966.5,0.0,955.0375691581154,0.19333333333333336,0.1061,0.6037314886393866,0.36475431684200255,Fort
72.8600_19.0300,72.86280185257645,19.03215676699824,39.115143320000044,0.17730231757164,0.1268899,1,50,0.0,0.1225,0.029,68.6,24.0,33.9,23.7,26993.6,0.0,1626.6808370961533,0.19999999999999996,0.1225,0.7721008041272528,0.6697779873404841,Fort
72.8600_19.0350,72.86280185257645,19.03754665870296,39.65689949000003,0.15615880054473877,0.1366996,1,50,0.0,0.1916,0.0123,64.6,24.2,33.5,24.7,23762.9,0.0,2086.5210436012626,0.19333333333333336,0.1916,0.8264031945440751,0.6746005607541046,Fort
72.8600_19.0400,72.86280185257645,19.042936550407678,39.07070906000004,0.1964926888370514,0.16739900000000002,1,50,0.0,0.2317,0.0448,60.8,25.6,34.4,23.8,26408.3,0.0,2102.8314564499074,0.1466666666666666,0.2317,0.7435907787631317,0.5751585746664922,Fort
72.8600_19.0450,72.86280185257645,19.047428126828276,43.19967722000001,0.10773900151252747,0.141607,1,50,0.0,0.0693,0.0,60.9,23.6,33.3,23.8,46203.7,0.0,1293.737957157079,0.21333333333333326,0.0693,0.8344264814412174,0.8021821946245927,Fort
72.8600_19.0500,72.86280185257645,19.052818018532992,36.67980407000002,0.6652292090415954,0.126752,0,10,0.0,0.0571,0.377,65.2,21.4,31.1,25.1,24499.9,0.0,3520.7426756376103,0.28666666666666674,0.0571,0.4670234932048352,0.2066850415725429,Fort
72.8600_19.0550,72.86280185257645,19.05730959495359,38.39735912000003,0.44575040349960326,0.11510489999999998,0,50,0.0,0.038,0.017,68.8,24.3,34.1,26.1,19257.7,0.0,2550.750430701247,0.18999999999999995,0.038,0.5301428255149013,0.23953541791018954,Bandra
72.8600_19.0600,72.86280185257645,19.062699486658307,42.56392550000001,0.1960712969303131,0.13043100000000002,1,60,0.0,0.2435,0.0,71.0,25.0,31.8,24.3,40175.6,0.0,2122.3377871826215,0.16666666666666663,0.2435,0.7226344875054392,0.5927496001385765,Bandra
72.8600_19.0650,72.86280185257645,19.067191063078905,44.406238280000025,0.06481994688510895,0.16588960000000003,1,60,0.0,0.1559,0.0,66.7,22.5,33.3,25.3,46558.7,0.0,85.81698082231024,0.25,0.1559,0.9205146892982574,0.7657750614509515,Bandra
72.8600_19.0700,72.86280185257645,19.07258095478362,37.746226310000026,0.20966202980995177,0.1515906,1,50,0.0,0.1486,0.0119,66.1,24.8,34.9,22.7,47281.1,0.0,10.35258663224215,0.17333333333333334,0.1486,0.7583145685377605,0.5702519752147603,Bandra
72.8600_19.0750,72.86280185257645,19.07707253120422,38.20253198000003,0.2755725085735321,0.1421116,1,50,0.0,0.1345,0.0,63.1,24.5,35.5,23.5,47130.2,0.0,358.23744139548404,0.18333333333333335,0.1345,0.5557137713533657,0.48067819607241546,Bandra
72.8600_19.0800,72.86280185257645,19.082462422908936,41.37445453999999,0.30907963000297545,0.14965219999999999,0,50,0.0,0.1596,0.0462,67.8,21.7,36.2,23.5,40383.7,0.0,1633.8408719959968,0.2766666666666667,0.1596,0.6813023556855969,0.3660972668227064,Bandra
72.8600_19.0850,72.86280185257645,19.087852314613652,45.653815580000014,0.18018017709255219,0.1488973,0,50,0.0,0.1024,0.0,67.2,23.5,33.9,24.9,46449.8,0.0,794.4966701566589,0.21666666666666667,0.1024,0.7947420682932529,0.5033799537293098,Bandra
72.8600_19.0900,72.86280185257645,19.09234389103425,46.65016841000002,0.1576511412858963,0.1732569,0,50,0.0,0.0453,0.0,70.9,22.8,34.7,26.5,45147.9,0.0,772.2661789202242,0.24,0.0453,0.7913778451931467,0.463767966616347,Bandra
72.8600_19.0950,72.86280185257645,19.097733782738967,43.46286476,0.07411907613277435,0.155675,1,50,0.0,0.1775,0.0,65.3,24.0,34.1,24.7,36448.1,0.0,3238.855966752652,0.19999999999999996,0.1775,0.9237634529207044,0.8178277684075028,Bandra
72.8600_19.1000,72.86280185257645,19.102225359159565,39.32535155000002,0.33723196387290955,0.1251341,1,50,0.0,0.1221,0.0,70.5,24.7,34.4,23.0,45644.0,0.0,3388.754709046343,0.17666666666666664,0.1221,0.5916081269107654,0.43642420654776637,Bandra
72.8600_19.1050,72.86280185257645,19.10761525086428,36.614861690000055,0.21903238264560698,0.1373411,1,50,0.0,0.1562,0.0118,66.2,24.8,33.2,24.0,22637.3,0.0,3598.2354122366596,0.17333333333333334,0.1562,0.7601302767954381,0.5633054807200706,Bandra
72.8600_19.1100,72.86280185257645,19.11210682728488,36.65587793,0.27373647689819336,0.1747032,1,50,0.0,0.2248,0.0,60.9,21.2,32.6,24.8,22436.8,0.0,565.0499040313241,0.29333333333333333,0.2248,0.595504594543439,0.5416891406508854,Bandra
72.8600_19.1150,72.86280185257645,19.117496718989596,41.01385342999998,0.1963685303926468,0.1444916,1,50,0.0,0.2331,0.0,63.1,25.1,33.9,23.6,21977.1,0.0,1761.891963225723,0.16333333333333333,0.2331,0.7806385087772948,0.5698767607959545,Bandra
72.8600_19.1200,72.86280185257645,19.122886610694316,41.64276911000002,0.1637723743915558,0.17680769999999998,1,50,0.0,0.1505,0.0,65.6,26.4,30.7,25.4,24785.9,0.0,475.42572871558923,0.12,0.1505,0.880838300385439,0.5990120136675945,Bandra
72.8600_19.1250,72.86280185257645,19.127378187114914,37.58387036000005,0.2048768848180771,0.16879480000000002,1,50,0.0,0.2141,0.0,69.3,25.0,35.1,23.5,22251.9,0.0,317.2112928168204,0.16666666666666663,0.2141,0.6947418575585459,0.5461220162006993,Bandra
72.8600_19.1300,72.86280185257645,19.13276807881963,43.12448078000003,0.19382843678474426,0.1500214,1,50,0.0,0.0777,0.0531,69.3,24.7,31.9,22.7,42978.9,0.0,306.17444222839674,0.17666666666666664,0.0777,0.739105036615867,0.5777297208029615,Bandra
72.8600_19.1350,72.86280185257645,19.13725965524023,39.22793798000001,0.203369562830925,0.1453945,1,10,0.0,0.07,0.0178,64.2,22.0,34.1,24.0,38091.1,0.0,628.0708778659042,0.2666666666666667,0.07,0.7228513150244974,0.5780495052685692,Bandra
72.8650_18.8900,72.86729342899704,18.892917897959716,27.907455740000046,-0.1,0.11867475000000001,0,80,0.0,0.0,0.0,66.0,24.3,30.2,23.5,0.0,0.0,843.0668544809831,0.18999999999999995,0.0,1.0,0.8134182249655375,Colaba
72.8650_18.8950,72.86729342899704,18.897409474380314,27.849349399999994,-0.1,0.11410965,0,80,0.0,0.0,0.0,67.5,22.8,34.4,25.4,0.0,0.0,2666.333769437135,0.24,0.0,1.0,0.8120758104055579,Colaba
72.8650_18.9000,72.86729342899704,18.90279936608503,27.909164750000002,-0.1,0.09701605,0,80,0.0,0.0,0.0,66.0,22.0,34.8,26.8,0.0,0.0,191.56443262474454,0.2666666666666667,0.0,1.0,0.8,Colaba
72.8650_18.9050,72.86729342899704,18.90729094250563,28.21678655000005,-0.1,0.11143715,0,80,0.0,0.0,0.0,63.7,23.7,35.6,24.0,0.0,0.0,1991.6185064808133,0.21000000000000008,0.0,1.0,0.8,Colaba
72.8650_18.9100,72.86729342899704,18.912680834210345,27.996324260000023,-0.1,0.10175575,0,80,0.0,0.0,0.0,72.3,23.9,33.0,24.9,0.0,0.0,1137.1844213191046,0.20333333333333337,0.0,1.0,0.8,Colaba
72.8650_18.9150,72.86729342899704,18.917172410630943,28.179188329999988,-0.1,0.09149245,0,80,0.0,0.0,0.0,65.1,22.4,34.6,24.8,0.0,0.0,509.4009069180114,0.2533333333333334,0.0,1.0,0.8,Colaba
72.8650_18.9200,72.86729342899704,18.92256230233566,27.919418810000025,-0.1,0.0938465,0,80,0.0,0.0,0.0,66.4,24.2,32.4,24.6,0.0,0.0,1018.3327344637902,0.19333333333333336,0.0,1.0,0.8128903698329059,Colaba
72.8650_18.9250,72.86729342899704,18.927053878756258,28.105700900000045,-0.1,0.08985504999999999,0,80,0.0,0.0,0.0,63.5,21.2,32.3,25.9,0.0,0.0,534.888284852319,0.29333333333333333,0.0,1.0,0.8185649138268866,Colaba
72.8650_18.9300,72.86729342899704,18.932443770460978,28.088610800000026,-0.1,0.09043004999999998,0,80,0.0,0.0,0.0,70.3,25.0,33.2,23.8,0.0,0.0,1359.8149216507738,0.16666666666666663,0.0,1.0,0.8,Colaba
72.8650_18.9350,72.86729342899704,18.937833662165694,28.148426150000006,-0.1,0.09266025,0,80,0.0,0.0,0.0,73.8,20.6,34.4,25.7,0.0,0.0,853.3282261793586,0.31333333333333324,0.0,1.0,0.8,Colaba
72.8650_18.9400,72.86729342899704,18.942325238586292,28.285146950000012,-0.1,0.09924675,0,80,0.0,0.0,0.0,64.6,25.8,32.4,23.9,0.0,0.0,269.41779932747033,0.14,0.0,1.0,0.8053568727573267,Colaba
72.8650_18.9450,72.86729342899704,18.94771513029101,28.33641725000001,-0.1,0.09837085000000001,0,80,0.0,0.0,0.0,58.8,24.8,35.3,25.5,0.0,0.0,185.93703085335343,0.17333333333333334,0.0,1.0,0.8,Colaba
72.8650_18.9500,72.86729342899704,18.952206706711607,28.996095110000027,-0.1,0.10495470000000001,0,80,0.0,0.0,0.0,63.2,23.3,35.7,24.1,0.0,0.0,1186.7873933091064,0.22333333333333327,0.0,1.0,0.8,Colaba
72.8650_18.9550,72.86729342899704,18.957596598416323,29.192631260000013,-0.1,0.0879104,0,80,0.0,0.0,0.0,69.7,25.0,32.9,24.8,0.0,0.0,3490.5169983712576,0.16666666666666663,0.0,1.0,0.8265055218087408,Colaba
72.8650_18.9600,72.86729342899704,18.96208817483692,28.849120250000027,-0.1,0.0974261,0,80,0.0,0.0,0.0,60.7,21.1,32.9,25.1,0.0,0.0,632.2949848793629,0.29666666666666663,0.0,1.0,0.8165423085713154,Colaba
72.8650_18.9650,72.86729342899704,18.967478066541638,28.512445280000037,-0.1,0.1063276,0,80,0.0,0.0,0.0,67.5,23.1,32.8,24.6,0.0,0.0,1980.7605332472397,0.22999999999999998,0.0,1.0,0.8031594862450291,Colaba
72.8650_18.9700,72.86729342899704,18.972867958246354,28.56884261000002,-0.1,0.10328560000000002,0,80,0.0,0.0,0.0,64.5,23.4,36.0,25.4,0.0,0.0,1612.3203007079612,0.22000000000000008,0.0,1.0,0.8,Colaba
72.8650_18.9750,72.86729342899704,18.977359534666952,28.54320746000002,-0.1,0.09605239999999998,0,80,0.0,0.0,0.0,66.3,22.7,34.1,24.2,0.0,0.0,4022.5852859606084,0.2433333333333334,0.0,1.0,0.8042279313494132,Fort
72.8650_18.9800,72.86729342899704,18.98274942637167,28.693600340000046,-0.1,0.0940921,0,80,0.0,0.0,0.0,62.7,25.7,31.5,23.6,0.0,0.0,2580.3951452339797,0.1433333333333333,0.0,1.0,0.8212531458157506,Fort
72.8650_18.9850,72.86729342899704,18.987241002792267,29.51563415000001,-0.1,0.07384540000000002,0,80,0.0,0.0,0.0,64.1,25.8,32.3,24.6,0.0,0.0,1254.1594860336013,0.14,0.0,1.0,0.7930015565498911,Fort
72.8650_18.9900,72.86729342899704,18.992630894496983,28.761960740000006,-0.1,0.0857349,0,80,0.0,0.0,0.0,69.4,26.2,32.8,24.2,0.0,0.0,1605.1706278558418,0.1266666666666667,0.0,1.0,0.8270222817997344,Fort
72.8650_18.9950,72.86729342899704,18.99712247091758,29.816419910000036,-0.1,0.10266730000000002,0,80,0.0,0.0,0.0,64.5,20.7,32.3,24.3,0.0,0.0,3429.86782469315,0.31000000000000005,0.0,1.0,0.8201399581742302,Fort
72.8650_19.0000,72.86729342899704,19.002512362622298,32.955871280000025,-0.08875739574432373,0.09415349999999999,0,80,0.0,0.0,0.0,66.1,26.8,34.0,25.5,0.0,0.0,765.0358792924321,0.10666666666666669,0.0,1.0,0.8332746566428695,Fort
72.8650_19.0050,72.86729342899704,19.007902254327014,40.67888747000001,0.1718904674053192,0.14184980000000003,1,50,0.0,0.0694,0.0,69.1,22.9,31.3,24.3,51197.4,0.0,593.5574288275388,0.2366666666666667,0.0694,0.7652490747435106,0.6085871593316803,Fort
72.8650_19.0100,72.86729342899704,19.012393830747612,37.016479040000036,0.2906250059604645,0.109096,0,95,0.0,0.0132,0.0,64.0,24.1,31.9,24.5,40902.4,0.0,16.304922064522074,0.19666666666666666,0.0132,0.6814839399614755,0.3539940678837477,Fort
72.8650_19.0150,72.86729342899704,19.017783722452332,44.34300491000002,0.12478632479906082,0.1624094,1,50,0.0,0.0234,0.0,61.7,25.2,33.9,24.9,40914.0,0.0,2627.8081480133656,0.16000000000000003,0.0234,0.7457533620863726,0.611174401524101,Fort
72.8650_19.0200,72.86729342899704,19.022275298872927,37.62146858,0.13013713994979859,0.1300459,1,50,0.0,0.1158,0.0322,70.7,24.4,35.6,24.8,58759.6,0.0,2421.530214093777,0.18666666666666676,0.1158,0.7682331826629353,0.6617671870767518,Fort
72.8650_19.0250,72.86729342899704,19.027665190577647,41.43597890000001,0.17436791956424713,0.1141857,0,10,0.0,0.1471,0.0,65.3,24.2,36.0,24.1,30112.9,0.0,165.48340406981347,0.19333333333333336,0.1471,0.8094720839722791,0.4073393248723557,Fort
72.8650_19.0300,72.86729342899704,19.03215676699824,41.23773374000001,0.1988010455083847,0.1424809,0,10,0.0,0.1156,0.0099,66.5,25.0,33.2,22.6,25369.6,0.0,1290.0689944783194,0.16666666666666663,0.1156,0.7215527786381103,0.3886001621091074,Fort
72.8650_19.0350,72.86729342899704,19.03754665870296,39.658608500000014,0.3394343605232239,0.1417364,0,10,0.0,0.1567,0.0084,67.8,26.4,32.7,23.3,21429.1,0.0,935.3804599248577,0.12,0.1567,0.6742912089882727,0.3553726804979767,Fort
72.8650_19.0400,72.86729342899704,19.042936550407678,37.56678026,0.2490804889678955,0.13331710000000002,0,50,0.0,0.1667,0.001,68.4,20.2,35.5,24.4,24127.2,0.0,189.55126423396047,0.32666666666666666,0.1667,0.7224878671328568,0.4414027620248597,Fort
72.8650_19.0450,72.86729342899704,19.047428126828276,37.628304619999994,0.44094883039474486,0.1306898,1,50,0.0,0.0763,0.1576,62.1,22.5,34.8,24.7,43179.7,0.0,5911.268658356253,0.25,0.0763,0.5974623371155755,0.3982029946945491,Fort
72.8650_19.0500,72.86729342899704,19.052818018532992,42.237504590000015,0.21323258140087128,0.14045320000000003,1,50,0.0,0.0527,0.093,62.8,21.2,32.1,25.5,37789.9,0.0,362.5263475742986,0.29333333333333333,0.0527,0.8430660746201735,0.632212261366809,Fort
72.8650_19.0550,72.86729342899704,19.05730959495359,37.86585701000001,0.0449306860935688,0.16757880000000003,1,50,0.0,0.0497,0.0019,68.2,23.0,31.7,25.6,34247.8,0.0,104.40165978211918,0.23333333333333328,0.0497,0.8898801333161026,0.7347299731826014,Bandra
72.8650_19.0600,72.86729342899704,19.062699486658307,40.20036467,0.07210031151771545,0.1712914,1,50,0.0,0.1959,0.0,67.6,21.7,31.8,25.6,38465.0,0.0,1355.2371631893136,0.2766666666666667,0.1959,0.8477879332114708,0.7719804645426835,Bandra
72.8650_19.0650,72.86729342899704,19.067191063078905,38.66738270000002,0.230384626083374,0.14916230000000003,1,50,0.0,0.1786,0.0081,63.6,25.2,33.9,24.1,39867.7,0.0,2014.0862797485906,0.16000000000000003,0.1786,0.7708818131965666,0.562101921218289,Bandra
72.8650_19.0700,72.86729342899704,19.07258095478362,39.499670570000006,0.14126324636936188,0.1533527,1,50,0.0,0.1517,0.0015,67.8,23.9,32.9,25.4,43965.6,0.0,49.47210313282956,0.20333333333333337,0.1517,0.8386566218271224,0.733752691389436,Bandra
72.8650_19.0750,72.86729342899704,19.07707253120422,40.167893480000004,0.3211948871612549,0.1584811,1,10,0.0,0.1038,0.0,66.3,21.9,33.7,26.3,47721.5,0.0,1612.567658115046,0.27,0.1038,0.62189426734768,0.4977641053905312,Bandra
72.8650_19.0800,72.86729342899704,19.082462422908936,41.42743385000003,0.3186119794845581,0.1325082,1,50,0.0,0.2445,0.0,69.3,24.7,33.8,25.6,45866.7,0.0,1139.8662662824745,0.17666666666666664,0.2445,0.711208458863239,0.4808181875425891,Bandra
72.8650_19.0850,72.86729342899704,19.087852314613652,46.380144830000006,0.1623140424489975,0.14588489999999998,0,50,0.0,0.0408,0.0,61.3,22.5,32.7,25.3,43586.7,0.0,163.4923495150325,0.25,0.0408,0.783308272059006,0.5291473157929594,Bandra
72.8650_19.0900,72.86729342899704,19.09234389103425,46.238297000000046,0.05415162444114685,0.1292279,1,60,0.0,0.0934,0.0,65.8,23.9,36.7,25.3,44447.6,0.0,284.0625396945874,0.20333333333333337,0.0934,0.9087186874366422,0.8081551505950404,Bandra
72.8650_19.0950,72.86729342899704,19.097733782738967,43.99778489000002,0.245981827378273,0.1350357,0,50,0.0,0.2301,0.0,64.1,22.7,33.5,23.2,40209.8,0.0,1258.9052933315745,0.2433333333333334,0.2301,0.71456859516344,0.32737258142578596,Bandra
72.8650_19.1000,72.86729342899704,19.102225359159565,45.40600913000003,0.12844853103160858,0.1705788,1,50,0.0,0.0696,0.0,62.6,25.0,35.7,24.1,35281.7,0.0,527.2275384403954,0.16666666666666663,0.0696,0.7736481342234678,0.6685585818325599,Bandra
72.8650_19.1050,72.86729342899704,19.10761525086428,36.71911130000004,0.14491018652915955,0.1667779,1,50,0.0,0.2141,0.0,66.3,25.0,34.6,25.6,22772.6,0.0,4178.58945297593,0.16666666666666663,0.2141,0.8089357129451601,0.6362542089619596,Bandra
72.8650_19.1100,72.86729342899704,19.11210682728488,39.24161006000003,0.07060669362545013,0.1771407,1,50,0.0,0.2341,0.0,61.5,23.8,32.6,26.6,21582.0,0.0,2561.736120608029,0.20666666666666667,0.2341,0.9460891052444744,0.7435421382119951,Bandra
72.8650_19.1150,72.86729342899704,19.117496718989596,37.763316410000016,0.3283395767211914,0.1436731,1,50,0.0,0.2021,0.0,64.0,23.1,33.5,25.4,25026.8,0.0,6162.714506806801,0.22999999999999998,0.2021,0.6508069090476174,0.4318436525072594,Bandra
72.8650_19.1200,72.86729342899704,19.122886610694316,40.04997179000003,0.284351646900177,0.1597159,0,10,0.0,0.1388,0.0,70.4,27.5,32.2,24.3,43880.7,0.0,450.99056918157623,0.08333333333333337,0.1388,0.6692867544197696,0.4671035867041639,Bandra
72.8650_19.1250,72.86729342899704,19.127378187114914,40.51311350000003,0.2763664424419403,0.1404612,1,50,0.0,0.1529,0.0,63.8,22.8,35.6,22.7,36450.1,0.0,5246.081746685098,0.24,0.1529,0.6734068334997761,0.5547045302950901,Bandra
72.8650_19.1300,72.86729342899704,19.13276807881963,42.29731994000002,0.21666788135051726,0.181201,1,50,0.0,0.1692,0.0291,64.8,24.4,32.6,24.0,39456.4,0.0,846.4289224696273,0.18666666666666676,0.1692,0.7542451700698003,0.5577051800767351,Bandra
72.8650_19.1350,72.86729342899704,19.13725965524023,36.64220584999998,0.22535160078048705,0.1705397,1,50,0.0,0.1776,0.1613,63.8,22.8,34.8,24.9,33396.7,0.0,640.459417918071,0.24,0.1776,0.8093648206439722,0.6383877467492409,Bandra
72.8700_18.8900,72.87268332070177,18.892917897959716,28.056139610000002,-0.1,0.1086761,0,80,0.0,0.0,0.0,63.7,26.3,33.2,25.0,0.0,0.0,77.49192782025735,0.1233333333333333,0.0,1.0,0.8,Colaba
72.8700_18.8950,72.87268332070177,18.897409474380314,28.004869310000004,-0.1,0.1107136,0,80,0.0,0.0,0.0,68.1,22.9,34.9,24.7,0.0,0.0,81.31250511759822,0.2366666666666667,0.0,1.0,0.8086900529218262,Colaba
72.8700_18.9000,72.87268332070177,18.90279936608503,27.863021480000043,-0.1,0.1019511,0,80,0.0,0.0,0.0,65.0,23.0,34.0,24.6,0.0,0.0,1766.538062936556,0.23333333333333328,0.0,1.0,0.8048041168789245,Colaba
72.8700_18.9050,72.87268332070177,18.90729094250563,28.53808042999998,-0.1,0.10709489999999999,0,80,0.0,0.0,0.0,64.1,21.4,31.3,24.7,0.0,0.0,918.5374193157286,0.28666666666666674,0.0,1.0,0.8250626564953649,Colaba
72.8700_18.9100,72.87268332070177,18.912680834210345,28.29369200000002,-0.1,0.10580819999999999,0,80,0.0,0.0,0.0,64.1,21.4,33.0,25.4,0.0,0.0,385.286352054227,0.28666666666666674,0.0,1.0,0.8157983944436171,Colaba
72.8700_18.9150,72.87268332070177,18.917172410630943,27.980943170000046,-0.1,0.10206570000000001,0,80,0.0,0.0,0.0,68.8,26.0,33.0,24.0,0.0,0.0,1427.7614787861578,0.1333333333333333,0.0,1.0,0.8193913805150582,Colaba
72.8700_18.9200,72.87268332070177,18.92256230233566,27.69382949000004,-0.1,0.10299965,0,80,0.0,0.0,0.0,63.6,21.7,34.1,24.7,0.0,0.0,437.250264714922,0.2766666666666667,0.0,1.0,0.8065371080122088,Colaba
72.8700_18.9250,72.87268332070177,18.927053878756258,27.922836829999994,-0.1,0.10468285,0,80,0.0,0.0,0.0,68.0,24.2,32.4,24.6,0.0,0.0,1292.8165881310968,0.19333333333333336,0.0,1.0,0.8,Colaba
72.8700_18.9300,72.87268332070177,18.932443770460978,28.18089734000003,-0.1,0.1005529,0,80,0.0,0.0,0.0,68.1,24.2,32.6,24.4,0.0,0.0,667.5773001284736,0.19333333333333336,0.0,1.0,0.8,Colaba
72.8700_18.9350,72.87268332070177,18.937833662165694,28.09031981000001,-0.1,0.10231635,0,80,0.0,0.0,0.0,68.9,25.7,34.0,24.7,0.0,0.0,2602.0955218194927,0.1433333333333333,0.0,1.0,0.8212017947981733,Colaba
72.8700_18.9400,72.87268332070177,18.942325238586292,28.121081989999993,-0.1,0.1066007,0,80,0.0,0.0,0.0,61.4,24.0,32.2,25.1,0.0,0.0,2578.0102293849254,0.19999999999999996,0.0,1.0,0.8,Colaba
72.8700_18.9450,72.87268332070177,18.94771513029101,28.91918966000003,-0.1,0.09042644999999999,0,80,0.0,0.0,0.0,67.2,22.3,34.3,24.5,0.0,0.0,973.2660251126688,0.2566666666666666,0.0,1.0,0.810061807372475,Colaba
72.8700_18.9500,72.87268332070177,18.952206706711607,29.12256185000001,-0.1,0.1044547,0,80,0.0,0.0,0.0,71.1,22.9,33.4,24.7,0.0,0.0,648.065818469725,0.2366666666666667,0.0,1.0,0.8,Colaba
72.8700_18.9550,72.87268332070177,18.957596598416323,29.008058180000006,-0.1,0.11006370000000001,0,80,0.0,0.0,0.0,65.3,21.7,33.7,24.0,0.0,0.0,675.4422073094735,0.2766666666666667,0.0,1.0,0.8,Colaba
72.8700_18.9600,72.87268332070177,18.96208817483692,28.27660190000003,-0.1,0.1124218,0,80,0.0,0.0,0.0,66.0,26.1,32.7,24.2,0.0,0.0,2457.6400265476786,0.13,0.0,1.0,0.8,Colaba
72.8700_18.9650,72.87268332070177,18.967478066541638,28.309073090000027,-0.1,0.10430860000000002,0,80,0.0,0.0,0.0,69.8,22.9,32.9,25.9,0.0,0.0,596.6460924444773,0.2366666666666667,0.0,1.0,0.8061809488606532,Colaba
72.8700_18.9700,72.87268332070177,18.972867958246354,28.45775696000004,-0.1,0.1057266,0,80,0.0,0.0,0.0,70.5,23.1,33.0,26.2,0.0,0.0,351.7985634120526,0.22999999999999998,0.0,1.0,0.8,Colaba
72.8700_18.9750,72.87268332070177,18.977359534666952,28.437248840000024,-0.1,0.1040856,0,80,0.0,0.0,0.0,62.0,23.1,31.7,24.4,0.0,0.0,132.73599259302225,0.22999999999999998,0.0,1.0,0.8,Fort
72.8700_18.9800,72.87268332070177,18.98274942637167,28.592768750000033,-0.1,0.1039226,0,80,0.0,0.0,0.0,67.9,22.8,34.6,24.5,0.0,0.0,942.9873934662642,0.24,0.0,1.0,0.8,Fort
72.8700_18.9850,72.87268332070177,18.987241002792267,29.460945830000043,-0.1,0.0967718,0,80,0.0,0.0,0.0,61.2,23.1,36.6,24.1,0.0,0.0,987.0526296972696,0.22999999999999998,0.0,1.0,0.8223848983512819,Fort
72.8700_18.9900,72.87268332070177,18.992630894496983,29.40796652000003,-0.1,0.0920862,0,80,0.0,0.0,0.0,62.2,26.1,34.1,26.8,0.0,0.0,2757.4156396689796,0.13,0.0,1.0,0.8,Fort
72.8700_18.9950,72.87268332070177,18.99712247091758,29.479744940000046,-0.1,0.08834060000000002,0,80,0.0,0.0,0.0,65.8,25.4,33.9,25.1,0.0,0.0,375.07604098318063,0.15333333333333343,0.0,1.0,0.8239455661835945,Fort
72.8700_19.0000,72.87268332070177,19.002512362622298,30.935821460000028,-0.07225842773914337,0.10187580000000002,0,80,0.0,0.0,0.0,69.3,24.8,33.7,23.1,0.0,0.0,719.4538633960099,0.17333333333333334,0.0,0.9664040674726124,0.7939691425007386,Fort
72.8700_19.0050,72.87268332070177,19.007902254327014,31.90824815000002,0.5953885912895203,0.1084241,0,95,0.0,0.0,0.0,65.4,22.8,32.1,24.0,16996.0,0.0,2478.5630495493783,0.24,0.0,0.36958866705842164,0.14783546682336865,Fort
72.8700_19.0100,72.87268332070177,19.012393830747612,36.493521980000025,0.3200148046016693,0.1023723,0,95,0.0,0.0,0.0,65.7,25.1,35.4,25.2,38039.3,0.0,2602.7024882267347,0.16333333333333333,0.0,0.619777735585834,0.38100097735702665,Fort
72.8700_19.0150,72.87268332070177,19.017783722452332,44.04563717000002,0.17915309965610504,0.15313749999999998,0,40,0.0,0.0005,0.0,70.4,25.1,31.8,24.6,0.0,0.0,728.2512214075647,0.16333333333333333,0.0005,0.7914575954847556,0.5107135052559795,Fort
72.8700_19.0200,72.87268332070177,19.022275298872927,44.83690880000003,0.09085697680711746,0.169164,1,50,0.0,0.0361,0.0,67.7,23.5,33.4,23.4,41728.4,0.0,921.8479119546278,0.21666666666666667,0.0361,0.8179264889531385,0.6865644118017535,Fort
72.8700_19.0250,72.87268332070177,19.027665190577647,45.51880379000002,0.08197727799415588,0.1566159,1,50,0.0,0.0541,0.0,65.6,23.2,33.1,25.0,42738.5,0.0,542.0701886259552,0.22666666666666668,0.0541,0.8197517822571138,0.6996434470782781,Fort
72.8700_19.0300,72.87268332070177,19.03215676699824,45.72559400000003,0.15074309706687927,0.15684579999999998,0,50,0.0,0.0885,0.0,70.9,22.6,31.8,24.9,24590.8,0.0,4044.6615380968565,0.2466666666666666,0.0885,0.6989598990489387,0.5310995934245188,Fort
72.8700_19.0350,72.87268332070177,19.03754665870296,45.74439311000003,0.11213517934083939,0.16198810000000002,1,50,0.0,0.0645,0.0,73.6,23.8,34.1,26.6,19850.8,0.0,189.44007391210042,0.20666666666666667,0.0645,0.9003586249079957,0.6918400956271296,Fort
72.8700_19.0400,72.87268332070177,19.042936550407678,41.02239847999999,0.07673995579957962,0.1488878,1,50,0.0,0.1776,0.0236,68.5,23.0,34.7,24.7,20704.9,0.0,4071.466657112938,0.23333333333333328,0.1776,0.8656851786282674,0.7480431357965492,Fort
72.8700_19.0450,72.87268332070177,19.047428126828276,43.19455019000003,0.21004259586334229,0.19455319999999998,0,40,0.0,0.0651,0.0,64.1,23.2,33.8,25.7,20126.7,0.0,1727.3858008500013,0.22666666666666668,0.0651,0.7394487333217845,0.38100205368293644,Fort
72.8700_19.0500,72.87268332070177,19.052818018532992,41.03436155000003,0.1700241784763336,0.14869960000000002,1,50,0.0,0.0916,0.0799,68.2,25.6,34.5,24.7,42544.7,0.0,1137.55979554997,0.1466666666666666,0.0916,0.8092240356999574,0.658855867818782,Fort
72.8700_19.0550,72.87268332070177,19.05730959495359,37.39929728000004,0.43679919582366944,0.12365680000000001,0,10,0.0,0.0782,0.0052,60.8,23.3,35.3,23.6,41997.3,0.0,49.806407258442434,0.22333333333333327,0.0782,0.47429206752830555,0.20745842254024796,Bandra
72.8700_19.0600,72.87268332070177,19.062699486658307,41.37274553000003,0.10501506961584091,0.1672959,1,50,0.0,0.0292,0.019,65.6,26.1,30.9,24.7,33688.2,0.0,968.2398977207982,0.13,0.0292,0.7875429148117494,0.6819731339877039,Bandra
72.8700_19.0650,72.87268332070177,19.067191063078905,34.79818406000004,0.0022624435368925333,0.048586700000000003,0,80,0.0,0.0793,0.0,62.7,23.6,34.7,22.2,0.0,0.0,785.7348544360046,0.21333333333333326,0.0793,0.9328957901632458,0.7543078317673857,Bandra
72.8700_19.0700,72.87268332070177,19.07258095478362,37.67957492000005,0.09410518307685851,0.09552580000000001,0,80,0.0,0.1123,0.009,66.9,22.1,30.2,25.7,43253.2,0.0,263.70811117990615,0.2633333333333333,0.1123,0.8437786549816718,0.5466535361830908,Bandra
72.8700_19.0750,72.87268332070177,19.07707253120422,44.20970213000004,0.08771929889917374,0.13564400000000001,1,50,0.0,0.0525,0.0,69.4,19.8,33.6,26.5,44004.4,0.0,1602.4575583729563,0.33999999999999997,0.0525,0.8899178134515165,0.7199326471755911,Bandra
72.8700_19.0800,72.87268332070177,19.082462422908936,46.30153037000002,0.16142557561397552,0.1713159,0,30,0.0,0.0363,0.0,67.3,22.7,34.0,23.1,35791.4,0.0,5318.515106644557,0.2433333333333334,0.0363,0.7473937712099938,0.49879512073521604,Bandra
72.8700_19.0850,72.87268332070177,19.087852314613652,45.77002826000003,0.2212548851966858,0.1635387,0,50,0.0,0.0,0.0,69.0,24.3,35.8,24.9,38085.7,0.0,1238.9513055528353,0.18999999999999995,0.0,0.8170080363830453,0.5130706345535171,Bandra
72.8700_19.0900,72.87268332070177,19.09234389103425,45.382082990000015,0.014400781132280827,0.19253440000000002,1,50,0.0,0.062,0.0,59.5,24.7,35.4,23.1,46165.3,0.0,1881.6011647872529,0.17666666666666664,0.062,0.9791964506623767,0.9113670013920669,Bandra
72.8700_19.0950,72.87268332070177,19.097733782738967,44.99413772,0.01335606724023819,0.1765885,1,50,0.0,0.3279,0.0,64.6,23.7,34.2,25.5,38984.5,0.0,106.35884900447564,0.21000000000000008,0.3279,0.9740853602430473,0.8684361124957507,Bandra
72.8700_19.1000,72.87268332070177,19.102225359159565,41.278749979999986,0.11328602582216263,0.11652889999999999,1,50,0.0,0.1957,0.0,65.8,24.1,32.7,26.0,23187.0,0.0,811.0692341145227,0.19666666666666666,0.1957,0.8457723590541799,0.7088402310128131,Bandra
72.8700_19.1050,72.87268332070177,19.10761525086428,41.77094486000004,0.1904905140399933,0.1565275,1,50,0.0,0.0523,0.0,66.8,27.4,33.1,25.5,21785.2,0.0,185.55573719499327,0.08666666666666667,0.0523,0.8382652727460309,0.6550378193821658,Bandra
72.8700_19.1100,72.87268332070177,19.11210682728488,38.182023860000015,0.3342949387550354,0.14839440000000004,1,10,0.0,0.1888,0.0115,69.0,23.5,34.7,23.3,22368.2,0.0,1423.2047524624393,0.21666666666666667,0.1888,0.6137364596889084,0.431617495898721,Bandra
72.8700_19.1150,72.87268332070177,19.117496718989596,38.470846550000005,0.22782070934772491,0.1518639,1,50,0.0,0.2072,0.0,65.7,23.4,32.5,24.0,24622.9,0.0,4182.642053856874,0.22000000000000008,0.2072,0.7250570499445628,0.6144480845227958,Bandra
72.8700_19.1200,72.87268332070177,19.122886610694316,39.38174888,0.12304896603107453,0.16606700000000002,1,50,0.0,0.243,0.0366,66.6,23.9,33.4,23.9,35109.0,0.0,1626.0780050745395,0.20333333333333337,0.243,0.8466096609563889,0.7219341556143384,Bandra
72.8700_19.1250,72.87268332070177,19.127378187114914,40.829280350000005,0.2580270767211914,0.1275774,0,10,0.0,0.1552,0.0,62.8,23.4,33.0,25.0,25580.8,0.0,119.86902770118475,0.22000000000000008,0.1552,0.7387908553059758,0.34603899446606723,Bandra
72.8700_19.1300,72.87268332070177,19.13276807881963,38.445211400000034,0.23810483266830446,0.1623891,0,10,0.0,0.0677,0.0759,68.9,23.8,37.5,25.4,29881.8,0.0,656.9813765974543,0.20666666666666667,0.0677,0.7677938412818448,0.5281394959564402,Bandra
72.8700_19.1350,72.87268332070177,19.13725965524023,38.78359538000001,0.2875834986305237,0.1305022,1,50,0.0,0.0419,0.1297,70.2,24.1,30.8,25.2,30146.7,0.0,1199.9744406304494,0.19666666666666666,0.0419,0.6884195774472461,0.6516326862403776,Bandra
72.8750_18.8900,72.87717489712236,18.892917897959716,27.987779209999985,-0.1,0.10799285,0,80,0.0,0.0,0.0,69.1,22.3,31.7,26.8,0.0,0.0,774.2793395683012,0.2566666666666666,0.0,1.0,0.8161607237880415,Colaba
72.8750_18.8950,72.87717489712236,18.897409474380314,27.955308020000018,-0.1,0.10919375,0,80,0.0,0.0,0.0,66.2,22.4,31.9,25.1,0.0,0.0,2690.4379074094604,0.2533333333333334,0.0,1.0,0.8,Colaba
72.8750_18.9000,72.87717489712236,18.90279936608503,27.96556208000004,-0.1,0.1103536,0,80,0.0,0.0,0.0,66.3,25.5,34.7,22.2,0.0,0.0,2528.434020573271,0.15000000000000002,0.0,1.0,0.8,Colaba
72.8750_18.9050,72.87717489712236,18.90729094250563,28.48681012999998,-0.1,0.10907515000000001,0,80,0.0,0.0,0.0,65.7,24.2,33.4,25.5,0.0,0.0,1419.4717784552975,0.19333333333333336,0.0,1.0,0.8,Colaba
72.8750_18.9100,72.87717489712236,18.912680834210345,28.594477760000018,-0.1,0.1044854,0,80,0.0,0.0,0.0,56.1,22.1,34.0,24.5,0.0,0.0,701.3090703229173,0.2633333333333333,0.0,1.0,0.8,Colaba
72.8750_18.9150,72.87717489712236,18.917172410630943,28.126209020000033,-0.1,0.10925979999999999,0,80,0.0,0.0,0.0,68.2,26.3,34.1,25.3,0.0,0.0,442.234006455344,0.1233333333333333,0.0,1.0,0.8,Colaba
72.8750_18.9200,72.87717489712236,18.92256230233566,27.91770980000001,-0.1,0.1089772,0,80,0.0,0.0,0.0,65.2,25.8,35.5,23.5,0.0,0.0,167.8633950530415,0.14,0.0,1.0,0.814656581636435,Colaba
72.8750_18.9250,72.87717489712236,18.927053878756258,28.057848620000016,-0.1,0.10234959999999999,0,80,0.0,0.0,0.0,64.6,21.6,36.0,23.4,0.0,0.0,657.5195167701123,0.2799999999999999,0.0,1.0,0.8,Colaba
72.8750_18.9300,72.87717489712236,18.932443770460978,28.047594559999993,-0.1,0.09911135000000001,0,80,0.0,0.0,0.0,66.0,22.7,33.6,26.2,0.0,0.0,799.5365981785496,0.2433333333333334,0.0,1.0,0.8209696530210119,Colaba
72.8750_18.9350,72.87717489712236,18.937833662165694,28.04246753000001,-0.1,0.10563395,0,80,0.0,0.0,0.0,69.4,23.3,32.1,23.9,0.0,0.0,1689.6980775374743,0.22333333333333327,0.0,1.0,0.8097554964216868,Colaba
72.8750_18.9400,72.87717489712236,18.942325238586292,28.11253694000004,-0.1,0.11762014999999999,0,80,0.0,0.0,0.0,62.2,23.9,32.5,24.9,0.0,0.0,1610.117960484377,0.20333333333333337,0.0,1.0,0.8,Colaba
72.8750_18.9450,72.87717489712236,18.94771513029101,27.93821792,-0.1,0.103192,0,80,0.0,0.0,0.0,67.0,23.1,35.8,24.3,0.0,0.0,109.0304681698967,0.22999999999999998,0.0,1.0,0.7346408681118087,Colaba
72.8750_18.9500,72.87717489712236,18.952206706711607,28.30565507000003,-0.1,0.10983470000000001,0,80,0.0,0.0,0.0,70.8,26.3,33.3,24.2,0.0,0.0,754.4333000740608,0.1233333333333333,0.0,1.0,0.8319664361528207,Colaba
72.8750_18.9550,72.87717489712236,18.957596598416323,28.459465970000025,-0.1,0.1039731,0,80,0.0,0.0,0.0,62.0,23.5,34.2,27.2,0.0,0.0,300.93396815668825,0.21666666666666667,0.0,1.0,0.8060575943279777,Colaba
72.8750_18.9600,72.87717489712236,18.96208817483692,28.326163190000045,-0.1,0.0988454,0,80,0.0,0.0,0.0,69.0,23.3,30.8,22.9,0.0,0.0,255.8492539258516,0.22333333333333327,0.0,1.0,0.800175673097963,Colaba
72.8750_18.9650,72.87717489712236,18.967478066541638,28.305655070000057,-0.1,0.1072587,0,80,0.0,0.0,0.0,66.4,23.6,34.6,25.1,0.0,0.0,2634.3176125794544,0.21333333333333326,0.0,1.0,0.778483424971485,Colaba
72.8750_18.9700,72.87717489712236,18.972867958246354,28.956787880000036,-0.1,0.10592130000000001,0,80,0.0,0.0,0.0,71.2,23.8,32.3,25.1,0.0,0.0,64.22850694652185,0.20666666666666667,0.0,1.0,0.7987402694032073,Colaba
72.8750_18.9750,72.87717489712236,18.977359534666952,28.44921191000003,-0.1,0.10195180000000001,0,80,0.0,0.0,0.0,66.9,21.1,32.9,25.0,0.0,0.0,814.9789983998797,0.29666666666666663,0.0,1.0,0.8,Fort
72.8750_18.9800,72.87717489712236,18.98274942637167,29.428474640000047,-0.1,0.0991984,0,80,0.0,0.0,0.0,65.1,23.4,35.1,23.0,0.0,0.0,276.2514700344268,0.22000000000000008,0.0,1.0,0.8,Fort
72.8750_18.9850,72.87717489712236,18.987241002792267,29.590830589999996,-0.1,0.0872113,0,80,0.0,0.0,0.0,68.1,22.7,33.1,22.6,0.0,0.0,3172.046278859279,0.2433333333333334,0.0,1.0,0.8408435582106947,Fort
72.8750_18.9900,72.87717489712236,18.992630894496983,29.466072860000025,-0.1,0.07995010000000001,0,80,0.0,0.0,0.0,67.2,25.4,33.8,26.5,0.0,0.0,1221.415447810671,0.15333333333333343,0.0,1.0,0.8031064999839881,Fort
72.8750_18.9950,72.87717489712236,18.99712247091758,31.501503770000028,-0.08245125412940979,0.08975300000000001,0,80,0.0,0.0,0.0,65.8,22.7,31.5,22.2,0.0,0.0,394.7391117001218,0.2433333333333334,0.0,1.0,0.8079629453024508,Fort
72.8750_19.0000,72.87717489712236,19.002512362622298,30.469261730000028,-0.06805194914340973,0.1143849,0,80,0.0,0.0,0.0,61.9,23.2,34.2,24.3,0.0,0.0,1047.0203649207124,0.22666666666666668,0.0,1.0,0.7775144349571381,Fort
72.8750_19.0050,72.87717489712236,19.007902254327014,32.45171333000002,0.6397929191589355,0.1210002,0,95,0.0,0.0,0.0,63.9,23.7,33.7,25.4,10535.0,0.0,1972.2803467094925,0.21000000000000008,0.0,0.3379188181411891,0.13516752725647566,Fort
72.8750_19.0100,72.87717489712236,19.012393830747612,34.22908373000004,0.35905855894088745,0.1104494,0,80,0.0,0.0,0.0,67.4,26.2,31.3,24.8,20040.0,0.0,4759.349027391004,0.1266666666666667,0.0,0.6224150624694789,0.3215698506129672,Fort
72.8750_19.0150,72.87717489712236,19.017783722452332,34.666590290000016,-0.05181058496236801,0.267292,0,80,0.0,0.0,0.0,62.4,23.1,34.8,24.5,28204.4,0.0,373.5499847299256,0.22999999999999998,0.0,0.9773652394762556,0.7326443004339442,Fort
72.8750_19.0200,72.87717489712236,19.022275298872927,38.74599716000003,0.13213448226451874,0.11429410000000001,0,80,0.0,0.0231,0.0,66.3,24.3,31.3,25.2,34947.6,0.0,3259.7288932592487,0.18999999999999995,0.0231,0.8770172046507587,0.5483777500633646,Fort
72.8750_19.0250,72.87717489712236,19.027665190577647,37.39758827,0.2526941488075256,0.1420593,0,10,0.0,0.0521,0.0001,60.0,23.4,32.3,26.4,0.0,0.0,4084.0784639430954,0.22000000000000008,0.0521,0.7058732784925109,0.3830933859123474,Fort
72.8750_19.0300,72.87717489712236,19.03215676699824,42.06831260000001,0.056274618953466415,0.1570322,1,50,0.0,0.065,0.0,69.5,24.4,33.4,24.5,22659.4,0.0,3722.9363056255343,0.18666666666666676,0.065,0.8477187792689016,0.7934588824932165,Fort
72.8750_19.0350,72.87717489712236,19.03754665870296,39.01260272000002,0.0656716451048851,0.128496,1,50,0.0,0.0931,0.0,66.2,23.4,34.5,24.3,21654.0,0.0,1513.4906918010236,0.22000000000000008,0.0931,0.8651584103500715,0.7787297336529322,Fort
72.8750_19.0400,72.87717489712236,19.042936550407678,43.425266540000024,0.23039555549621582,0.1303505,0,30,0.0,0.0438,0.0,62.2,22.9,32.7,24.4,24271.8,0.0,1490.6515095562972,0.2366666666666667,0.0438,0.6315483598292986,0.40011832865547997,Fort
72.8750_19.0450,72.87717489712236,19.047428126828276,40.76604698,0.3573525547981262,0.1714538,0,30,0.0,0.1003,0.0,60.5,22.5,33.2,24.9,45565.2,0.0,774.2865708724989,0.25,0.1003,0.6925521610039934,0.2974586923756124,Fort
72.8750_19.0500,72.87717489712236,19.052818018532992,39.08779916000003,0.27513049528121947,0.13468549999999999,0,10,0.0,0.0924,0.0549,63.2,24.2,31.8,24.8,41580.7,0.0,2093.8982779734815,0.19333333333333336,0.0924,0.7440715843164148,0.3978348354528951,Fort
72.8750_19.0550,72.87717489712236,19.05730959495359,40.55242073000005,0.18927285499572755,0.15209419999999998,1,50,0.0,0.105,0.0065,70.2,22.7,32.3,24.9,45548.7,0.0,1136.6694178833975,0.2433333333333334,0.105,0.7255453602478106,0.7085165466601226,Bandra
72.8750_19.0600,72.87717489712236,19.062699486658307,42.26484875,0.13628561794757843,0.1653484,1,50,0.0,0.0821,0.0,63.2,24.5,33.7,25.0,43873.7,0.0,1697.1902009731284,0.18333333333333335,0.0821,0.8000176195825666,0.7008759840999358,Bandra
72.8750_19.0650,72.87717489712236,19.067191063078905,41.73163763000002,0.12436462193727493,0.1558345,1,10,0.0,0.1172,0.0,68.1,21.5,33.8,24.9,39720.6,0.0,839.1257091041116,0.2833333333333333,0.1172,0.7970412043524034,0.7072951492231134,Bandra
72.8750_19.0700,72.87717489712236,19.07258095478362,40.59001895,0.1505940854549408,0.1595241,1,50,0.0,0.118,0.0,67.3,25.4,34.6,24.8,44411.6,0.0,1972.3367937309542,0.15333333333333343,0.118,0.8786760451137651,0.746521172666244,Bandra
72.8750_19.0750,72.87717489712236,19.07707253120422,46.58864405,0.07186593860387802,0.1540452,1,50,0.0,0.0683,0.0,65.1,23.1,34.4,22.5,44114.9,0.0,2609.9309345890565,0.22999999999999998,0.0683,0.8109266431825756,0.7843167107626374,Bandra
72.8750_19.0800,72.87717489712236,19.082462422908936,42.2392136,0.23337222635746002,0.14390070000000002,1,50,0.0,0.0541,0.0,65.6,22.2,33.2,24.1,41196.2,0.0,237.50258224453128,0.26,0.0541,0.729181366583479,0.5983149776153177,Bandra
72.8750_19.0850,72.87717489712236,19.087852314613652,45.424808240000004,0.22515855729579926,0.18869190000000002,0,40,0.0,0.0048,0.0,69.8,25.1,33.1,22.8,35885.9,0.0,2684.011035418739,0.16333333333333333,0.0048,0.7128074805759583,0.4171421524303448,Bandra
72.8750_19.0900,72.87717489712236,19.09234389103425,45.313722590000054,0.04586651921272278,0.1850138,1,50,0.0,0.0049,0.0,68.6,22.8,32.0,24.8,42244.2,0.0,1165.760447537693,0.24,0.0049,0.9399712723227329,0.8289089430385755,Bandra
72.8750_19.0950,72.87717489712236,19.097733782738967,45.823007570000016,0.010978956706821918,0.21747759999999997,1,60,0.0,0.173,0.0,63.1,22.5,33.4,26.8,41742.8,0.0,2793.265584652401,0.25,0.173,0.9185773019069433,0.8248222297321041,Bandra
72.8750_19.1000,72.87717489712236,19.102225359159565,40.09440605000003,0.14735814119815827,0.13996289999999997,1,50,0.0,0.1776,0.0013,65.4,24.6,32.2,24.6,39805.4,0.0,846.6078376465254,0.17999999999999994,0.1776,0.72313254496907,0.6707656030973355,Bandra
72.8750_19.1050,72.87717489712236,19.10761525086428,40.21061873000002,0.3240145444869995,0.1543657,0,50,0.0,0.1517,0.0,63.9,21.7,32.1,24.1,21888.9,0.0,714.7340895410827,0.2766666666666667,0.1517,0.6171198537808785,0.3097141413550438,Bandra
72.8750_19.1100,72.87717489712236,19.11210682728488,41.01898046000002,0.23642943799495697,0.1593159,1,50,0.0,0.1381,0.0,62.2,22.5,33.7,24.0,27727.2,0.0,3698.7281671070386,0.25,0.1381,0.6671676811078768,0.5636214098280444,Bandra
72.8750_19.1150,72.87717489712236,19.117496718989596,39.81583742000004,0.1193898469209671,0.1711075,1,50,0.0,0.2014,0.0,65.0,22.4,34.1,24.7,41117.4,0.0,433.8634685868037,0.2533333333333334,0.2014,0.833256880406861,0.6783057396148963,Bandra
72.8750_19.1200,72.87717489712236,19.122886610694316,38.37172397000003,0.2941607769393921,0.1340475,1,50,0.0,0.175,0.0303,62.7,22.0,31.6,23.8,32666.2,0.0,2788.8918875129716,0.2666666666666667,0.175,0.7464238248866242,0.5502194923136459,Bandra
72.8750_19.1250,72.87717489712236,19.127378187114914,38.02137692000002,0.4335685670375824,0.1376282,0,10,0.0,0.1253,0.0,67.3,20.6,35.3,24.4,31621.2,0.0,992.5325752494655,0.31333333333333324,0.1253,0.43817171075080374,0.1966902943083776,Bandra
72.8750_19.1300,72.87717489712236,19.13276807881963,42.48189302000003,0.2189105898141861,0.1340213,0,10,0.0,0.045,0.0,63.7,22.5,32.4,23.2,17493.8,0.0,1082.6145873267078,0.25,0.045,0.7008718834158186,0.4618733885030779,Bandra
72.8750_19.1350,72.87717489712236,19.13725965524023,39.03140183000002,0.3876197636127472,0.1333113,0,10,0.0,0.0191,0.0,72.0,22.1,33.3,24.4,9420.8,0.0,553.2693896834746,0.2633333333333333,0.0191,0.5447521986980779,0.24166460762495315,Bandra
72.8800_18.8900,72.88256478882708,18.892917897959716,28.134754070000014,-0.1,0.11642450000000001,0,80,0.0,0.0,0.0,67.4,22.7,29.9,24.3,0.0,0.0,1276.6051516905977,0.2433333333333334,0.0,1.0,0.8224372300958851,Colaba
72.8800_18.8950,72.88256478882708,18.897409474380314,28.235585659999998,-0.1,0.11964595,0,80,0.0,0.0,0.0,64.7,21.8,32.8,24.6,0.0,0.0,590.0332806599803,0.2733333333333333,0.0,1.0,0.7399250648710318,Colaba
72.8800_18.9000,72.88256478882708,18.90279936608503,28.637203010000007,-0.1,0.1188093,0,80,0.0,0.0,0.0,68.0,24.7,34.9,25.1,0.0,0.0,60.09188568409011,0.17666666666666664,0.0,1.0,0.8145812729000473,Colaba
72.8800_18.9050,72.88256478882708,18.90729094250563,28.021959410000022,-0.1,0.11158405,0,80,0.0,0.0,0.0,68.5,23.7,33.8,24.2,0.0,0.0,476.17847257726714,0.21000000000000008,0.0,1.0,0.8070233093525417,Colaba
72.8800_18.9100,72.88256478882708,18.912680834210345,27.955308020000018,-0.1,0.11657065,0,80,0.0,0.0,0.0,65.3,24.1,35.1,24.7,0.0,0.0,9.599214668743096,0.19666666666666666,0.0,1.0,0.8068332046390526,Colaba
72.8800_18.9150,72.88256478882708,18.917172410630943,28.018541389999996,-0.1,0.11259640000000001,0,80,0.0,0.0,0.0,62.1,22.3,32.3,25.1,0.0,0.0,5749.456440230287,0.2566666666666666,0.0,1.0,0.8,Colaba
72.8800_18.9200,72.88256478882708,18.92256230233566,28.12962704000003,-0.1,0.11073080000000002,0,80,0.0,0.0,0.0,66.7,25.7,34.3,26.7,0.0,0.0,5060.980878712715,0.1433333333333333,0.0,1.0,0.8,Colaba
72.8800_18.9250,72.88256478882708,18.927053878756258,28.15526219000003,-0.1,0.11423924999999999,0,80,0.0,0.0,0.0,68.3,21.5,35.4,24.1,0.0,0.0,754.1753159080346,0.2833333333333333,0.0,1.0,0.8,Colaba
72.8800_18.9300,72.88256478882708,18.932443770460978,28.269765860000007,-0.1,0.11839035,0,80,0.0,0.0,0.0,65.8,22.7,33.4,24.9,0.0,0.0,1954.9763671225282,0.2433333333333334,0.0,1.0,0.8141870502891064,Colaba
72.8800_18.9350,72.88256478882708,18.937833662165694,28.028795450000047,-0.1,0.11035655,0,80,0.0,0.0,0.0,68.5,22.5,31.6,24.2,0.0,0.0,636.527228785711,0.25,0.0,1.0,0.8003891651103777,Colaba
72.8800_18.9400,72.88256478882708,18.942325238586292,27.941635940000026,-0.1,0.10418445000000001,0,80,0.0,0.0,0.0,62.8,24.1,30.9,25.8,0.0,0.0,1667.971080823407,0.19666666666666666,0.0,1.0,0.8,Colaba
72.8800_18.9450,72.88256478882708,18.94771513029101,27.244359860000003,-0.1,0.1008895,0,80,0.0,0.0,0.0,67.1,23.4,32.1,23.0,0.0,0.0,2455.4452571030133,0.22000000000000008,0.0,1.0,0.8,Colaba
72.8800_18.9500,72.88256478882708,18.952206706711607,28.240712690000038,-0.1,0.1005206,0,80,0.0,0.0,0.0,69.8,24.1,35.5,25.5,0.0,0.0,4399.312128727796,0.19666666666666666,0.0,1.0,0.8,Colaba
72.8800_18.9550,72.88256478882708,18.957596598416323,28.89355451,-0.1,0.10228910000000001,0,80,0.0,0.0,0.0,69.6,24.8,34.5,25.5,0.0,0.0,766.769219172473,0.17333333333333334,0.0,1.0,0.8209382358897628,Colaba
72.8800_18.9600,72.88256478882708,18.96208817483692,28.43212181000004,-0.1,0.11186510000000001,0,80,0.0,0.0,0.0,66.7,23.9,34.2,24.5,0.0,0.0,2293.8480937222753,0.20333333333333337,0.0,1.0,0.8,Colaba
72.8800_18.9650,72.88256478882708,18.967478066541638,28.66454717000002,-0.1,0.1130374,0,80,0.0,0.0,0.0,63.3,25.2,31.7,24.3,0.0,0.0,463.7231646232891,0.16000000000000003,0.0,1.0,0.8,Colaba
72.8800_18.9700,72.88256478882708,18.972867958246354,28.321036160000006,-0.1,0.11598439999999999,0,80,0.0,0.0,0.0,63.9,24.5,34.7,23.9,0.0,0.0,6958.447858844382,0.18333333333333335,0.0,1.0,0.8148730355108035,Colaba
72.8800_18.9750,72.88256478882708,18.977359534666952,28.61669489000002,-0.1,0.0975696,0,80,0.0,0.0,0.0,67.0,24.4,33.6,25.5,0.0,0.0,39.16117760530979,0.18666666666666676,0.0,1.0,0.8,Fort
72.8800_18.9800,72.88256478882708,18.98274942637167,28.507318250000026,-0.1,0.10117580000000001,0,80,0.0,0.0,0.0,62.8,23.4,32.8,23.7,0.0,0.0,1387.7278387559184,0.22000000000000008,0.0,1.0,0.8006279173106555,Fort
72.8800_18.9850,72.88256478882708,18.987241002792267,29.74805951000002,-0.1,0.09436829999999999,0,80,0.0,0.0,0.0,61.0,25.2,34.3,25.4,0.0,0.0,1616.0365812072175,0.16000000000000003,0.0,1.0,0.8321515661279902,Fort
72.8800_18.9900,72.88256478882708,18.992630894496983,30.334249940000007,-0.1,0.0827381,0,80,0.0,0.0,0.0,64.9,23.5,31.5,25.5,0.0,0.0,1747.3471771459508,0.21666666666666667,0.0,1.0,0.8,Fort
72.8800_18.9950,72.88256478882708,18.99712247091758,29.91725150000002,-0.1,0.094039,0,80,0.0,0.0,0.0,69.0,25.7,33.0,26.0,0.0,0.0,192.41084845500927,0.1433333333333333,0.0,1.0,0.8057836734623746,Fort
72.8800_19.0000,72.88256478882708,19.002512362622298,30.53420411000002,-0.06224465370178223,0.0833258,0,80,0.0,0.0,0.0,68.0,22.6,34.4,25.9,0.0,0.0,4183.803758383549,0.2466666666666666,0.0,1.0,0.7953449318425933,Fort
72.8800_19.0050,72.88256478882708,19.007902254327014,31.569864170000017,0.2723253667354584,0.083475,0,95,0.0,0.0,0.0,68.0,24.9,34.1,25.5,0.0,0.0,299.8425061745486,0.17000000000000004,0.0,0.7814407596516106,0.36899581396305825,Fort
72.8800_19.0100,72.88256478882708,19.012393830747612,32.90289197000001,0.5568464994430542,0.10089020000000001,0,95,0.0,0.0,0.0,70.2,24.4,33.5,25.8,15624.4,0.0,1462.2843038310566,0.18666666666666676,0.0,0.3199718661456904,0.14017926736244818,Fort
72.8800_19.0150,72.88256478882708,19.017783722452332,32.2073249,0.6278600096702576,0.112795,0,95,0.0,0.0,0.0,64.6,23.0,31.5,24.5,31100.7,0.0,377.84719335312394,0.23333333333333328,0.0,0.3129167839102569,0.12516671356410278,Fort
72.8800_19.0200,72.88256478882708,19.022275298872927,35.051117540000035,0.556711733341217,0.1254062,0,95,0.0,0.0019,0.0,62.9,23.3,35.1,24.8,31495.2,0.0,550.556427958376,0.22333333333333327,0.0019,0.29932473226881967,0.12374679476984207,Fort
72.8800_19.0250,72.88256478882708,19.027665190577647,44.04905519000005,0.2800972945070267,0.18393849999999998,0,40,0.0,0.0171,0.1727,64.5,23.5,34.2,26.3,0.0,0.0,1186.0028927171593,0.21666666666666667,0.0171,0.7181122541884857,0.3964598535218948,Fort
72.8800_19.0300,72.88256478882708,19.03215676699824,34.41365681000002,-0.05411415919661522,0.11210080000000001,0,40,0.0,0.026,0.0,63.5,23.7,33.5,24.6,21804.6,0.0,809.8498679089377,0.21000000000000008,0.026,1.0,0.7615515426053213,Fort
72.8800_19.0350,72.88256478882708,19.03754665870296,43.551733280000036,0.11764705926179886,0.14653680000000002,0,40,0.0,0.0291,0.0,66.0,25.2,35.2,23.7,21110.2,0.0,261.93299371190074,0.16000000000000003,0.0291,0.9179316878467638,0.6269487021145705,Fort
72.8800_19.0400,72.88256478882708,19.042936550407678,41.84101427000002,0.2761276066303253,0.1304212,0,10,0.0,0.0742,0.0,67.0,26.2,32.1,25.2,31845.9,0.0,281.1876161566323,0.1266666666666667,0.0742,0.6907777714143474,0.3949520821764601,Fort
72.8800_19.0450,72.88256478882708,19.047428126828276,38.06922920000005,0.10084407031536102,0.12251500000000001,1,50,0.0,0.0228,0.0,67.6,23.4,33.2,24.2,45537.1,0.0,812.3004586692531,0.22000000000000008,0.0228,0.914602686156758,0.7916040863469547,Fort
72.8800_19.0500,72.88256478882708,19.052818018532992,40.834407380000016,0.3081137787246704,0.1228236,1,10,0.0,0.0541,0.1063,63.5,24.4,32.0,25.4,38607.7,0.0,2123.788550810594,0.18666666666666676,0.0541,0.7161209953522825,0.5701460356116419,Fort
72.8800_19.0550,72.88256478882708,19.05730959495359,37.65223076000004,0.32163890617370605,0.15297629999999998,1,50,0.0,0.1098,0.0431,63.5,22.4,35.7,22.7,45149.0,0.0,3423.6538893271845,0.2533333333333334,0.1098,0.6236357939760355,0.4833470560563755,Bandra
72.8800_19.0600,72.88256478882708,19.062699486658307,38.436666350000024,0.17431392741203308,0.1409114,1,10,0.0,0.1768,0.0025,66.9,24.4,31.1,25.1,25855.9,0.0,131.8174399494141,0.18666666666666676,0.1768,0.713714615248365,0.5985577744858925,Bandra
72.8800_19.0650,72.88256478882708,19.067191063078905,39.85685366000001,0.1407359540462494,0.1439685,1,50,0.0,0.1214,0.0,69.8,23.1,32.9,25.1,28720.9,0.0,749.0965270750011,0.22999999999999998,0.1214,0.8298236108683411,0.6965190779667696,Bandra
72.8800_19.0700,72.88256478882708,19.07258095478362,42.401569550000005,0.19790517189979553,0.1436793,1,50,0.0,0.1814,0.0001,71.8,24.4,36.2,24.9,45617.4,0.0,158.45010220311997,0.18666666666666676,0.1814,0.6844159372429363,0.6421709569761507,Bandra
72.8800_19.0750,72.88256478882708,19.07707253120422,42.23237756,0.1745273740530014,0.1499754,1,50,0.0,0.1962,0.0255,69.1,24.9,34.3,25.9,47230.9,0.0,25.09751660642479,0.17000000000000004,0.1962,0.8528903595804808,0.6650433981013679,Bandra
72.8800_19.0800,72.88256478882708,19.082462422908936,41.01898046000002,0.21817493500232696,0.153646,1,50,0.0,0.1956,0.0034,59.5,24.4,33.7,24.2,42912.1,0.0,1625.8161446979593,0.18666666666666676,0.1956,0.7286481598958319,0.601291197260789,Bandra
72.8800_19.0850,72.88256478882708,19.087852314613652,44.177230940000015,0.17023882269859314,0.15450080000000002,1,50,0.0,0.0424,0.0,60.3,21.0,33.6,26.1,41789.5,0.0,1383.6497444318288,0.30000000000000004,0.0424,0.8431698078769777,0.6992241964498279,Bandra
72.8800_19.0900,72.88256478882708,19.09234389103425,42.946743740000045,0.16587677597999573,0.1495981,1,50,0.0,0.0716,0.0,62.3,24.4,35.2,26.2,38156.8,0.0,266.9310672786557,0.18666666666666676,0.0716,0.7652330723133842,0.623179637523264,Bandra
72.8800_19.0950,72.88256478882708,19.097733782738967,40.46867924000003,0.2216368168592453,0.1349788,1,50,0.0,0.1793,0.0,65.3,25.5,35.0,26.2,37947.9,0.0,399.4931938019185,0.15000000000000002,0.1793,0.7513120824608043,0.6239719586312469,Bandra
72.8800_19.1000,72.88256478882708,19.102225359159565,40.907894810000016,0.15462136268615723,0.17699679999999998,1,50,0.0,0.3345,0.0,65.5,23.3,34.0,27.0,41506.6,0.0,35.989956973212976,0.22333333333333327,0.3345,0.8027470401805772,0.6149842968859638,Bandra
72.8800_19.1050,72.88256478882708,19.10761525086428,40.52678558000002,0.10004937930822372,0.159774,1,50,0.0,0.2559,0.0059,65.0,24.8,34.8,26.1,22011.2,0.0,2702.234836156702,0.17333333333333334,0.2559,0.8515362147912301,0.7128985709468675,Bandra
72.8800_19.1100,72.88256478882708,19.11210682728488,39.205720850000034,0.2636324517917633,0.1580354,0,10,0.0,0.1492,0.0509,66.8,22.5,32.4,24.3,27151.7,0.0,5514.868881938131,0.25,0.1492,0.6825939525384072,0.38742474661059745,Bandra
72.8800_19.1150,72.88256478882708,19.117496718989596,39.65006345000003,0.24906226992607117,0.14776730000000002,0,10,0.0,0.1503,0.0,63.3,25.0,36.1,25.2,42077.8,0.0,218.33575444048628,0.16666666666666663,0.1503,0.7262303409974548,0.4459475239225661,Bandra
72.8800_19.1200,72.88256478882708,19.122886610694316,36.75329150000002,0.2546548466730118,0.1611865,0,50,0.0,0.1321,0.0171,63.1,25.1,36.1,24.1,30980.0,0.0,394.9236956675621,0.16333333333333333,0.1321,0.6558110401528278,0.33885353524691364,Bandra
72.8800_19.1250,72.88256478882708,19.127378187114914,40.49431439000003,0.3905203640460968,0.1538817,0,10,0.0,0.0379,0.0,66.9,25.3,35.0,25.2,31246.8,0.0,3042.090949690826,0.15666666666666662,0.0379,0.5028433595059503,0.20113734380238013,Bandra
72.8800_19.1300,72.88256478882708,19.13276807881963,42.64424897000001,0.043374642729759216,0.2056091,0,30,0.0,0.1355,0.0,70.7,22.5,31.3,25.6,20197.6,0.0,3914.966173814873,0.25,0.1355,0.9570839719365821,0.7496971536155806,Bandra
72.8800_19.1350,72.88256478882708,19.13725965524023,34.394857700000045,0.7382640767669678,0.13738609999999998,0,10,0.0,0.0,0.1352,64.7,23.4,31.2,24.3,6190.1,0.0,816.1274074253689,0.22000000000000008,0.0,0.2974384926776372,0.1189753970710549,Bandra
72.8850_18.8900,72.88705636524767,18.892917897959716,28.303946060000044,-0.1,0.11434345000000001,0,80,0.0,0.0,0.0,64.6,23.4,33.4,24.8,0.0,0.0,77.92311467188502,0.22000000000000008,0.0,1.0,0.8,Colaba
72.8850_18.8950,72.88705636524767,18.897409474380314,28.19798744000002,-0.1,0.11661289999999999,0,80,0.0,0.0,0.0,72.2,22.0,34.2,24.2,0.0,0.0,60.28303279628125,0.2666666666666667,0.0,1.0,0.786356290612705,Colaba
72.8850_18.9000,72.88705636524767,18.90279936608503,28.544916470000004,-0.1,0.12159470000000001,0,80,0.0,0.0,0.0,64.2,23.3,34.2,25.8,0.0,0.0,1279.797381529685,0.22333333333333327,0.0,1.0,0.8205753798284696,Colaba
72.8850_18.9050,72.88705636524767,18.90729094250563,28.428703790000014,-0.1,0.1339143,0,80,0.0,0.0,0.0,65.3,23.7,34.2,26.1,0.0,0.0,748.5805505532917,0.21000000000000008,0.0,1.0,0.8100337009033758,Colaba
72.8850_18.9100,72.88705636524767,18.912680834210345,28.127918030000018,-0.1,0.13349185,0,80,0.0,0.0,0.0,72.8,21.5,33.9,23.7,0.0,0.0,43.60638251941065,0.2833333333333333,0.0,1.0,0.8049665028503177,Colaba
72.8850_18.9150,72.88705636524767,18.917172410630943,28.13646308,-0.1,0.1204106,0,80,0.0,0.0,0.0,67.7,23.5,34.4,23.5,0.0,0.0,1312.9117466546484,0.21666666666666667,0.0,1.0,0.8015623547047204,Colaba
72.8850_18.9200,72.88705636524767,18.92256230233566,28.07322971000002,-0.1,0.10559595,0,80,0.0,0.0,0.0,63.9,22.7,32.2,24.8,0.0,0.0,17.05034349362735,0.2433333333333334,0.0,1.0,0.8080047171105356,Colaba
72.8850_18.9250,72.88705636524767,18.927053878756258,28.170643280000007,-0.1,0.13434589999999996,0,80,0.0,0.0,0.0,69.4,23.1,32.9,24.3,0.0,0.0,2322.316383288277,0.22999999999999998,0.0,1.0,0.8040330581025852,Colaba
72.8850_18.9300,72.88705636524767,18.932443770460978,28.103991890000003,-0.1,0.11602884999999999,0,80,0.0,0.0,0.0,70.2,22.8,33.3,24.3,0.0,0.0,548.8607653083484,0.24,0.0,1.0,0.8,Colaba
72.8850_18.9350,72.88705636524767,18.937833662165694,28.273183880000005,-0.1,0.10472655,0,80,0.0,0.0,0.0,70.5,23.6,32.4,22.7,0.0,0.0,61.636175663201115,0.21333333333333326,0.0,1.0,0.800921584432663,Colaba
72.8850_18.9400,72.88705636524767,18.942325238586292,28.05443059999999,-0.1,0.09829749999999998,0,80,0.0,0.0,0.0,62.0,22.0,32.2,23.3,0.0,0.0,1331.380800857202,0.2666666666666667,0.0,1.0,0.7592172466514866,Colaba
72.8850_18.9450,72.88705636524767,18.94771513029101,28.779050840000025,-0.1,0.1300621,0,80,0.0,0.0,0.0,64.3,22.8,35.5,24.6,0.0,0.0,760.4606137748417,0.24,0.0,1.0,0.8016216508580165,Colaba
72.8850_18.9500,72.88705636524767,18.952206706711607,28.81152203000002,-0.1,0.1072392,0,80,0.0,0.0,0.0,66.3,22.0,33.6,25.2,0.0,0.0,5463.017467994975,0.2666666666666667,0.0,0.9946675214316181,0.7793986776587563,Colaba
72.8850_18.9550,72.88705636524767,18.957596598416323,28.69872737000003,-0.1,0.09583400000000002,0,80,0.0,0.0,0.0,62.5,22.8,35.3,23.8,0.0,0.0,1178.5473416728917,0.24,0.0,1.0,0.8398231144240003,Colaba
72.8850_18.9600,72.88705636524767,18.96208817483692,28.355216360000043,-0.1,0.10977340000000001,0,80,0.0,0.0,0.0,67.1,21.7,33.0,23.3,0.0,0.0,482.8703751550207,0.2766666666666667,0.0,1.0,0.8,Colaba
72.8850_18.9650,72.88705636524767,18.967478066541638,28.707272420000038,-0.1,0.10319480000000002,0,80,0.0,0.0,0.0,67.9,23.1,33.4,25.8,0.0,0.0,1853.9119141006793,0.22999999999999998,0.0,1.0,0.8,Colaba
72.8850_18.9700,72.88705636524767,18.972867958246354,28.473138050000045,-0.1,0.1169286,0,80,0.0,0.0,0.0,69.2,24.1,34.3,24.4,0.0,0.0,475.1350131430527,0.19666666666666666,0.0,1.0,0.8,Colaba
72.8850_18.9750,72.88705636524767,18.977359534666952,28.346671310000005,-0.1,0.0991659,0,80,0.0,0.0,0.0,67.0,24.8,33.2,23.5,0.0,0.0,3518.9168846207403,0.17333333333333334,0.0,1.0,0.8103871749127578,Fort
72.8850_18.9800,72.88705636524767,18.98274942637167,29.093508680000042,-0.1,0.1014907,0,80,0.0,0.0,0.0,63.5,23.2,31.8,23.3,0.0,0.0,704.3383214590718,0.22666666666666668,0.0,1.0,0.8334672789230505,Fort
72.8850_18.9850,72.88705636524767,18.987241002792267,30.113787650000006,-0.1,0.12945579999999998,0,80,0.0,0.0,0.0,64.6,25.3,34.5,24.0,0.0,0.0,1197.3234842191214,0.15666666666666662,0.0,1.0,0.8,Fort
72.8850_18.9900,72.88705636524767,18.992630894496983,33.95564213,-0.05077860504388809,0.101216,0,80,0.0,0.0,0.0,66.1,24.9,35.4,25.6,0.0,0.0,77.84511541471852,0.17000000000000004,0.0,1.0,0.7909800276265812,Fort
72.8850_18.9950,72.88705636524767,18.99712247091758,34.16243234000001,0.035779260098934174,0.1115033,0,80,0.0,0.0,0.0,70.0,26.5,35.2,25.1,0.0,0.0,833.0056813746789,0.1166666666666667,0.0,0.9105349570578996,0.6831749719314073,Fort
72.8850_19.0000,72.88705636524767,19.002512362622298,31.903121120000037,0.6324324607849121,0.110875,0,95,0.0,0.0,0.0,62.3,23.3,37.7,24.5,11552.0,0.0,2678.9363562068406,0.22333333333333327,0.0,0.3857852572860726,0.15431410291442904,Fort
72.8850_19.0050,72.88705636524767,19.007902254327014,32.35429976,0.5365217328071594,0.10302040000000001,0,95,0.0,0.0,0.0,65.9,24.3,33.0,24.1,19987.4,0.0,2457.1327123072842,0.18999999999999995,0.0,0.531695669701287,0.2126782678805148,Fort
72.8850_19.0100,72.88705636524767,19.012393830747612,33.150698420000026,0.5805243253707886,0.1226389,0,10,0.0,0.0192,0.0,66.9,22.7,33.2,24.5,28557.9,0.0,381.0200356040325,0.2433333333333334,0.0192,0.4303720174197791,0.17214880696791166,Fort
72.8850_19.0150,72.88705636524767,19.017783722452332,38.05897514000003,0.14235500991344452,0.1471413,1,50,0.0,0.4492,0.0,68.6,24.5,35.1,24.0,35492.6,0.0,384.4283543090463,0.18333333333333335,0.4492,0.9220927334563856,0.7023334133111255,Fort
72.8850_19.0200,72.88705636524767,19.022275298872927,36.830196950000015,0.3216245770454407,0.13627440000000002,0,40,0.0,0.064,0.0,62.9,22.6,33.1,23.8,38067.8,0.0,2549.9083382615304,0.2466666666666666,0.064,0.5913755365014634,0.250333503742072,Fort
72.8850_19.0250,72.88705636524767,19.027665190577647,40.64983430000004,0.17761063129425048,0.1358952,0,50,0.0,0.0452,0.0044,63.5,25.3,32.5,23.7,40158.1,0.0,3997.452019774181,0.15666666666666662,0.0452,0.74197146718081,0.47182249676513366,Fort
72.8850_19.0300,72.88705636524767,19.03215676699824,39.29288036000003,0.4706129525566101,0.1362072,0,10,0.0,0.1494,0.0228,65.7,23.2,28.8,25.2,33386.8,0.0,150.32883429563014,0.22666666666666668,0.1494,0.4359178315407225,0.174367132616289,Fort
72.8850_19.0350,72.88705636524767,19.03754665870296,40.83098935999999,0.2555989921092987,0.1416993,1,50,0.0,0.174,0.0,64.4,23.0,31.1,25.6,23157.1,0.0,896.9154353673345,0.23333333333333328,0.174,0.7239792503731752,0.5006835267142126,Fort
72.8850_19.0400,72.88705636524767,19.042936550407678,42.562216490000026,0.21666073833465577,0.14826860000000003,1,50,0.0,0.1029,0.0237,64.3,21.5,33.5,24.2,38251.6,0.0,617.498565928285,0.2833333333333333,0.1029,0.7547488591555628,0.6044466781910155,Fort
72.8850_19.0450,72.88705636524767,19.047428126828276,41.83246922000001,0.305016964006424,0.14479319999999998,1,50,0.0,0.0729,0.006,65.8,23.4,34.7,26.0,47300.5,0.0,3068.2960683770857,0.22000000000000008,0.0729,0.6457475198199768,0.533362071670794,Fort
72.8850_19.0500,72.88705636524767,19.052818018532992,40.111496149999994,0.14463524676799774,0.1903102,1,50,0.0,0.157,0.0038,67.5,23.0,32.1,23.9,44084.4,0.0,130.83059499820206,0.23333333333333328,0.157,0.8398746246381672,0.7266064321854129,Fort
72.8850_19.0550,72.88705636524767,19.05730959495359,42.129836960000034,0.08316546678543091,0.15228780000000003,1,50,0.0,0.0645,0.0,60.5,22.7,33.0,24.4,45866.0,0.0,355.72289083704163,0.2433333333333334,0.0645,0.9327646234753022,0.7206302420096838,Bandra
72.8850_19.0600,72.88705636524767,19.062699486658307,38.99722163000001,0.22925959527492523,0.1549132,0,50,0.0,0.1218,0.0,65.5,23.8,34.5,23.8,22893.5,0.0,2094.325164318216,0.20666666666666667,0.1218,0.6479833242607327,0.36405321033455884,Bandra
72.8850_19.0650,72.88705636524767,19.067191063078905,38.622948440000016,0.30718499422073364,0.1500533,0,50,0.0,0.0945,0.0,63.6,24.1,34.5,25.2,22364.7,0.0,78.98425346306252,0.19666666666666666,0.0945,0.6179504143842106,0.3681347283668103,Bandra
72.8850_19.0700,72.88705636524767,19.07258095478362,38.734034089999994,0.5111357277393341,0.1561764,0,10,0.0,0.0673,0.0395,66.6,23.5,33.7,24.9,25040.2,0.0,1017.4924292844411,0.21666666666666667,0.0673,0.4948685319668189,0.19794741278672756,Bandra
72.8850_19.0750,72.88705636524767,19.07707253120422,39.63980939000004,0.06005929035305977,0.1522815,1,50,0.0,0.3159,0.0047,62.8,24.8,34.4,23.8,45579.0,0.0,875.3822301341548,0.17333333333333334,0.3159,0.8722793254540111,0.7540115258825892,Bandra
72.8850_19.0800,72.88705636524767,19.082462422908936,40.458425180000035,0.3207495803165436,0.1485273,0,10,0.0,0.2075,0.0406,65.3,25.1,34.3,24.4,42469.5,0.0,610.6022411909063,0.16333333333333333,0.2075,0.6069619258655486,0.3475213410139989,Bandra
72.8850_19.0850,72.88705636524767,19.087852314613652,42.92794463000004,0.13302752375602722,0.19129839999999998,1,50,0.0,0.2545,0.0,61.6,24.9,32.8,24.7,42869.9,0.0,752.7302308066165,0.17000000000000004,0.2545,0.8605098276264925,0.6736269577426388,Bandra
72.8850_19.0900,72.88705636524767,19.09234389103425,45.19238288,0.1454128682756424,0.17107630000000001,1,50,0.0,0.016,0.0088,64.4,24.9,32.7,26.1,44684.1,0.0,1132.344272220697,0.17000000000000004,0.016,0.7414292382381586,0.632721405435912,Bandra
72.8850_19.0950,72.88705636524767,19.097733782738967,44.384021150000024,0.10879190266132355,0.16027429999999998,1,50,0.0,0.0971,0.0,60.8,26.4,34.4,24.8,45968.8,0.0,263.9737816024775,0.12,0.0971,0.8280468169491212,0.6376433993560886,Bandra
72.8850_19.1000,72.88705636524767,19.102225359159565,40.34392151,0.2543655335903168,0.1538586,1,50,0.0,0.1338,0.0,60.3,24.6,33.5,24.1,24686.8,0.0,1272.9336799022828,0.17999999999999994,0.1338,0.7159090876999237,0.5073344889439956,Bandra
72.8850_19.1050,72.88705636524767,19.10761525086428,41.29754909000002,0.2654728293418884,0.1482955,0,50,0.0,0.1647,0.0,67.4,21.7,32.0,24.3,21065.9,0.0,2455.462882646097,0.2766666666666667,0.1647,0.6613475249626056,0.3956803018750599,Bandra
72.8850_19.1100,72.88705636524767,19.11210682728488,41.037779570000055,0.14855060908317566,0.17223860000000002,1,50,0.0,0.1853,0.0149,67.3,23.8,36.7,25.7,23553.9,0.0,2141.68068201825,0.20666666666666667,0.1853,0.843405593717483,0.6390556219776702,Bandra
72.8850_19.1150,72.88705636524767,19.117496718989596,37.036987160000024,0.2169637382030487,0.1347247,1,50,0.0,0.1503,0.0,67.4,24.0,33.0,24.7,44645.7,0.0,250.67641561483347,0.19999999999999996,0.1503,0.7141750030370828,0.5815687980249782,Bandra
72.8850_19.1200,72.88705636524767,19.122886610694316,36.90197537000003,0.34788913876533506,0.15682210000000002,0,10,0.0,0.0874,0.0669,63.6,23.8,34.0,24.7,33519.8,0.0,242.4545134765683,0.20666666666666667,0.0874,0.6955652059069609,0.35334450566599007,Bandra
72.8850_19.1250,72.88705636524767,19.127378187114914,39.32535155000005,0.26920855045318604,0.14793610000000001,1,50,0.0,0.0405,0.0,68.8,21.8,33.0,24.4,34170.7,0.0,468.31950104772795,0.2733333333333333,0.0405,0.6801233046720253,0.5412516758662391,Bandra
72.8850_19.1300,72.88705636524767,19.13276807881963,41.171082350000006,0.07881028205156326,0.26496259999999994,0,10,0.0,0.0652,0.0,62.7,23.2,34.2,24.2,13050.4,0.0,671.9516611104839,0.22666666666666668,0.0652,0.8752644447837045,0.6160141176348177,Bandra
72.8850_19.1350,72.88705636524767,19.13725965524023,40.195237640000016,0.25024470686912537,0.1575603,1,10,0.0,0.0074,0.0,61.6,23.0,31.2,25.2,6939.2,0.0,787.527755330841,0.23333333333333328,0.0074,0.7397884007800155,0.6060575274193004,Bandra
72.8900_18.8900,72.8924462569524,18.892917897959716,28.290273980000023,-0.1,0.1134627,0,80,0.0,0.0,0.0,60.4,24.1,31.6,24.0,0.0,0.0,1707.732799732727,0.19666666666666666,0.0,1.0,0.8149322272920432,Colaba
72.8900_18.8950,72.8924462569524,18.897409474380314,28.403068640000015,-0.1,0.12082779999999999,0,80,0.0,0.0,0.0,62.5,21.5,32.6,26.0,0.0,0.0,87.52525428206884,0.2833333333333333,0.0,1.0,0.8065115563357415,Colaba
72.8900_18.9000,72.8924462569524,18.90279936608503,28.218495560000008,-0.1,0.13122764999999997,0,80,0.0,0.0,0.0,59.1,20.9,31.8,25.6,0.0,0.0,52.932102813044494,0.30333333333333334,0.0,1.0,0.8455165085529528,Colaba
72.8900_18.9050,72.8924462569524,18.90729094250563,28.609858850000023,-0.1,0.11354745,0,80,0.0,0.0,0.0,63.6,22.2,33.0,24.1,0.0,0.0,746.1499611194608,0.26,0.0,1.0,0.8,Colaba
72.8900_18.9100,72.8924462569524,18.912680834210345,28.078356740000032,-0.1,0.11137615000000001,0,80,0.0,0.0,0.0,66.0,25.6,35.5,23.7,0.0,0.0,1791.8442862996217,0.1466666666666666,0.0,1.0,0.8103620340405996,Colaba
72.8900_18.9150,72.8924462569524,18.917172410630943,28.08519278000003,-0.1,0.11288855,0,80,0.0,0.0,0.0,62.8,26.6,34.0,24.5,0.0,0.0,322.45682205981586,0.11333333333333329,0.0,1.0,0.8,Colaba
72.8900_18.9200,72.8924462569524,18.92256230233566,28.09886486000002,-0.1,0.11557110000000001,0,80,0.0,0.0,0.0,65.4,25.0,34.8,23.3,0.0,0.0,1538.7586785570395,0.16666666666666663,0.0,1.0,0.8,Colaba
72.8900_18.9250,72.8924462569524,18.927053878756258,28.343253290000007,-0.1,0.11610135,0,80,0.0,0.0,0.0,62.3,22.5,35.6,24.3,0.0,0.0,451.3093105833492,0.25,0.0,1.0,0.8,Colaba
72.8900_18.9300,72.8924462569524,18.932443770460978,28.350089330000003,-0.1,0.11538735,0,80,0.0,0.0,0.0,66.8,24.4,34.3,24.3,0.0,0.0,3258.4686847056414,0.18666666666666676,0.0,1.0,0.7948659956451691,Colaba
72.8900_18.9350,72.8924462569524,18.937833662165694,28.72094450000003,-0.1,0.09970145,0,80,0.0,0.0,0.0,61.0,23.2,33.1,24.9,0.0,0.0,3390.581264983684,0.22666666666666668,0.0,1.0,0.8583634711012019,Colaba
72.8900_18.9400,72.8924462569524,18.942325238586292,28.753415690000026,-0.1,0.1018184,0,80,0.0,0.0,0.0,62.9,26.3,38.3,24.6,0.0,0.0,529.2105173816685,0.1233333333333333,0.0,1.0,0.8,Colaba
72.8900_18.9450,72.8924462569524,18.94771513029101,28.826903119999997,-0.1,0.1181613,0,80,0.0,0.0,0.0,60.1,20.0,34.9,25.1,0.0,0.0,392.03497864688427,0.33333333333333337,0.0,1.0,0.7999621220327744,Colaba
72.8900_18.9500,72.8924462569524,18.952206706711607,28.515863300000035,-0.1,0.1003172,0,80,0.0,0.0,0.0,68.4,22.4,34.4,25.0,0.0,0.0,794.7679652295043,0.2533333333333334,0.0,1.0,0.8054602143498878,Colaba
72.8900_18.9550,72.8924462569524,18.957596598416323,28.821776090000043,-0.1,0.0935449,0,80,0.0,0.0,0.0,68.8,25.7,33.8,24.8,0.0,0.0,412.7048169275558,0.1433333333333333,0.0,1.0,0.8,Colaba
72.8900_18.9600,72.8924462569524,18.96208817483692,28.459465970000025,-0.1,0.0950555,0,80,0.0,0.0,0.0,68.5,23.0,31.7,26.4,0.0,0.0,1673.8689147269129,0.23333333333333328,0.0,1.0,0.8,Colaba
72.8900_18.9650,72.8924462569524,18.967478066541638,28.53124439000004,-0.1,0.10755445,0,80,0.0,0.0,0.0,66.9,25.4,31.8,23.3,0.0,0.0,2623.607698742063,0.15333333333333343,0.0,1.0,0.8003205056459033,Colaba
72.8900_18.9700,72.8924462569524,18.972867958246354,28.79784995,-0.1,0.09882665,0,80,0.0,0.0,0.0,68.9,24.0,32.6,23.2,0.0,0.0,1677.1153405328705,0.19999999999999996,0.0,1.0,0.8158920076589042,Colaba
72.8900_18.9750,72.8924462569524,18.977359534666952,29.002931150000023,-0.1,0.09936130000000001,0,80,0.0,0.0,0.0,64.4,23.7,32.5,25.1,0.0,0.0,2608.8966697898995,0.21000000000000008,0.0,1.0,0.819472444988557,Fort
72.8900_18.9800,72.8924462569524,18.98274942637167,28.934570750000034,-0.1,0.1137425,0,80,0.0,0.0,0.0,62.1,25.0,34.0,25.7,0.0,0.0,758.7376265128042,0.16666666666666663,0.0,1.0,0.7931289554893912,Fort
72.8900_18.9850,72.8924462569524,18.987241002792267,29.21313938000003,-0.1,0.1035808,0,80,0.0,0.0,0.0,68.6,25.6,34.5,25.2,0.0,0.0,254.9676189563393,0.1466666666666666,0.0,1.0,0.8,Fort
72.8900_18.9900,72.8924462569524,18.992630894496983,31.41605327000002,-0.09619835019111633,0.11651845,0,80,0.0,0.0,0.0,63.2,23.1,34.6,25.5,0.0,0.0,2008.835353607839,0.22999999999999998,0.0,1.0,0.7494547433917126,Fort
72.8900_18.9950,72.8924462569524,18.99712247091758,33.57965992999999,0.48165422677993774,0.10769230000000002,0,95,0.0,0.0,0.0,68.2,24.3,33.6,26.6,0.0,0.0,670.5431878433906,0.18999999999999995,0.0,0.46700335203030763,0.18680134081212307,Fort
72.8900_19.0000,72.8924462569524,19.002512362622298,34.126543130000016,0.5142737627029419,0.11190610000000001,0,95,0.0,0.0269,0.0,66.5,21.5,33.2,24.8,36430.0,0.0,1668.7815663018534,0.2833333333333333,0.0269,0.43335522832946477,0.1795399869193986,Fort
72.8900_19.0050,72.8924462569524,19.007902254327014,41.13519314000001,0.1894492208957672,0.15477430000000003,0,40,0.0,0.0718,0.0,69.8,23.9,36.3,25.1,45514.4,0.0,473.3898696502433,0.20333333333333337,0.0718,0.7360640325551828,0.47941820020351933,Fort
72.8900_19.0100,72.8924462569524,19.012393830747612,38.61611240000002,0.2307932823896408,0.14192395,1,50,0.0,0.0388,0.0,66.3,25.3,32.4,26.4,51759.3,0.0,127.07859375590739,0.15666666666666662,0.0388,0.7021588208856382,0.540524858075997,Fort
72.8900_19.0150,72.8924462569524,19.017783722452332,41.702584460000026,0.06733890622854233,0.13602605,1,50,0.0,0.0654,0.0,59.6,21.9,36.6,24.9,40842.8,0.0,7355.727345851312,0.27,0.0654,0.7545883010878385,0.6828678882649798,Fort
72.8900_19.0200,72.8924462569524,19.022275298872927,41.90253863000004,0.09207689017057419,0.14824299999999999,1,50,0.0,0.0901,0.0,68.0,23.7,32.2,24.7,46533.2,0.0,254.76234954690244,0.21000000000000008,0.0901,0.8837019791222114,0.7525654021173949,Fort
72.8900_19.0250,72.8924462569524,19.027665190577647,39.71671484000001,0.27229176814079287,0.13515815,1,50,0.0,0.1078,0.0219,68.7,22.3,31.8,24.3,39870.3,0.0,6687.842467528168,0.2566666666666666,0.1078,0.6514531780414765,0.5381523786241467,Fort
72.8900_19.0300,72.8924462569524,19.03215676699824,37.67444789000004,0.3706377438926697,0.1389865,0,10,0.0,0.1452,0.0248,66.8,24.3,30.5,24.4,40752.5,0.0,5676.7600756612555,0.18999999999999995,0.1452,0.5145931501677403,0.2738342296247568,Fort
72.8900_19.0350,72.8924462569524,19.03754665870296,40.10295110000004,0.3038751482963562,0.13621005,0,10,0.0,0.1303,0.0,66.3,24.6,33.1,22.9,42743.4,0.0,2368.4947635928143,0.17999999999999994,0.1303,0.6929213341902712,0.44248933510267763,Fort
72.8900_19.0400,72.8924462569524,19.042936550407678,38.99209460000003,0.190461458234787,0.1375228,1,50,0.0,0.1828,0.0226,68.0,24.9,35.0,22.3,42133.9,0.0,1615.6708943865397,0.17000000000000004,0.1828,0.7209608125131163,0.5766417493101023,Fort
72.8900_19.0450,72.8924462569524,19.047428126828276,44.93432237000002,0.1073862083697319,0.157529,1,50,0.0,0.0884,0.0688,65.4,23.4,34.2,23.8,42754.4,0.0,1293.4392638239888,0.22000000000000008,0.0884,0.8490616389360802,0.6757495256146387,Fort
72.8900_19.0500,72.8924462569524,19.052818018532992,40.15251239000003,0.15160010008335115,0.1514927,1,50,0.0,0.1899,0.0314,70.9,24.4,32.5,24.1,42443.5,0.0,3016.010351452376,0.18666666666666676,0.1899,0.8856942094760779,0.701375507924846,Fort
72.8900_19.0550,72.8924462569524,19.05730959495359,43.13302583000001,0.08436445146799088,0.1536599,1,50,0.0,0.0981,0.0,66.5,23.0,34.9,24.1,43792.1,0.0,512.5518212913181,0.23333333333333328,0.0981,0.7990767886307835,0.8064011174794067,Bandra
72.8900_19.0600,72.8924462569524,19.062699486658307,38.657128640000025,0.16410423090457915,0.1386131,1,50,0.0,0.1112,0.0205,70.3,20.2,34.1,24.8,23441.5,0.0,945.7691166771134,0.32666666666666666,0.1112,0.7238319273655327,0.5870096175272519,Bandra
72.8900_19.0650,72.8924462569524,19.067191063078905,37.74280829,0.16064566373825073,0.1517725,1,50,0.0,0.1337,0.0,64.1,25.0,32.7,24.0,43443.6,0.0,1448.9699545143826,0.16666666666666663,0.1337,0.8072878957398661,0.7273135077339206,Bandra
72.8900_19.0700,72.8924462569524,19.07258095478362,40.93865699,0.27738264203071594,0.1430419,1,10,0.0,0.0699,0.0,65.0,24.8,33.1,24.8,49874.7,0.0,794.4788043073514,0.17333333333333334,0.0699,0.7371791561698025,0.6208821992593028,Bandra
72.8900_19.0750,72.8924462569524,19.07707253120422,42.52974530000003,0.19303704882621764,0.138746,0,40,0.0,0.0813,0.0192,68.4,21.7,32.1,24.2,44622.9,0.0,836.5783242839416,0.2766666666666667,0.0813,0.6923820652871842,0.42498765738557975,Bandra
72.8900_19.0800,72.8924462569524,19.082462422908936,40.71135866,0.24957223236560822,0.16740490000000002,0,10,0.0,0.1926,0.0,62.1,26.8,34.3,25.0,25446.1,0.0,601.3538006274889,0.10666666666666669,0.1926,0.7205907844762507,0.43133785106542477,Bandra
72.8900_19.0850,72.8924462569524,19.087852314613652,44.27806253,0.11395030642747879,0.1778768,1,50,0.0,0.0875,0.029,64.0,22.0,34.0,23.8,21920.0,0.0,1245.9673000103915,0.2666666666666667,0.0875,0.8704366305706058,0.7933864478902221,Bandra
72.8900_19.0900,72.8924462569524,19.09234389103425,42.61177778000004,0.16449310734272002,0.1537622,1,50,0.0,0.0539,0.013,63.5,24.8,31.8,23.7,25000.1,0.0,2851.4362884039956,0.17333333333333334,0.0539,0.6903202084726638,0.5741289657831753,Bandra
72.8900_19.0950,72.8924462569524,19.097733782738967,44.04905519000002,0.18500924110412598,0.14409899999999998,1,50,0.0,0.0443,0.0,66.8,25.5,34.7,25.5,44219.2,0.0,337.58377665357887,0.15000000000000002,0.0443,0.811686125791235,0.6631472356644448,Bandra
72.8900_19.1000,72.8924462569524,19.102225359159565,46.20582581000002,0.1310947813129425,0.1497343,1,50,0.0,0.0098,0.0022,66.8,21.5,31.2,25.0,45030.3,0.0,4087.0250241528765,0.2833333333333333,0.0098,0.8684752226791665,0.6670668298587922,Bandra
72.8900_19.1050,72.8924462569524,19.10761525086428,46.54250078000004,0.08792940527200699,0.1478536,1,50,0.0,0.044,0.0,66.7,24.8,31.2,24.0,24728.0,0.0,1752.3663770673602,0.17333333333333334,0.044,0.8521252360651917,0.6890904472406109,Bandra
72.8900_19.1100,72.8924462569524,19.11210682728488,40.16276645000002,0.11388003826141357,0.18161200000000002,1,50,0.0,0.1869,0.0,70.3,24.3,36.7,25.3,28594.0,0.0,2599.7254701152347,0.18999999999999995,0.1869,0.8942536798534869,0.7117467814664695,Bandra
72.8900_19.1150,72.8924462569524,19.117496718989596,38.298236540000005,0.3411405384540558,0.1524695,0,10,0.0,0.1773,0.0,64.8,25.6,32.6,21.6,49702.9,0.0,1218.540445067536,0.1466666666666666,0.1773,0.6699413902621865,0.2679765561048746,Bandra
72.8900_19.1200,72.8924462569524,19.122886610694316,37.03186013000001,0.15794363380908966,0.16323890000000002,1,50,0.0,0.1671,0.0838,65.6,21.9,32.6,23.4,37216.1,0.0,2267.8999955755544,0.27,0.1671,0.8233805924767705,0.6475412077177173,Bandra
72.8900_19.1250,72.8924462569524,19.127378187114914,40.877132630000006,0.09201978368520737,0.153006,0,10,0.0,0.1166,0.0292,63.2,22.5,34.9,24.6,26829.6,0.0,24.499587755010968,0.25,0.1166,0.848266146798546,0.5618997025289069,Bandra
72.8900_19.1300,72.8924462569524,19.13276807881963,36.88830329000001,0.5857835412025452,0.1499604,0,10,0.0,0.0471,0.0,63.7,22.2,33.8,24.0,12007.7,0.0,2558.7615383399484,0.26,0.0471,0.32058694416830696,0.1488235887858636,Bandra
72.8900_19.1350,72.8924462569524,19.13725965524023,38.14100762000001,0.33184191584587097,0.12266830000000001,0,10,0.0,0.0956,0.0,67.8,24.8,33.3,24.6,7344.7,0.0,61.449974794387295,0.17333333333333334,0.0956,0.6294794186858195,0.2517917674743278,Bandra
72.8950_18.8900,72.8978361486571,18.892917897959716,28.464593000000036,-0.1,0.11584180000000001,0,80,0.0,0.0,0.0,61.9,20.4,35.1,24.3,0.0,0.0,3309.731603227591,0.32000000000000006,0.0,1.0,0.8,Colaba
72.8950_18.8950,72.8978361486571,18.897409474380314,28.519281320000033,-0.1,0.1189692,0,80,0.0,0.0,0.0,65.6,25.5,33.4,22.7,0.0,0.0,7235.501925797146,0.15000000000000002,0.0,1.0,0.8185134441900545,Colaba
72.8950_18.9000,72.8978361486571,18.90279936608503,28.387687550000038,-0.1,0.1115392,0,80,0.0,0.0,0.0,66.2,25.6,33.8,24.8,0.0,0.0,522.3534023186977,0.1466666666666666,0.0,1.0,0.7834447609846114,Colaba
72.8950_18.9050,72.8978361486571,18.90729094250563,28.268056850000022,-0.1,0.10980345,0,80,0.0,0.0,0.0,64.0,22.9,34.4,27.2,0.0,0.0,354.1884759709365,0.2366666666666667,0.0,1.0,0.8,Colaba
72.8950_18.9100,72.8978361486571,18.912680834210345,28.784177870000008,-0.1,0.10862250000000001,0,80,0.0,0.0,0.0,66.6,20.2,33.5,22.5,0.0,0.0,2174.575786000738,0.32666666666666666,0.0,1.0,0.8029891217932662,Colaba
72.8950_18.9150,72.8978361486571,18.917172410630943,28.731198559999996,-0.1,0.1099329,0,80,0.0,0.0,0.0,64.2,25.9,32.1,23.3,0.0,0.0,437.58803512073575,0.13666666666666671,0.0,1.0,0.8154150041923758,Colaba
72.8950_18.9200,72.8978361486571,18.92256230233566,28.201405460000018,-0.1,0.11183285000000001,0,80,0.0,0.0,0.0,62.6,23.0,36.4,25.8,0.0,0.0,3009.9825044138956,0.23333333333333328,0.0,1.0,0.8476342706346509,Colaba
72.8950_18.9250,72.8978361486571,18.927053878756258,28.375724480000002,-0.1,0.11135330000000002,0,80,0.0,0.0,0.0,63.0,21.2,34.7,24.1,0.0,0.0,162.78592466097385,0.29333333333333333,0.0,1.0,0.8165447221531485,Colaba
72.8950_18.9300,72.8978361486571,18.932443770460978,28.24071269000001,-0.1,0.10555439999999999,0,80,0.0,0.0,0.0,66.7,23.4,34.7,23.8,0.0,0.0,201.9354628749656,0.22000000000000008,0.0,0.9890104549363262,0.8188009813022974,Colaba
72.8950_18.9350,72.8978361486571,18.937833662165694,28.37059745000002,-0.1,0.1132503,0,80,0.0,0.0,0.0,64.6,23.2,34.4,23.1,0.0,0.0,5805.713878020535,0.22666666666666668,0.0,1.0,0.8,Colaba
72.8950_18.9400,72.8978361486571,18.942325238586292,28.95336986000001,-0.1,0.10676975000000001,0,80,0.0,0.0,0.0,66.8,23.4,33.5,22.7,0.0,0.0,1680.5457638922558,0.22000000000000008,0.0,1.0,0.8,Colaba
72.8950_18.9450,72.8978361486571,18.94771513029101,28.242421700000023,-0.1,0.10364425,0,80,0.0,0.0,0.0,69.4,24.4,33.2,24.8,0.0,0.0,2814.870800813064,0.18666666666666676,0.0,1.0,0.8012466269923825,Colaba
72.8950_18.9500,72.8978361486571,18.952206706711607,28.286855960000025,-0.1,0.10618975,0,80,0.0,0.0,0.0,65.4,22.1,33.6,24.1,0.0,0.0,588.0743494263514,0.2633333333333333,0.0,1.0,0.802143398305192,Colaba
72.8950_18.9550,72.8978361486571,18.957596598416323,28.645748060000017,-0.1,0.10682305,0,80,0.0,0.0,0.0,68.0,25.5,32.8,22.3,0.0,0.0,1692.7588994725077,0.15000000000000002,0.0,1.0,0.8,Colaba
72.8950_18.9600,72.8978361486571,18.96208817483692,28.567133600000005,-0.1,0.1050302,0,80,0.0,0.0,0.0,63.2,25.3,32.7,24.4,0.0,0.0,1352.9968959085263,0.15666666666666662,0.0,1.0,0.8,Colaba
72.8950_18.9650,72.8978361486571,18.967478066541638,28.447502900000018,-0.1,0.101572,0,80,0.0,0.0,0.0,65.0,24.6,31.6,24.9,0.0,0.0,1386.295809204537,0.17999999999999994,0.0,1.0,0.8005563577447312,Colaba
72.8950_18.9700,72.8978361486571,18.972867958246354,28.767087770000046,-0.1,0.10637940000000001,0,80,0.0,0.0,0.0,61.6,24.0,36.6,26.5,0.0,0.0,1721.0695509602967,0.19999999999999996,0.0,1.0,0.8072078679003617,Colaba
72.8950_18.9750,72.8978361486571,18.977359534666952,28.727780540000026,-0.1,0.10835045000000001,0,80,0.0,0.0,0.0,66.5,22.1,31.3,23.4,0.0,0.0,1284.767370918273,0.2633333333333333,0.0,1.0,0.8054660615355893,Fort
72.8950_18.9800,72.8978361486571,18.98274942637167,29.349860180000036,-0.1,0.10511720000000002,0,80,0.0,0.0,0.0,63.5,25.7,31.6,23.9,0.0,0.0,840.7129552391658,0.1433333333333333,0.0,1.0,0.8058192946027489,Fort
72.8950_18.9850,72.8978361486571,18.987241002792267,30.98367374000003,-0.1,0.11663785,0,80,0.0,0.0,0.0,67.5,23.9,31.6,24.2,0.0,0.0,484.2856748685977,0.20333333333333337,0.0,1.0,0.8,Fort
72.8950_18.9900,72.8978361486571,18.992630894496983,30.693142040000026,-0.1,0.11497389999999999,0,80,0.0,0.0,0.0,71.8,20.1,29.8,24.8,0.0,0.0,2195.290182934501,0.32999999999999996,0.0,1.0,0.8,Fort
72.8950_18.9950,72.8978361486571,18.99712247091758,42.17085320000001,0.1946527510881424,0.0890074,0,60,0.0,0.0005,0.0,65.9,23.3,34.8,24.6,0.0,0.0,384.8031661486008,0.22333333333333327,0.0005,0.7462514144295316,0.4871438897375859,Fort
72.8950_19.0000,72.8978361486571,19.002512362622298,41.499212270000015,0.07651671022176743,0.11827405,1,50,0.0,0.0726,0.0,58.1,23.4,36.5,24.6,43051.6,0.0,1768.2097542300287,0.22000000000000008,0.0726,0.9061235688579589,0.7532390495625684,Fort
72.8950_19.0050,72.8978361486571,19.007902254327014,41.335147310000025,0.15519043803215027,0.12966805,1,50,0.0,0.0425,0.0,68.5,21.1,32.2,24.1,35225.8,0.0,398.5537494354804,0.29666666666666663,0.0425,0.7804144493245682,0.6356260986087009,Fort
72.8950_19.0100,72.8978361486571,19.012393830747612,42.514364210000025,0.1326899379491806,0.14198120000000003,1,50,0.0,0.0669,0.0,58.7,24.7,33.9,25.8,24258.7,0.0,1472.5651410752869,0.17666666666666664,0.0669,0.8338242334364244,0.7314045898984955,Fort
72.8950_19.0150,72.8978361486571,19.017783722452332,41.300967110000016,0.15744169056415558,0.1334972,1,50,0.0,0.0366,0.0,61.3,23.9,35.5,25.0,42617.6,0.0,2062.012791534526,0.20333333333333337,0.0366,0.8471030311643581,0.6599806949309659,Fort
72.8950_19.0200,72.8978361486571,19.022275298872927,42.639121940000024,0.16770166158676147,0.13156745,1,50,0.0,0.0647,0.0,65.3,22.1,30.9,25.2,42609.1,0.0,370.2207852001634,0.2633333333333333,0.0647,0.7314773995488117,0.7699159701959388,Fort
72.8950_19.0250,72.8978361486571,19.027665190577647,41.451359990000014,0.23606006801128387,0.13267155,1,50,0.0,0.0676,0.0,65.5,21.8,31.6,25.0,32278.6,0.0,92.72263095676223,0.2733333333333333,0.0676,0.6901431721513746,0.5414753673828397,Fort
72.8950_19.0300,72.8978361486571,19.03215676699824,42.75704363000003,0.24039790034294128,0.15886275,1,50,0.0,0.0787,0.0,59.6,25.0,34.5,22.9,40511.4,0.0,210.57290846495593,0.16666666666666663,0.0787,0.721191404024163,0.555263247482792,Fort
72.8950_19.0350,72.8978361486571,19.03754665870296,35.574074600000046,0.39154282212257385,0.12375389999999999,0,10,0.0,0.1012,0.0,65.5,24.1,30.5,25.2,33763.7,0.0,1397.095008648249,0.19666666666666666,0.1012,0.6914101909289438,0.28488081309729874,Fort
72.8950_19.0400,72.8978361486571,19.042936550407678,37.161744889999994,0.43305864930152893,0.15614245,0,10,0.0,0.1627,0.0,64.7,21.8,32.1,24.7,42503.7,0.0,2840.154230056632,0.2733333333333333,0.1627,0.47693913009012967,0.20277991135093743,Fort
72.8950_19.0450,72.8978361486571,19.047428126828276,42.49043807000004,0.16222384572029114,0.15239815,1,50,0.0,0.0292,0.0,63.8,23.9,34.4,25.0,31980.4,0.0,69.06091493647884,0.20333333333333337,0.0292,0.8940634035795548,0.7009061325046809,Fort
72.8950_19.0500,72.8978361486571,19.052818018532992,38.07093821000004,0.27248803462028504,0.14926975,1,50,0.0,0.158,0.0013,68.1,26.7,32.8,23.9,33910.5,0.0,1987.2416624293521,0.10999999999999999,0.158,0.7833422055634736,0.6201349717520903,Fort
72.8950_19.0550,72.8978361486571,19.05730959495359,37.29504767000003,0.24547762594223022,0.13118125,1,50,0.0,0.1711,0.007,63.4,22.7,32.1,24.9,44146.5,0.0,626.273086398326,0.2433333333333334,0.1711,0.7124024415226902,0.5986501216362896,Bandra
72.8950_19.0600,72.8978361486571,19.062699486658307,38.84170172,0.12590853247880934,0.1425127,1,50,0.0,0.1691,0.0068,69.4,22.3,32.7,25.0,22352.8,0.0,976.6506099506638,0.2566666666666666,0.1691,0.8184700312111957,0.6357329920817795,Bandra
72.8950_19.0650,72.8978361486571,19.067191063078905,36.78063566,0.1937718061351776,0.14683335,1,50,0.0,0.1851,0.0913,58.4,24.5,35.8,22.7,41471.4,0.0,3964.6487771336297,0.18333333333333335,0.1851,0.7549649289315878,0.5704923060197463,Bandra
72.8950_19.0700,72.8978361486571,19.07258095478362,37.806041660000005,0.308105559720993,0.14636115,1,50,0.0,0.186,0.0038,64.7,24.3,33.3,25.9,40185.1,0.0,605.1366731613456,0.18999999999999995,0.186,0.6457159687623736,0.4054223722543009,Bandra
72.8950_19.0750,72.8978361486571,19.07707253120422,38.01624989000001,0.19177335768699647,0.14893105,0,10,0.0,0.1333,0.0027,66.9,21.2,34.8,24.0,41244.2,0.0,939.1777703208702,0.29333333333333333,0.1333,0.6940213556850257,0.5065220300310314,Bandra
72.8950_19.0800,72.8978361486571,19.082462422908936,41.31122117000001,0.2672240629196167,0.14995409999999998,0,10,0.0,0.1614,0.005,67.2,24.1,34.7,22.6,41756.7,0.0,20.665322516423764,0.19666666666666666,0.1614,0.6854777562143534,0.33747718790309306,Bandra
72.8950_19.0850,72.8978361486571,19.087852314613652,41.629097030000025,0.18665091693401337,0.166122,1,50,0.0,0.1238,0.0,66.9,24.7,33.9,24.7,23004.4,0.0,127.68128954227736,0.17666666666666664,0.1238,0.8383564967585294,0.5839577715426063,Bandra
72.8950_19.0900,72.8978361486571,19.09234389103425,45.18041981000002,0.1834099143743515,0.16594585,1,50,0.0,0.0205,0.0,63.1,23.4,31.2,24.0,45516.1,0.0,448.8054696840747,0.22000000000000008,0.0205,0.7362520775018127,0.6269143310734108,Bandra
72.8950_19.0950,72.8978361486571,19.097733782738967,45.870859850000016,0.20079630613327026,0.14713605,1,50,0.0,0.0131,0.0,66.8,23.0,36.1,25.3,45268.2,0.0,42.3712056880835,0.23333333333333328,0.0131,0.7430266636672772,0.7130502119621959,Bandra
72.8950_19.1000,72.8978361486571,19.102225359159565,47.78666006000003,0.07533565908670425,0.1575014,1,50,0.0,0.0562,0.0,66.7,22.9,35.7,24.3,47535.2,0.0,1496.964444518347,0.2366666666666667,0.0562,0.7923568971999336,0.7143915008162957,Bandra
72.8950_19.1050,72.8978361486571,19.10761525086428,40.096115060000045,0.3104520019817352,0.15792640000000002,1,50,0.0,0.0973,0.1456,62.6,24.1,32.2,23.8,46053.6,0.0,833.7301874843579,0.19666666666666666,0.0973,0.704553182424817,0.5450946497600778,Bandra
72.8950_19.1100,72.8978361486571,19.11210682728488,37.09167548000002,0.27953234092712403,0.1419816,0,10,0.0,0.1545,0.0289,68.9,23.4,32.8,24.8,37465.0,0.0,1191.5915936004385,0.22000000000000008,0.1545,0.6997672633204447,0.40150766251640796,Bandra
72.8950_19.1150,72.8978361486571,19.117496718989596,38.13929861,0.3007448787784576,0.19149470000000002,0,10,0.0,0.0819,0.0042,62.5,22.0,34.3,24.6,41235.1,0.0,287.9164959092094,0.2666666666666667,0.0819,0.6462518292098309,0.348045863075633,Bandra
72.8950_19.1200,72.8978361486571,19.122886610694316,37.26599450000003,0.35294945108413694,0.11760594999999999,0,10,0.0,0.0898,0.0029,65.1,24.9,33.1,23.7,18853.4,0.0,526.3205675834143,0.17000000000000004,0.0898,0.6017974114047558,0.335259602328898,Bandra
72.8950_19.1250,72.8978361486571,19.127378187114914,34.027420550000045,0.6688812298011779,0.1596088,0,10,0.0,0.003,0.3014,63.1,26.1,34.1,25.1,19067.5,0.0,1635.1827887230681,0.13,0.003,0.3590182342601993,0.14360729370407974,Bandra
72.8950_19.1300,72.8978361486571,19.13276807881963,35.82529907000003,0.41038607405662536,0.13883079999999998,0,10,0.0,0.0452,0.1208,64.9,24.2,35.6,24.2,24972.5,0.0,5041.64112884926,0.19333333333333336,0.0452,0.6092996976284082,0.2750987123689391,Bandra
72.8950_19.1350,72.8978361486571,19.13725965524023,40.53703964000002,0.2940162122249603,0.1621067,0,10,0.0,0.0562,0.0,60.5,23.5,34.1,24.6,14322.0,0.0,77.59814955521966,0.21666666666666667,0.0562,0.6559109476956085,0.36001932154611577,Bandra
72.9000_18.8900,72.90232772507771,18.892917897959716,28.956787880000007,-0.1,0.09356855,0,80,0.0,0.0,0.0,65.0,19.1,35.3,25.3,0.0,0.0,3316.1622852151772,0.3633333333333333,0.0,1.0,0.8163874653627882,Colaba
72.9000_18.8950,72.90232772507771,18.897409474380314,28.584223699999995,-0.1,0.1109676,0,80,0.0,0.0,0.0,71.1,25.3,33.9,24.4,0.0,0.0,1290.1534371033297,0.15666666666666662,0.0,1.0,0.8084777896488797,Colaba
72.9000_18.9000,72.90232772507771,18.90279936608503,28.592768750000005,-0.1,0.11875875,0,80,0.0,0.0,0.0,63.6,23.8,32.8,24.3,0.0,0.0,1244.8928590937041,0.20666666666666667,0.0,1.0,0.8,Colaba
72.9000_18.9050,72.90232772507771,18.90729094250563,28.46117498000001,-0.1,0.10853380000000001,0,80,0.0,0.0,0.0,65.2,22.6,36.9,25.1,0.0,0.0,1040.556609295258,0.2466666666666666,0.0,1.0,0.8,Colaba
72.9000_18.9100,72.90232772507771,18.912680834210345,28.28001992000003,-0.1,0.110558,0,80,0.0,0.0,0.0,63.5,25.2,36.3,25.1,0.0,0.0,107.8790766735919,0.16000000000000003,0.0,1.0,0.8,Colaba
72.9000_18.9150,72.90232772507771,18.917172410630943,28.852538269999997,-0.1,0.11015725000000001,0,80,0.0,0.0,0.0,66.2,22.2,34.0,25.8,0.0,0.0,141.2630412971342,0.26,0.0,1.0,0.8,Colaba
72.9000_18.9200,72.90232772507771,18.92256230233566,28.360343390000025,-0.1,0.10982914999999999,0,80,0.0,0.0,0.0,65.8,23.3,33.5,24.7,0.0,0.0,1377.8600238176296,0.22333333333333327,0.0,1.0,0.8,Colaba
72.9000_18.9250,72.90232772507771,18.927053878756258,28.338126260000024,-0.1,0.10373435,0,80,0.0,0.0,0.0,62.9,25.9,34.9,24.7,0.0,0.0,625.4533209782999,0.13666666666666671,0.0,1.0,0.8,Colaba
72.9000_18.9300,72.90232772507771,18.932443770460978,28.00828733000003,-0.1,0.09887665000000001,0,80,0.0,0.0,0.0,61.1,26.0,35.8,25.0,0.0,0.0,3738.2244236768242,0.1333333333333333,0.0,1.0,0.8,Colaba
72.9000_18.9350,72.90232772507771,18.937833662165694,28.358634380000012,-0.1,0.10881065000000001,0,80,0.0,0.0,0.0,62.4,28.2,35.4,26.0,0.0,0.0,782.8059371606192,0.06000000000000005,0.0,1.0,0.8,Colaba
72.9000_18.9400,72.90232772507771,18.942325238586292,28.529535380000027,-0.1,0.10836005000000001,0,80,0.0,0.0,0.0,62.5,22.7,33.1,27.4,0.0,0.0,231.9687563260406,0.2433333333333334,0.0,1.0,0.8,Colaba
72.9000_18.9450,72.90232772507771,18.94771513029101,28.28856497000001,-0.1,0.11471565,0,80,0.0,0.0,0.0,67.6,22.3,33.4,25.0,0.0,0.0,1881.4200538763644,0.2566666666666666,0.0,1.0,0.8404518046113897,Colaba
72.9000_18.9500,72.90232772507771,18.952206706711607,28.503900230000028,-0.1,0.10749125000000001,0,80,0.0,0.0,0.0,63.6,23.1,32.5,24.2,0.0,0.0,520.8369404335468,0.22999999999999998,0.0,1.0,0.8250508146205846,Colaba
72.9000_18.9550,72.90232772507771,18.957596598416323,35.577492620000015,0.047227803617715836,0.11369960000000001,0,80,0.0,0.0112,0.0,69.4,25.0,35.6,24.7,0.0,0.0,1118.1466292851283,0.16666666666666663,0.0112,0.9327297337567629,0.6776220628626071,Colaba
72.9000_18.9600,72.90232772507771,18.96208817483692,35.45786192000003,0.43383875489234924,0.13134495000000002,0,10,0.0,0.0628,0.0,66.9,22.5,34.1,25.6,0.0,0.0,1795.1620866854933,0.25,0.0628,0.5095086020097974,0.2092518687369912,Colaba
72.9000_18.9650,72.90232772507771,18.967478066541638,28.900390550000026,-0.1,0.10833380000000001,0,80,0.0,0.0,0.0,72.3,21.9,34.1,25.1,0.0,0.0,3457.8445483564415,0.27,0.0,1.0,0.7757698933254024,Colaba
72.9000_18.9700,72.90232772507771,18.972867958246354,28.82861213000001,-0.1,0.10151135,0,80,0.0,0.0,0.0,60.3,25.9,34.9,24.1,0.0,0.0,2356.705241680212,0.13666666666666671,0.0,1.0,0.8198817332746337,Colaba
72.9000_18.9750,72.90232772507771,18.977359534666952,28.850829260000012,-0.1,0.09955255,0,80,0.0,0.0,0.0,66.5,22.6,33.5,22.7,0.0,0.0,1692.1901874263995,0.2466666666666666,0.0,1.0,0.8,Fort
72.9000_18.9800,72.90232772507771,18.98274942637167,28.881591439999994,-0.1,0.1146268,0,80,0.0,0.0,0.0,63.7,24.8,31.7,24.9,0.0,0.0,1707.4329520186895,0.17333333333333334,0.0,1.0,0.8151647587649997,Fort
72.9000_18.9850,72.90232772507771,18.987241002792267,31.31180366000001,-0.07178997993469238,0.09424170000000001,0,80,0.0,0.0,0.0,69.2,26.2,35.7,24.5,0.0,0.0,4376.065086463708,0.1266666666666667,0.0,1.0,0.7699531318283361,Fort
72.9000_18.9900,72.90232772507771,18.992630894496983,30.412864400000018,-0.1,0.09687815,0,80,0.0,0.0,0.0,65.2,23.8,35.4,23.2,0.0,0.0,526.0906387855214,0.20666666666666667,0.0,1.0,0.8,Fort
72.9000_18.9950,72.90232772507771,18.99712247091758,34.52474246,-0.04264302924275398,0.09181059999999999,0,50,0.0,0.0136,0.0,67.0,24.3,33.1,25.1,24527.4,0.0,1.6690695476742974,0.18999999999999995,0.0136,1.0,0.7897848647547624,Fort
72.9000_19.0000,72.90232772507771,19.002512362622298,41.12493908000005,0.09814701229333878,0.13256565,1,10,0.0,0.0119,0.0,64.2,22.9,32.1,24.7,41013.4,0.0,476.0877214864968,0.2366666666666667,0.0119,0.8714386477129158,0.7530530666105802,Fort
72.9000_19.0050,72.90232772507771,19.007902254327014,41.494085240000004,0.14417900145053864,0.12016075000000001,1,50,0.0,0.0134,0.0,68.6,24.4,32.4,24.7,25912.8,0.0,368.6424710243635,0.18666666666666676,0.0134,0.8391940042333367,0.7515526457565656,Fort
72.9000_19.0100,72.90232772507771,19.012393830747612,42.27852082999999,0.07105769217014313,0.10771075000000001,1,50,0.0,0.0593,0.0,65.1,23.5,35.0,24.3,45056.6,0.0,1626.3301650885599,0.21666666666666667,0.0593,0.8452664884546004,0.7198449129363264,Fort
72.9000_19.0150,72.90232772507771,19.017783722452332,39.70816979000003,0.08178161084651947,0.1013446,1,50,0.0,0.0071,0.0,62.2,24.9,32.2,24.5,47747.7,0.0,1506.5014156355287,0.17000000000000004,0.0071,0.8077559492129018,0.6526368220554062,Fort
72.9000_19.0200,72.90232772507771,19.022275298872927,41.80854308000002,0.12419292330741882,0.11855664999999999,1,50,0.0,0.0796,0.0,65.8,23.7,33.4,23.2,43523.7,0.0,1350.1145325150956,0.21000000000000008,0.0796,0.8715196468179092,0.6634840794526078,Fort
72.9000_19.0250,72.90232772507771,19.027665190577647,40.27043408000003,0.16968382894992828,0.1799409,0,10,0.0,0.0327,0.0,64.2,24.5,33.3,24.1,33540.5,0.0,24.565221261510775,0.18333333333333335,0.0327,0.8505659941438971,0.5343830064792322,Fort
72.9000_19.0300,72.90232772507771,19.03215676699824,40.427663000000024,0.14445807039737701,0.1893028,1,50,0.0,0.1708,0.0,71.2,27.5,33.5,24.0,35332.7,0.0,1957.2267090337912,0.08333333333333337,0.1708,0.7474334084831282,0.5656093263370804,Fort
72.9000_19.0350,72.90232772507771,19.03754665870296,35.189547350000026,0.5619361400604248,0.12373415,0,10,0.0,0.0968,0.0,66.5,25.4,35.7,26.5,37796.2,0.0,586.3016820217271,0.15333333333333343,0.0968,0.48041567911766014,0.19216627164706407,Fort
72.9000_19.0400,72.90232772507771,19.042936550407678,35.509132220000026,0.4552958607673645,0.14688455,0,10,0.0,0.127,0.0,67.3,21.7,30.8,25.1,39721.2,0.0,1640.6878387322267,0.2766666666666667,0.127,0.5148343271694545,0.22292707554763813,Fort
72.9000_19.0450,72.90232772507771,19.047428126828276,36.89343031999999,0.6532118374061584,0.15943625,0,10,0.0,0.0993,0.0054,65.6,26.1,35.3,26.2,26809.7,0.0,1219.8514991777818,0.13,0.0993,0.3002241423663001,0.12166893785988173,Fort
72.9000_19.0500,72.90232772507771,19.052818018532992,37.54456313000003,0.2887323867225647,0.14399715000000002,1,10,0.0,0.1882,0.0438,66.6,25.3,32.7,24.9,36917.6,0.0,629.4926910035014,0.15666666666666662,0.1882,0.6613310334501464,0.4826991638340314,Fort
72.9000_19.0550,72.90232772507771,19.05730959495359,35.832135110000024,0.2555310809898376,0.1348628,1,50,0.0,0.2091,0.0051,64.6,25.0,34.2,22.6,43795.0,0.0,216.80404106284863,0.16666666666666663,0.2091,0.6363141780389125,0.5841349387759615,Bandra
72.9000_19.0600,72.90232772507771,19.062699486658307,41.83930526,0.10791644403934479,0.17038295,1,50,0.0,0.147,0.0045,64.6,21.1,33.2,23.0,21967.2,0.0,148.76765896335098,0.29666666666666663,0.147,0.8917050967568851,0.7579134741245209,Bandra
72.9000_19.0650,72.90232772507771,19.067191063078905,37.447149560000014,0.6394283771514893,0.17482425000000001,0,50,0.0,0.1405,0.0,65.7,21.1,31.6,25.4,44956.2,0.0,2671.3925054430456,0.29666666666666663,0.1405,0.2693440297766306,0.11972916273555935,Bandra
72.9000_19.0700,72.90232772507771,19.07258095478362,38.65541963000004,0.1462932051753998,0.1603038,1,10,0.0,0.1287,0.0522,58.0,23.0,34.4,22.7,44544.5,0.0,3758.8438438742787,0.23333333333333328,0.1287,0.7822853210377202,0.6762472105263481,Bandra
72.9000_19.0750,72.90232772507771,19.07707253120422,36.44054267000001,0.2831443358612061,0.14769555,1,10,0.0,0.1985,0.0454,61.1,22.6,34.2,24.0,45809.9,0.0,1573.8250906728447,0.2466666666666666,0.1985,0.7357633146331417,0.5349036022938736,Bandra
72.9000_19.0800,72.90232772507771,19.082462422908936,38.22645812000002,0.3159516032981873,0.14145375000000002,1,50,0.0,0.18,0.0121,70.2,20.4,31.7,22.4,25962.7,0.0,163.77524568963614,0.32000000000000006,0.18,0.5510930993682264,0.3907149501602883,Bandra
72.9000_19.0850,72.90232772507771,19.087852314613652,38.17006079000001,0.22566407712459563,0.14723425,1,50,0.0,0.1798,0.0007,68.0,22.7,33.7,22.8,21939.9,0.0,771.31505888745,0.2433333333333334,0.1798,0.654195757341996,0.5753992204029083,Bandra
72.9000_19.0900,72.90232772507771,19.09234389103425,40.56438380000003,0.18186040222644806,0.1801384,1,50,0.0,0.1309,0.0,59.8,21.1,33.8,26.6,44737.7,0.0,1958.1181941157356,0.29666666666666663,0.1309,0.7631913655981479,0.6141080589879754,Bandra
72.9000_19.0950,72.90232772507771,19.097733782738967,43.63718377999999,0.19866114854812622,0.1848518,0,50,0.0,0.0427,0.0,63.8,22.4,31.6,25.3,40709.0,0.0,2269.9708504358537,0.2533333333333334,0.0427,0.7605475329021164,0.4836203051221936,Bandra
72.9000_19.1000,72.90232772507771,19.102225359159565,42.97750592,0.3166356682777405,0.16249715,0,10,0.0,0.1056,0.0,66.1,24.1,31.9,26.2,39406.2,0.0,188.71668716818587,0.19666666666666666,0.1056,0.6588519191207056,0.379184444147046,Bandra
72.9000_19.1050,72.90232772507771,19.10761525086428,40.23625387999999,0.1938267215871811,0.16888424999999999,1,50,0.0,0.1677,0.0493,66.8,26.7,33.1,24.5,36513.0,0.0,0.046078975823714244,0.10999999999999999,0.1677,0.7552080787430063,0.6756134654335194,Bandra
72.9000_19.1100,72.90232772507771,19.11210682728488,39.42105611000005,0.3246893301391601,0.15668115000000002,0,40,0.0,0.1035,0.0493,69.0,22.3,34.2,23.9,31597.4,0.0,1867.9061487789274,0.2566666666666666,0.1035,0.7696148082929244,0.4179086246234946,Bandra
72.9000_19.1150,72.90232772507771,19.117496718989596,37.53089104999998,0.15535745275974275,0.15702195000000002,1,50,0.0,0.1381,0.0042,59.4,25.2,34.2,25.5,34156.5,0.0,661.4740811218227,0.16000000000000003,0.1381,0.7874013343019656,0.5739224094448001,Bandra
72.9000_19.1200,72.90232772507771,19.122886610694316,30.580347380000006,0.011175178278312086,0.06801499999999999,0,40,0.0,0.0,0.0489,63.3,23.8,32.9,25.7,0.0,0.0,440.51265550001546,0.20666666666666667,0.0,0.9715510141165518,0.6357143069655955,Bandra
72.9000_19.1250,72.90232772507771,19.127378187114914,30.918731360000038,-0.07687101513147354,0.07420905000000001,0,80,0.0,0.0,0.0,68.5,27.3,34.8,25.1,0.0,0.0,19.47204642725308,0.08999999999999997,0.0,1.0,0.8,Bandra
72.9000_19.1300,72.90232772507771,19.13276807881963,31.684367839999993,0.05420096963644028,0.0706465,0,80,0.0,0.0593,0.0,68.5,25.2,33.9,25.2,15864.2,0.0,1165.7698285203742,0.16000000000000003,0.0593,0.9308004211896133,0.5958757155289196,Bandra
72.9000_19.1350,72.90232772507771,19.13725965524023,36.62340674000001,0.3951316475868225,0.1162184,0,80,0.0,0.0754,0.0,68.1,24.1,34.2,23.4,0.0,0.0,2857.2316983769183,0.19666666666666666,0.0754,0.6007508940155163,0.2554768459294787,Bandra
72.9050_18.8900,72.90771761678243,18.892917897959716,32.29277540000004,0.0016724268207326531,0.0949458,0,80,0.0,0.0032,0.0,63.0,23.1,30.6,23.1,0.0,0.0,4742.0303546605855,0.22999999999999998,0.0032,1.0,0.6857839947426461,Colaba
72.9050_18.8950,72.90771761678243,18.897409474380314,32.47905749,-0.028424808755517006,0.09317505000000001,0,80,0.0,0.013,0.0,66.2,25.8,34.1,24.5,0.0,0.0,1251.1848691424918,0.14,0.013,0.9260080805335061,0.6466398579623246,Colaba
72.9050_18.9000,72.90771761678243,18.90279936608503,30.021501110000003,-0.08131284266710281,0.09514685,0,80,0.0,0.0001,0.0,66.4,24.5,33.5,23.9,0.0,0.0,1083.7445098834137,0.18333333333333335,0.0001,1.0,0.8,Colaba
72.9050_18.9050,72.90771761678243,18.90729094250563,28.74657965,-0.1,0.11398265,0,80,0.0,0.0,0.0,65.8,22.1,34.2,21.3,0.0,0.0,133.3392586363952,0.2633333333333333,0.0,1.0,0.8,Colaba
72.9050_18.9100,72.90771761678243,18.912680834210345,28.77734183000001,-0.1,0.11291604999999999,0,80,0.0,0.0,0.0,66.7,23.7,36.5,23.4,0.0,0.0,1194.0089141300455,0.21000000000000008,0.0,1.0,0.8171579765058269,Colaba
72.9050_18.9150,72.90771761678243,18.917172410630943,28.397941610000032,-0.1,0.1126362,0,80,0.0,0.0,0.0,70.4,23.0,34.6,24.6,0.0,0.0,717.0030868621503,0.23333333333333328,0.0,1.0,0.7627642979536565,Colaba
72.9050_18.9200,72.90771761678243,18.92256230233566,28.765378760000033,-0.1,0.10928735,0,80,0.0,0.0,0.0,66.3,24.3,32.7,24.8,0.0,0.0,1401.4349288087471,0.18999999999999995,0.0,1.0,0.8,Colaba
72.9050_18.9250,72.90771761678243,18.927053878756258,28.51244528000001,-0.1,0.10687630000000001,0,80,0.0,0.0,0.0,66.4,23.1,30.3,24.8,0.0,0.0,738.3158163917683,0.22999999999999998,0.0,1.0,0.8216422462598628,Colaba
72.9050_18.9300,72.90771761678243,18.932443770460978,28.34496230000002,-0.1,0.10429205,0,80,0.0,0.0,0.0,66.4,21.2,33.7,24.6,0.0,0.0,412.24575999509216,0.29333333333333333,0.0,1.0,0.7996496061462822,Colaba
72.9050_18.9350,72.90771761678243,18.937833662165694,28.562006569999994,-0.1,0.11016645,0,80,0.0,0.0,0.0,66.4,24.9,32.7,24.5,0.0,0.0,149.67294915738165,0.17000000000000004,0.0,1.0,0.8,Colaba
72.9050_18.9400,72.90771761678243,18.942325238586292,28.298819030000004,-0.1,0.10379830000000001,0,80,0.0,0.0,0.0,65.3,25.1,34.2,23.8,0.0,0.0,567.3260832188378,0.16333333333333333,0.0,1.0,0.8,Colaba
72.9050_18.9450,72.90771761678243,18.94771513029101,28.20995051,-0.1,0.106396,0,80,0.0,0.0,0.0,66.5,25.0,34.6,25.7,0.0,0.0,152.45922807511957,0.16666666666666663,0.0,1.0,0.8,Colaba
72.9050_18.9500,72.90771761678243,18.952206706711607,28.321036160000006,-0.09996186196804047,0.11068350000000002,0,80,0.0,0.0,0.0,69.8,22.7,36.0,26.4,0.0,0.0,292.01081176183544,0.2433333333333334,0.0,1.0,0.8,Colaba
72.9050_18.9550,72.90771761678243,18.957596598416323,31.59720833,-0.0813894048333168,0.11545274999999999,0,80,0.0,0.0079,0.0,65.7,19.5,34.7,23.9,0.0,0.0,6553.506717833836,0.35,0.0079,1.0,0.7708632517981152,Colaba
72.9050_18.9600,72.90771761678243,18.96208817483692,29.17383215000001,-0.1,0.09072635,0,80,0.0,0.0012,0.0,66.5,24.3,32.3,23.3,0.0,0.0,880.7598832620733,0.18999999999999995,0.0012,1.0,0.8,Colaba
72.9050_18.9650,72.90771761678243,18.967478066541638,29.098635710000025,-0.1,0.11311494999999999,0,80,0.0,0.0,0.0,70.3,24.9,34.1,23.0,0.0,0.0,1138.519526103151,0.17000000000000004,0.0,1.0,0.8037695152203621,Colaba
72.9050_18.9700,72.90771761678243,18.972867958246354,28.66454716999999,-0.1,0.10351540000000001,0,80,0.0,0.0,0.0,64.3,25.0,32.3,23.7,0.0,0.0,3102.675594188022,0.16666666666666663,0.0,1.0,0.8,Colaba
72.9050_18.9750,72.90771761678243,18.977359534666952,28.73803460000002,-0.1,0.10316275,0,80,0.0,0.0,0.0,67.2,22.0,33.7,22.9,0.0,0.0,8128.661294231521,0.2666666666666667,0.0,1.0,0.8,Fort
72.9050_18.9800,72.90771761678243,18.98274942637167,28.799558960000013,-0.1,0.1103914,0,80,0.0,0.0,0.0,63.1,24.8,32.7,23.5,0.0,0.0,1310.976776670214,0.17333333333333334,0.0,1.0,0.8,Fort
72.9050_18.9850,72.90771761678243,18.987241002792267,31.522011890000044,-0.06838104128837585,0.0932693,0,80,0.0,0.0,0.0,66.5,22.1,30.5,24.4,0.0,0.0,2510.7552333300578,0.2633333333333333,0.0,0.987110115720938,0.7341567707579999,Fort
72.9050_18.9900,72.90771761678243,18.992630894496983,31.231480190000013,-0.1,0.09451124999999999,0,80,0.0,0.0,0.0,62.7,26.6,33.0,24.4,0.0,0.0,593.8834832644478,0.11333333333333329,0.0,1.0,0.7967851629169365,Fort
72.9050_18.9950,72.90771761678243,18.99712247091758,32.35942679000004,0.12256757915019989,0.10639675,0,80,0.0,0.0,0.0,66.5,23.7,33.6,25.3,0.0,0.0,547.3716736802472,0.21000000000000008,0.0,0.8148528012260003,0.627161155256648,Fort
72.9050_19.0000,72.90771761678243,19.002512362622298,37.63855868000002,0.27401143312454224,0.1358986,0,10,0.0,0.0033,0.0,65.8,23.9,34.6,25.0,36537.6,0.0,773.0130134317382,0.20333333333333337,0.0033,0.6689880031555607,0.31797562731044365,Fort
72.9050_19.0050,72.90771761678243,19.007902254327014,36.338002070000016,0.37525123357772827,0.13432434999999998,0,10,0.0,0.0154,0.0,65.7,23.9,33.1,23.1,15348.8,0.0,1674.434100383204,0.20333333333333337,0.0154,0.596338047817571,0.23853521912702844,Fort
72.9050_19.0100,72.90771761678243,19.012393830747612,40.76775599000004,0.21184547245502472,0.13530745,0,30,0.0,0.0137,0.0,64.6,22.7,34.5,23.8,19069.3,0.0,1719.460311534654,0.2433333333333334,0.0137,0.7527162036215177,0.5321408814652026,Fort
72.9050_19.0150,72.90771761678243,19.017783722452332,41.533392470000024,0.21733003854751587,0.1307256,1,50,0.0,0.0773,0.0,63.9,23.1,35.6,23.4,32523.1,0.0,568.0290621860454,0.22999999999999998,0.0773,0.7446512824032637,0.579829595841658,Fort
72.9050_19.0200,72.90771761678243,19.022275298872927,41.80341605000001,0.2681172788143158,0.14428795,0,10,0.0,0.154,0.0,62.8,23.4,35.1,24.9,18302.4,0.0,214.43768782641666,0.22000000000000008,0.154,0.6510649950868463,0.343137135780439,Fort
72.9050_19.0250,72.90771761678243,19.027665190577647,40.24138091000003,0.24598431587219238,0.13510355000000002,0,10,0.0,0.0103,0.0,67.2,21.0,34.3,26.4,15380.1,0.0,1501.1245572526893,0.30000000000000004,0.0103,0.698507148567848,0.4442115942252284,Fort
72.9050_19.0300,72.90771761678243,19.03215676699824,37.35828104000001,0.3481249511241913,0.12742335,0,10,0.0,0.0352,0.0,64.0,26.3,34.6,25.1,30691.7,0.0,206.00943012779902,0.1233333333333333,0.0352,0.6137572234176605,0.26277830687823667,Fort
72.9050_19.0350,72.90771761678243,19.03754665870296,41.61542495000003,0.19145293533802032,0.1797589,1,50,0.0,0.0137,0.0,66.4,24.2,31.3,24.8,33492.1,0.0,1295.8765914416888,0.19333333333333336,0.0137,0.6858651330036254,0.6585801402678859,Fort
72.9050_19.0400,72.90771761678243,19.042936550407678,38.01795890000005,0.45536598563194275,0.1366243,0,10,0.0,0.0762,0.0,65.0,24.3,32.6,26.0,32354.0,0.0,1773.4252313159736,0.18999999999999995,0.0762,0.4805200760523883,0.20171979913952698,Fort
72.9050_19.0450,72.90771761678243,19.047428126828276,40.125168229999986,0.07787062227725983,0.15993435,1,50,0.0,0.1572,0.0,65.2,22.7,35.5,24.4,39879.2,0.0,1809.0198087673443,0.2433333333333334,0.1572,0.8935330666743825,0.7006623586952059,Fort
72.9050_19.0500,72.90771761678243,19.052818018532992,39.92008702999999,0.18932029604911804,0.153053,1,50,0.0,0.1025,0.0,65.6,20.6,35.2,24.6,40195.8,0.0,2100.420225838519,0.31333333333333324,0.1025,0.7008919737586148,0.6644176644478498,Fort
72.9050_19.0550,72.90771761678243,19.05730959495359,43.122771770000014,0.08651529252529144,0.1543074,1,50,0.0,0.0972,0.0,59.8,22.4,34.6,23.6,25383.7,0.0,3093.6928318476726,0.2533333333333334,0.0972,0.9250215700544205,0.7314688576733298,Bandra
72.9050_19.0600,72.90771761678243,19.062699486658307,40.316577350000045,0.37424078583717346,0.15718895,0,50,0.0,0.032,0.0,64.4,24.4,32.6,23.8,24605.6,0.0,1039.5977517789843,0.18666666666666676,0.032,0.6420831922928186,0.3122478752416466,Bandra
72.9050_19.0650,72.90771761678243,19.067191063078905,34.7195696,0.6426826119422913,0.15567235000000001,0,10,0.0,0.0858,0.0,62.3,22.7,34.1,23.8,42849.0,0.0,1965.3850054861662,0.2433333333333334,0.0858,0.24835815425970448,0.12320948182242432,Bandra
72.9050_19.0700,72.90771761678243,19.07258095478362,37.870984039999996,0.21330385843276978,0.13330595,1,10,0.0,0.1465,0.0322,68.2,25.9,34.4,23.5,46068.8,0.0,1448.1140704859442,0.13666666666666671,0.1465,0.8242453382197372,0.6634178838256954,Bandra
72.9050_19.0750,72.90771761678243,19.07707253120422,38.40761318,0.12171337413549423,0.15091005,1,50,0.0,0.2503,0.0127,65.8,20.5,35.4,24.3,44004.5,0.0,309.8720834976274,0.31666666666666665,0.2503,0.829644531428899,0.7500363241958816,Bandra
72.9050_19.0800,72.90771761678243,19.082462422908936,37.53260006000005,0.19392441051483153,0.14951655,1,50,0.0,0.2514,0.0056,63.4,23.6,35.4,24.1,25730.1,0.0,39.03807949500346,0.21333333333333326,0.2514,0.7838263524430212,0.6107644963150429,Bandra
72.9050_19.0850,72.90771761678243,19.087852314613652,39.00405767000001,0.19670283794403076,0.13451935,1,50,0.0,0.2147,0.0,64.0,23.5,33.4,24.2,25016.8,0.0,502.24728491322105,0.21666666666666667,0.2147,0.7381088044495568,0.5517139848086601,Bandra
72.9050_19.0900,72.90771761678243,19.09234389103425,39.67911662000003,0.4489915370941162,0.1228268,0,10,0.0,0.0722,0.0,63.4,25.6,36.8,25.0,25284.9,0.0,877.8758324355499,0.1466666666666666,0.0722,0.5603126642672219,0.22412506570688878,Bandra
72.9050_19.0950,72.90771761678243,19.097733782738967,41.097594920000034,0.26575905084609985,0.15326650000000003,1,50,0.0,0.1095,0.0,64.3,24.3,34.9,24.2,46125.6,0.0,1439.9954180614677,0.18999999999999995,0.1095,0.7085657000963335,0.5191264689713286,Bandra
72.9050_19.1000,72.90771761678243,19.102225359159565,44.626700570000025,0.14402107894420624,0.18257335000000002,0,60,0.0,0.0118,0.0,61.7,24.9,31.8,23.9,29694.5,0.0,2845.273337484511,0.17000000000000004,0.0118,0.7604992532259136,0.5895183280360654,Bandra
72.9050_19.1050,72.90771761678243,19.10761525086428,40.09440605,0.35128042101860046,0.12152025,0,10,0.0,0.0029,0.0,64.1,24.5,34.7,24.6,26597.9,0.0,327.69251146131637,0.18333333333333335,0.0029,0.5540034039831351,0.27459472592474127,Bandra
72.9050_19.1100,72.90771761678243,19.11210682728488,41.041197590000024,0.2795720396614075,0.13608415000000001,1,50,0.0,0.1262,0.1177,70.1,21.3,35.9,24.9,30896.5,0.0,201.23988212987172,0.2899999999999999,0.1262,0.6418975935781315,0.47269849904927563,Bandra
72.9050_19.1150,72.90771761678243,19.117496718989596,38.787013400000035,0.3306696487808228,0.15663074999999999,1,50,0.0,0.181,0.0863,63.3,25.1,37.0,26.1,40175.9,0.0,4964.840677477467,0.16333333333333333,0.181,0.657628215040815,0.4753880192974201,Bandra
72.9050_19.1200,72.90771761678243,19.122886610694316,36.34312910000003,0.3560513609600067,0.13432745000000001,0,10,0.0,0.0438,0.0054,64.4,24.9,30.9,25.5,22300.0,0.0,171.50865316162302,0.17000000000000004,0.0438,0.6338939746289801,0.25355758985159205,Bandra
72.9050_19.1250,72.90771761678243,19.127378187114914,31.219517120000035,0.611942708492279,0.15494809999999998,0,80,0.0,0.0051,0.0,66.7,22.2,35.5,25.4,0.0,0.0,976.5433218176514,0.26,0.0051,0.374121145446693,0.1831456516369585,Bandra
72.9050_19.1300,72.90771761678243,19.13276807881963,33.44464814,0.7626489400863647,0.1952971,0,10,0.0,0.0281,0.0,63.6,21.7,34.5,24.4,14224.1,0.0,1321.254097235912,0.2766666666666667,0.0281,0.17286287518326637,0.06914515007330656,Bandra
72.9050_19.1350,72.90771761678243,19.13725965524023,37.271121530000016,0.42713677883148193,0.1319631,0,10,0.0,0.0696,0.0,65.0,24.6,32.4,22.9,7183.1,0.0,1169.2817004544888,0.17999999999999994,0.0696,0.4754244683852999,0.19016978735411996,Bandra
72.9100_18.8900,72.91220919320303,18.892917897959716,38.561424079999995,0.22271738946437836,0.1443678,1,50,0.0,0.0628,0.0,68.0,24.9,32.2,24.6,1077.4,0.0,134.93983634445794,0.17000000000000004,0.0628,0.6998685306344324,0.4799192832377678,Chembur
72.9100_18.8950,72.91220919320303,18.897409474380314,40.72161272000005,0.37236884236335754,0.14519274999999998,1,50,0.0,0.1596,0.0,64.9,23.1,34.0,24.8,1437.7,0.0,88.07630638044355,0.22999999999999998,0.1596,0.6416907645847388,0.4409279337712346,Chembur
72.9100_18.9000,72.91220919320303,18.90279936608503,32.21586995000001,0.6118491291999817,0.09222625,0,10,0.0,0.0298,0.0,56.8,24.5,32.1,25.0,0.0,0.0,167.20777357696727,0.18333333333333335,0.0298,0.33625156757001423,0.14677604414380385,Chembur
72.9100_18.9050,72.91220919320303,18.90729094250563,29.257573640000032,-0.1,0.11376945,0,80,0.0,0.0,0.0,64.1,24.0,35.4,23.2,0.0,0.0,1321.340802140825,0.19999999999999996,0.0,1.0,0.8075091171525451,Chembur
72.9100_18.9100,72.91220919320303,18.912680834210345,30.455589650000007,-0.1,0.10818425000000001,0,80,0.0,0.0,0.0,69.8,24.5,32.1,25.6,0.0,0.0,1179.0286322443576,0.18333333333333335,0.0,1.0,0.8033514021160199,Chembur
72.9100_18.9150,72.91220919320303,18.917172410630943,29.734387429999998,-0.1,0.09863145000000001,0,80,0.0,0.0,0.0,64.0,26.3,33.2,25.5,0.0,0.0,399.35216232919436,0.1233333333333333,0.0,1.0,0.8232451919501134,Chembur
72.9100_18.9200,72.91220919320303,18.92256230233566,28.748288660000014,-0.1,0.1087536,0,80,0.0,0.0,0.0,64.7,20.2,33.4,25.0,0.0,0.0,1523.231016237582,0.32666666666666666,0.0,1.0,0.8,Chembur
72.9100_18.9250,72.91220919320303,18.927053878756258,28.459465969999997,-0.1,0.1083153,0,80,0.0,0.0,0.0,66.9,24.9,31.6,25.3,0.0,0.0,2572.7602647698527,0.17000000000000004,0.0,1.0,0.8178982111205365,Chembur
72.9100_18.9300,72.91220919320303,18.932443770460978,28.52953538,-0.1,0.10532520000000001,0,80,0.0,0.0,0.0,66.1,24.3,33.2,22.6,0.0,0.0,63.70214766965131,0.18999999999999995,0.0,1.0,0.8,Chembur
72.9100_18.9350,72.91220919320303,18.937833662165694,28.331290220000028,-0.1,0.10803204999999999,0,80,0.0,0.0,0.0,64.4,25.3,33.9,23.1,0.0,0.0,1034.1210667314247,0.15666666666666662,0.0,1.0,0.8,Chembur
72.9100_18.9400,72.91220919320303,18.942325238586292,28.377433490000016,-0.1,0.10671514999999998,0,80,0.0,0.0,0.0,71.0,20.9,34.9,25.5,0.0,0.0,1753.4414623514883,0.30333333333333334,0.0,1.0,0.8,Chembur
72.9100_18.9450,72.91220919320303,18.94771513029101,28.77563282,-0.1,0.11095325,0,80,0.0,0.0,0.0,67.8,23.9,34.9,25.1,0.0,0.0,436.15410417233807,0.20333333333333337,0.0,1.0,0.8,Chembur
72.9100_18.9500,72.91220919320303,18.952206706711607,28.70727241999998,-0.1,0.11668835,0,80,0.0,0.0,0.0,62.7,25.9,33.6,24.8,0.0,0.0,551.757474657304,0.13666666666666671,0.0,1.0,0.8,Chembur
72.9100_18.9550,72.91220919320303,18.957596598416323,28.780759850000038,-0.1,0.10618564999999999,0,80,0.0,0.0,0.0,67.6,22.6,33.4,24.6,0.0,0.0,1426.4704111166984,0.2466666666666666,0.0,1.0,0.8022820298445305,Chembur
72.9100_18.9600,72.91220919320303,18.96208817483692,29.129397890000007,-0.1,0.09938340000000001,0,80,0.0,0.0,0.0,60.6,24.6,35.4,24.1,0.0,0.0,3423.22243324193,0.17999999999999994,0.0,1.0,0.8012376670577428,Chembur
72.9100_18.9650,72.91220919320303,18.967478066541638,28.82519411000004,-0.1,0.10695199999999999,0,80,0.0,0.0,0.0,66.0,23.4,34.1,23.9,0.0,0.0,2490.500247058196,0.22000000000000008,0.0,1.0,0.8,Chembur
72.9100_18.9700,72.91220919320303,18.972867958246354,28.782468860000023,-0.1,0.10487944999999999,0,80,0.0,0.0,0.0,64.1,22.5,33.0,23.1,0.0,0.0,1312.4720729547455,0.25,0.0,1.0,0.8,Chembur
72.9100_18.9750,72.91220919320303,18.977359534666952,28.44921191000003,-0.1,0.10422155,0,80,0.0,0.0,0.0,67.3,22.4,30.9,24.7,0.0,0.0,1965.2322513193376,0.2533333333333334,0.0,1.0,0.8,Chembur
72.9100_18.9800,72.91220919320303,18.98274942637167,28.765378760000004,-0.1,0.11831835,0,80,0.0,0.0,0.0,64.9,25.7,34.0,24.9,0.0,0.0,680.7761170307987,0.1433333333333333,0.0,1.0,0.8272645795026451,Chembur
72.9100_18.9850,72.91220919320303,18.987241002792267,31.164828800000038,-0.08495054394006729,0.1142341,0,80,0.0,0.0,0.0,67.1,23.2,32.7,25.8,0.0,0.0,1536.5053096419672,0.22666666666666668,0.0,1.0,0.8,Chembur
72.9100_18.9900,72.91220919320303,18.992630894496983,29.58057653000003,-0.1,0.09813925,0,80,0.0,0.0,0.0,71.3,21.0,34.4,22.8,0.0,0.0,941.5493342192693,0.30000000000000004,0.0,1.0,0.8,Chembur
72.9100_18.9950,72.91220919320303,18.99712247091758,31.405799210000026,-0.054376814514398575,0.10510645,0,80,0.0,0.0,0.0,67.1,24.6,32.8,23.7,0.0,0.0,315.96328581617024,0.17999999999999994,0.0,0.9341561229042725,0.8054412557305907,Chembur
72.9100_19.0000,72.91220919320303,19.002512362622298,35.70908639000004,0.4144561290740967,0.11979625,0,10,0.0,0.0,0.0,67.0,22.9,32.0,23.6,13661.1,0.0,1814.6758535330698,0.2366666666666667,0.0,0.3534849833449861,0.14139399333799446,Chembur
72.9100_19.0050,72.91220919320303,19.007902254327014,35.70395936000003,0.34748733043670654,0.12356935,0,10,0.0,0.0,0.0,62.1,25.8,35.8,25.6,11437.3,0.0,1219.4666175124794,0.14,0.0,0.6296312659551975,0.2602942553391535,Chembur
72.9100_19.0100,72.91220919320303,19.012393830747612,35.0613716,0.43153539299964905,0.12746985,0,10,0.0,0.0,0.0,66.2,23.2,32.9,22.9,10019.5,0.0,666.203460729377,0.22666666666666668,0.0,0.45898536931427647,0.1835941477257106,Chembur
72.9100_19.0150,72.91220919320303,19.017783722452332,37.45056758000004,0.32357599438667295,0.12668364999999998,0,10,0.0,0.0,0.0088,68.9,22.2,31.3,24.9,11345.5,0.0,3634.405971852854,0.26,0.0,0.6304363254776741,0.25217453019106967,Powai
72.9100_19.0200,72.91220919320303,19.022275298872927,35.750102630000015,0.44077709317207336,0.11869390000000002,0,10,0.0,0.0,0.0,59.9,26.1,34.0,24.8,11783.5,0.0,31.734515009539038,0.13,0.0,0.5085098847766963,0.2616631971633847,Powai
72.9100_19.0250,72.91220919320303,19.027665190577647,36.46959584000001,0.3882957398891449,0.1378241,0,10,0.0,0.0,0.0,64.1,26.6,33.5,24.6,5897.2,0.0,569.1986491849938,0.11333333333333329,0.0,0.649727060231632,0.2746843334550095,Powai
72.9100_19.0300,72.91220919320303,19.03215676699824,35.63559896000004,0.30701684951782227,0.16133205,0,10,0.0,0.0044,0.0,71.9,24.9,32.0,23.6,11705.7,0.0,87.84484961643177,0.17000000000000004,0.0044,0.6645833631293581,0.38280962704395394,Powai
72.9100_19.0350,72.91220919320303,19.03754665870296,37.22497826000003,0.4254086911678314,0.12623,0,10,0.0,0.0418,0.0,63.8,24.5,32.8,24.2,18754.9,0.0,2182.0352920146534,0.18333333333333335,0.0418,0.5450152601721022,0.2180061040688409,Powai
72.9100_19.0400,72.91220919320303,19.042936550407678,38.20424099000002,0.3194204866886139,0.1514916,0,10,0.0,0.1526,0.0,64.1,22.0,34.2,24.3,38877.2,0.0,1816.5336626660192,0.2666666666666667,0.1526,0.6769815910430698,0.3597272267611892,Powai
72.9100_19.0450,72.91220919320303,19.047428126828276,42.488729060000026,0.2230824521255493,0.152636,0,10,0.0,0.1797,0.0169,64.2,23.9,33.3,26.0,37098.6,0.0,603.7467643523551,0.20333333333333337,0.1797,0.7546216272164026,0.4800681776876935,Powai
72.9100_19.0500,72.91220919320303,19.052818018532992,41.21551661000004,0.2728458642959595,0.13433135000000002,1,50,0.0,0.1233,0.0,66.1,23.1,31.9,24.1,24292.8,0.0,1688.9578181553939,0.22999999999999998,0.1233,0.6639708810546189,0.5300022975416944,Powai
72.9100_19.0550,72.91220919320303,19.05730959495359,41.56244564000002,0.2136923010587692,0.14993205,1,50,0.0,0.066,0.013,60.6,24.8,32.6,25.5,21446.9,0.0,756.1157344627935,0.17333333333333334,0.066,0.7988018804539587,0.5759683712267331,Powai
72.9100_19.0600,72.91220919320303,19.062699486658307,38.25209327000002,0.35017596873283385,0.1380826,1,50,0.0,0.0931,0.0453,67.9,25.4,35.7,23.4,33851.4,0.0,2117.4415856680957,0.15333333333333343,0.0931,0.5665017448727524,0.392471660995218,Powai
72.9100_19.0650,72.91220919320303,19.067191063078905,40.94720204000001,0.17801617085933685,0.13841704999999999,0,40,0.0,0.0202,0.0,68.1,24.2,33.8,24.0,41892.4,0.0,908.2091076958086,0.19333333333333336,0.0202,0.7966210735173412,0.5412291874310681,Powai
72.9100_19.0700,72.91220919320303,19.07258095478362,42.907436510000025,0.093256875872612,0.16121485000000002,1,50,0.0,0.0516,0.0,60.4,23.2,32.1,25.0,38865.2,0.0,797.2562578239927,0.22666666666666668,0.0516,0.7810001794205724,0.7046928725630757,Powai
72.9100_19.0750,72.91220919320303,19.07707253120422,37.175416970000015,0.21989493072032928,0.1691388,1,50,0.0,0.1464,0.0,64.5,22.2,33.6,24.5,47654.7,0.0,4093.832207301406,0.26,0.1464,0.7395606221554705,0.644666046897872,Powai
72.9100_19.0800,72.91220919320303,19.082462422908936,37.95985256,0.14256022513866423,0.152783,1,50,0.0,0.1786,0.0142,66.0,24.3,33.3,23.9,43318.9,0.0,433.28233968713215,0.18999999999999995,0.1786,0.8255143569499822,0.7262248757843316,Powai
72.9100_19.0850,72.91220919320303,19.087852314613652,39.58683008000003,0.20152104370117188,0.1592715,1,50,0.0,0.2388,0.0114,66.6,22.1,33.7,23.6,44205.9,0.0,192.51276249617158,0.2633333333333333,0.2388,0.8379402543945613,0.6358397989329022,Powai
72.9100_19.0900,72.91220919320303,19.09234389103425,41.38812662000004,0.2023326205444336,0.13791685,1,50,0.0,0.1339,0.0114,64.4,23.0,33.5,25.2,42036.5,0.0,1317.56464864143,0.23333333333333328,0.1339,0.6814636297834774,0.5733565035979221,Powai
72.9100_19.0950,72.91220919320303,19.097733782738967,41.965772000000015,0.1669569730424881,0.1697254,1,50,0.0,0.085,0.0003,70.5,24.4,33.6,26.4,41880.6,0.0,5226.305062152294,0.18666666666666676,0.085,0.7521710481648213,0.6307544404874574,Powai
72.9100_19.1000,72.91220919320303,19.102225359159565,40.64128925000003,0.1827554702758789,0.1533486,1,50,0.0,0.1882,0.0,61.1,24.8,34.4,23.9,46788.1,0.0,711.8350812257012,0.17333333333333334,0.1882,0.8123740710528283,0.6319978237461107,Powai
72.9100_19.1050,72.91220919320303,19.10761525086428,45.47095151000002,0.13048294186592102,0.170626,1,50,0.0,0.0049,0.0,67.2,23.4,32.4,23.5,32348.4,0.0,96.06678656714755,0.22000000000000008,0.0049,0.8350951209539443,0.6410123875047021,Powai
72.9100_19.1100,72.91220919320303,19.11210682728488,39.86539871000002,0.1607967616558075,0.18428080000000002,1,50,0.0,0.0945,0.088,65.0,23.8,33.1,25.4,23625.2,0.0,621.6950584419911,0.20666666666666667,0.0945,0.8193342509110677,0.6982609806685336,Powai
72.9100_19.1150,72.91220919320303,19.117496718989596,38.450338430000016,0.08202780030250549,0.13581100000000002,0,60,0.0,0.1985,0.0141,66.5,23.8,33.3,23.3,25791.1,0.0,1057.6221296761057,0.20666666666666667,0.1985,0.8336521145495674,0.568155168047347,Powai
72.9100_19.1200,72.91220919320303,19.122886610694316,37.56165322999999,0.4788377890205383,0.11826195,0,10,0.0,0.0914,0.0632,65.2,22.6,33.3,23.4,36476.3,0.0,264.9679577900163,0.2466666666666666,0.0914,0.47510270857489023,0.1900410834299561,Powai
72.9100_19.1250,72.91220919320303,19.127378187114914,31.944137360000013,0.6759472384452819,0.17036430000000002,0,90,0.0,0.0275,0.005,61.8,24.2,37.5,24.0,0.0,0.0,1609.8652047002045,0.19333333333333336,0.0275,0.3366955219658808,0.15074130363863278,Powai
72.9100_19.1300,72.91220919320303,19.13276807881963,34.73324168000002,0.6591904499435425,0.13851775000000002,0,10,0.0,0.0736,0.3408,63.8,22.7,34.7,25.4,12663.1,0.0,9144.83032291074,0.2433333333333334,0.0736,0.3989187653687611,0.1643600565122844,Powai
72.9100_19.1350,72.91220919320303,19.13725965524023,36.94299161000001,0.434219084815979,0.14660640000000003,0,10,0.0,0.1406,0.1461,66.7,23.7,33.7,24.5,7462.7,0.0,901.5070443181388,0.21000000000000008,0.1406,0.5843969799912446,0.2569594728424771,Powai
72.9150_18.8900,72.91759908490775,18.892917897959716,35.54673044000003,0.4156161844730377,0.10810895000000001,0,10,0.0,0.0139,0.0,60.4,25.7,31.8,23.4,680.6,0.0,657.1263126553488,0.1433333333333333,0.0139,0.5461917140881384,0.21847668563525535,Chembur
72.9150_18.8950,72.91759908490775,18.897409474380314,32.62603235000003,0.559498131275177,0.11600255000000001,0,10,0.0,0.0086,0.0,60.8,23.9,35.4,23.3,801.7,0.0,767.999886566882,0.20333333333333337,0.0086,0.3465468279623347,0.1448485483608897,Chembur
72.9150_18.9000,72.91759908490775,18.90279936608503,38.80239449000004,0.2964588701725006,0.13953,1,50,0.0,0.0262,0.0,67.1,24.6,33.3,24.9,912.7,0.0,183.49923141710227,0.17999999999999994,0.0262,0.7083726511312493,0.4920567866956914,Chembur
72.9150_18.9050,72.91759908490775,18.90729094250563,32.88751088000001,0.3546238839626312,0.11585120000000002,0,80,0.0,0.0126,0.0,64.8,21.5,34.0,24.1,0.0,0.0,3221.8838346188772,0.2833333333333333,0.0126,0.6357823752639936,0.3946811675027083,Chembur
72.9150_18.9100,72.91759908490775,18.912680834210345,29.754895550000015,-0.1,0.11735505000000002,0,80,0.0,0.0,0.0,66.4,22.8,31.8,25.4,0.0,0.0,803.7681771015139,0.24,0.0,1.0,0.8106872979727278,Chembur
72.9150_18.9150,72.91759908490775,18.917172410630943,28.956787880000036,-0.1,0.10921149999999999,0,80,0.0,0.0,0.0,65.1,22.5,33.4,25.0,0.0,0.0,734.7571447412132,0.25,0.0,1.0,0.7755550013043263,Chembur
72.9150_18.9200,72.91759908490775,18.92256230233566,28.83715718000002,-0.1,0.11824464999999999,0,80,0.0,0.0,0.0,67.6,23.4,31.2,25.6,0.0,0.0,1616.8486711151636,0.22000000000000008,0.0,1.0,0.8,Chembur
72.9150_18.9250,72.91759908490775,18.927053878756258,28.81494005000002,-0.1,0.1074097,0,80,0.0,0.0,0.0,65.0,23.6,34.4,23.7,0.0,0.0,875.1843188045254,0.21333333333333326,0.0,1.0,0.8001254631236884,Chembur
72.9150_18.9300,72.91759908490775,18.932443770460978,28.587641720000022,-0.1,0.11420430000000001,0,80,0.0,0.0,0.0,64.9,24.7,34.0,26.0,0.0,0.0,1567.1813806490145,0.17666666666666664,0.0,1.0,0.8,Chembur
72.9150_18.9350,72.91759908490775,18.937833662165694,28.285146950000012,-0.1,0.12367015,0,80,0.0,0.0,0.0,64.6,20.0,32.9,24.4,0.0,0.0,95.12279266610867,0.33333333333333337,0.0,1.0,0.823005347917966,Chembur
72.9150_18.9400,72.91759908490775,18.942325238586292,28.281728930000043,-0.1,0.1144239,0,80,0.0,0.0,0.0,61.4,23.9,36.4,25.4,0.0,0.0,2520.783466513217,0.20333333333333337,0.0,1.0,0.8,Chembur
72.9150_18.9450,72.91759908490775,18.94771513029101,28.257802790000028,-0.1,0.11186525,0,80,0.0,0.0,0.0,65.9,22.9,32.9,22.6,0.0,0.0,4232.768105378092,0.2366666666666667,0.0,1.0,0.8223709988851066,Chembur
72.9150_18.9500,72.91759908490775,18.952206706711607,28.69872737000003,-0.1,0.11171175,0,80,0.0,0.0,0.0,67.3,25.1,31.2,24.7,0.0,0.0,1569.4512949591378,0.16333333333333333,0.0,1.0,0.8,Chembur
72.9150_18.9550,72.91759908490775,18.957596598416323,28.56884261000002,-0.1,0.10730645,0,80,0.0,0.0,0.0,59.5,24.8,35.0,24.0,0.0,0.0,4637.239484592634,0.17333333333333334,0.0,1.0,0.8,Chembur
72.9150_18.9600,72.91759908490775,18.96208817483692,28.266347840000037,-0.1,0.10626470000000002,0,80,0.0,0.0,0.0,67.7,24.5,32.8,25.6,0.0,0.0,246.3081398462727,0.18333333333333335,0.0,1.0,0.8,Chembur
72.9150_18.9650,72.91759908490775,18.967478066541638,28.502191220000043,-0.1,0.10952345000000002,0,80,0.0,0.0,0.0,69.4,24.2,36.0,25.6,0.0,0.0,973.4548576468919,0.19333333333333336,0.0,1.0,0.8175234786338615,Chembur
72.9150_18.9700,72.91759908490775,18.972867958246354,28.28001992000003,-0.1,0.10373885,0,80,0.0,0.0,0.0,63.6,22.7,32.3,24.5,0.0,0.0,1381.2266976869766,0.2433333333333334,0.0,1.0,0.8,Chembur
72.9150_18.9750,72.91759908490775,18.977359534666952,28.38768755000001,-0.1,0.10973175,0,80,0.0,0.0,0.0,69.0,23.3,36.4,24.0,0.0,0.0,1307.466022125245,0.22333333333333327,0.0,1.0,0.8128919086483035,Chembur
72.9150_18.9800,72.91759908490775,18.98274942637167,28.532953400000025,-0.1,0.11184260000000001,0,80,0.0,0.0,0.0,67.5,26.1,35.0,25.2,0.0,0.0,769.8973422779366,0.13,0.0,1.0,0.7724991072594984,Chembur
72.9150_18.9850,72.91759908490775,18.987241002792267,29.48145395000003,-0.1,0.1171963,0,80,0.0,0.0,0.0,60.7,26.1,33.8,25.8,0.0,0.0,618.9258566555203,0.13,0.0,1.0,0.8,Chembur
72.9150_18.9900,72.91759908490775,18.992630894496983,28.74999767,-0.1,0.10505495000000001,0,80,0.0,0.0,0.0,63.2,24.7,34.9,25.0,0.0,0.0,203.42724843306726,0.17666666666666664,0.0,1.0,0.8,Chembur
72.9150_18.9950,72.91759908490775,18.99712247091758,30.02150111000003,-0.09454634040594101,0.108595,0,80,0.0,0.0,0.0,68.0,23.3,33.5,23.2,0.0,0.0,745.7353284910217,0.22333333333333327,0.0,1.0,0.7712457561519775,Chembur
72.9150_19.0000,72.91759908490775,19.002512362622298,32.83282256000004,0.5755921006202698,0.10926264999999999,0,95,0.0,0.0,0.0,62.9,23.9,33.2,23.5,11149.5,0.0,266.28907763570874,0.20333333333333337,0.0,0.40638887278767205,0.16323360358871558,Chembur
72.9150_19.0050,72.91759908490775,19.007902254327014,39.887615840000024,0.25608503818511963,0.15888935000000004,0,10,0.0,0.0,0.0,69.5,26.0,34.0,24.2,18609.2,0.0,1988.4519594822993,0.1333333333333333,0.0,0.7159922313150093,0.402116389767076,Chembur
72.9150_19.0100,72.91759908490775,19.012393830747612,36.08506859000002,0.5433597564697266,0.12401255,0,10,0.0,0.001,0.0,66.8,24.1,34.1,24.7,11705.4,0.0,351.3653983505424,0.19666666666666666,0.001,0.3791109970789943,0.1701639008458901,Chembur
72.9150_19.0150,72.91759908490775,19.017783722452332,37.34119094000002,0.3496696352958679,0.13308955000000003,0,10,0.0,0.0,0.0,64.9,22.1,34.0,24.3,9031.5,0.0,90.52544446790132,0.2633333333333333,0.0,0.58744247980467,0.30117250103892806,Powai
72.9150_19.0200,72.91759908490775,19.022275298872927,36.84899606000005,0.4010939598083496,0.1240619,0,10,0.0,0.0,0.0,68.3,22.4,35.5,23.6,5185.0,0.0,1205.6694789440764,0.2533333333333334,0.0,0.5528807603061116,0.22115230412244463,Powai
72.9150_19.0250,72.91759908490775,19.027665190577647,37.69324700000004,0.38924941420555115,0.12083790000000001,0,10,0.0,0.0,0.0,66.7,23.7,32.9,24.9,4952.4,0.0,1356.6534211504083,0.21000000000000008,0.0,0.49779298112200626,0.2376168015963944,Powai
72.9150_19.0300,72.91759908490775,19.03215676699824,38.22474911000003,0.356121301651001,0.11840345,0,10,0.0,0.0021,0.0,72.1,24.0,34.4,23.9,6396.7,0.0,3082.569055311506,0.19999999999999996,0.0021,0.5239559470891151,0.2288605175171633,Powai
72.9150_19.0350,72.91759908490775,19.03754665870296,34.59993890000004,0.31516334414482117,0.09368385000000001,0,10,0.0,0.0552,0.0,60.6,24.5,33.5,23.8,16606.1,0.0,1290.5094471283257,0.18333333333333335,0.0552,0.6266941043232505,0.30104863440050683,Powai
72.9150_19.0400,72.91759908490775,19.042936550407678,38.94424232000006,0.3285785913467407,0.13881775000000002,0,10,0.0,0.1465,0.0,63.8,23.7,29.6,25.0,39467.3,0.0,635.7816611590896,0.21000000000000008,0.1465,0.6559021219753788,0.34839323002586986,Powai
72.9150_19.0450,72.91759908490775,19.047428126828276,41.51801138000002,0.2537680235958099,0.1446034,0,10,0.0,0.1511,0.0112,63.4,24.3,36.4,23.8,39097.0,0.0,2436.917796569036,0.18999999999999995,0.1511,0.673554086907693,0.3741818898027586,Powai
72.9150_19.0500,72.91759908490775,19.052818018532992,42.440876779999996,0.13453498482704163,0.15809055,0,10,0.0,0.0928,0.0,64.0,21.8,32.7,25.6,38952.6,0.0,1165.7028943570378,0.2733333333333333,0.0928,0.7670975902934227,0.5882896023050721,Powai
72.9150_19.0550,72.91759908490775,19.05730959495359,46.20069878000004,0.09755443036556244,0.17857060000000002,1,50,0.0,0.198,0.0,74.3,22.9,33.9,24.9,21382.4,0.0,123.8994231926158,0.2366666666666667,0.198,0.808140106972554,0.6768828061390284,Powai
72.9150_19.0600,72.91759908490775,19.062699486658307,43.568823380000026,0.11585105275630951,0.15438825,1,50,0.0,0.1258,0.0254,63.7,23.2,31.9,25.7,23769.6,0.0,1251.5497096119054,0.22666666666666668,0.1258,0.8226853510864248,0.7136178363194436,Powai
72.9150_19.0650,72.91759908490775,19.067191063078905,36.02354423,0.35792768001556396,0.0939731,0,10,0.0,0.0459,0.0,65.9,23.8,33.3,23.4,43273.9,0.0,3579.252454385181,0.20666666666666667,0.0459,0.5961874418434309,0.3094364659998448,Powai
72.9150_19.0700,72.91759908490775,19.07258095478362,45.91700312000003,0.10507534444332123,0.17860055,1,50,0.0,0.0278,0.0,64.0,26.7,33.5,24.3,40343.5,0.0,757.0482103930677,0.10999999999999999,0.0278,0.9496205631670067,0.712811979835853,Powai
72.9150_19.0750,72.91759908490775,19.07707253120422,43.732888340000045,0.11777916550636292,0.17054490000000003,1,50,0.0,0.019,0.0,64.4,23.8,32.4,24.6,44959.0,0.0,527.1597250986596,0.20666666666666667,0.019,0.8837883959180031,0.6366000080574661,Powai
72.9150_19.0800,72.91759908490775,19.082462422908936,38.15297069000002,0.3913613259792328,0.1240228,0,10,0.0,0.0933,0.0,61.8,23.4,34.4,25.5,41495.4,0.0,232.29795244444261,0.22000000000000008,0.0933,0.6226705396348536,0.24906821585394145,Powai
72.9150_19.0850,72.91759908490775,19.087852314613652,40.83611639,0.16380471382141112,0.14702905000000002,1,50,0.0,0.0862,0.0095,64.8,22.9,34.0,24.4,37935.2,0.0,246.33148683745017,0.2366666666666667,0.0862,0.8533655893922579,0.7467655777007994,Powai
72.9150_19.0900,72.91759908490775,19.09234389103425,40.125168229999986,0.26055349772453307,0.14102985,1,10,0.0,0.0826,0.0031,65.4,22.8,32.0,24.0,44302.3,0.0,850.4895458929768,0.24,0.0826,0.6481265038087645,0.4963139817872808,Powai
72.9150_19.0950,72.91759908490775,19.097733782738967,38.795558450000044,0.17141435732364654,0.17141974999999998,1,50,0.0,0.2299,0.1259,67.9,23.3,32.8,23.7,42163.9,0.0,1358.3223006646251,0.22333333333333327,0.2299,0.7538114869269915,0.7557363295048383,Powai
72.9150_19.1000,72.91759908490775,19.102225359159565,43.770486559999995,0.16897422170162202,0.16366800000000004,1,50,0.0,0.1482,0.0004,66.0,24.9,33.9,25.8,43194.2,0.0,126.07612714135506,0.17000000000000004,0.1482,0.7267018637216751,0.5809885753423735,Powai
72.9150_19.1050,72.91759908490775,19.10761525086428,38.20253198,0.36205975185394285,0.13352114999999998,1,50,0.0,0.0451,0.1187,68.0,23.5,32.9,24.0,38310.8,0.0,4209.3693899518385,0.21666666666666667,0.0451,0.700219209812949,0.4736453066356073,Powai
72.9150_19.1100,72.91759908490775,19.11210682728488,43.322725940000026,0.2922861285877228,0.1489174,1,50,0.0,0.0593,0.0019,63.8,24.9,32.2,23.5,38337.0,0.0,2110.5638918055733,0.17000000000000004,0.0593,0.6362490619681527,0.525798854960759,Powai
72.9150_19.1150,72.91759908490775,19.117496718989596,43.066374440000004,0.1613682359457016,0.13252244999999999,0,10,0.0,0.1031,0.0,65.3,24.9,36.3,23.5,31277.9,0.0,1325.096236337608,0.17000000000000004,0.1031,0.7363072199423341,0.5656720147467373,Powai
72.9150_19.1200,72.91759908490775,19.122886610694316,39.09805322,0.19460430374145507,0.15093299999999998,0,10,0.0,0.1113,0.033,64.6,25.6,31.7,25.4,42671.3,0.0,2644.2217086703204,0.1466666666666666,0.1113,0.7484659862475542,0.5691964113461998,Powai
72.9150_19.1250,72.91759908490775,19.127378187114914,35.99449106,0.6391196824645996,0.12871505,0,10,0.0,0.1101,0.0022,67.9,23.6,33.1,24.0,23124.8,0.0,125.37693912081325,0.21333333333333326,0.1101,0.310995525949669,0.1243982103798676,Powai
72.9150_19.1300,72.91759908490775,19.13276807881963,36.02696225,0.6063102612113953,0.14679415,0,50,0.0,0.3209,0.0007,63.2,22.7,33.6,25.0,27357.9,0.0,971.7986837909795,0.2433333333333334,0.3209,0.36328215747333287,0.14531286298933316,Powai
72.9150_19.1350,72.91759908490775,19.13725965524023,35.87656937000003,0.7074684516334534,0.1441724,0,10,0.0,0.0917,0.0038,67.1,26.9,34.7,23.9,10347.7,0.0,1491.755998867328,0.10333333333333339,0.0917,0.26296737940214876,0.14055033762205518,Powai
72.9200_18.8900,72.92209066132834,18.892917897959716,35.86118828000002,0.5620522499084473,0.11062,0,10,0.0,0.0213,0.0,59.8,25.6,37.9,27.0,460.5,0.0,2646.095986403136,0.1466666666666666,0.0213,0.3633527218978773,0.1517403925820542,Chembur
72.9200_18.8950,72.92209066132834,18.897409474380314,38.31019961000001,0.3203698396682739,0.1161996,0,10,0.0,0.009,0.0,67.7,20.4,33.0,25.3,609.7,0.0,2295.0362117828245,0.32000000000000006,0.009,0.6790530999574117,0.3132779395952042,Chembur
72.9200_18.9000,72.92209066132834,18.90279936608503,34.08039986,0.458578497171402,0.11006645,0,10,0.0,0.0,0.0,65.9,22.6,36.1,25.2,562.9,0.0,486.6627637205715,0.2466666666666666,0.0,0.47644189114109015,0.19057675645643607,Chembur
72.9200_18.9050,72.92209066132834,18.90729094250563,36.575554460000006,0.3202843964099884,0.11214815,0,50,0.0,0.0296,0.0,65.5,24.8,33.8,24.7,857.0,0.0,4242.283305596696,0.17333333333333334,0.0296,0.6382573417547595,0.32115816893404336,Chembur
72.9200_18.9100,72.92209066132834,18.912680834210345,31.460487530000023,0.11134079843759537,0.1000625,0,80,0.0,0.0116,0.0,64.1,21.6,34.2,25.2,0.0,0.0,199.17609322833957,0.2799999999999999,0.0116,0.8929791550875724,0.6154034802499031,Chembur
72.9200_18.9150,72.92209066132834,18.917172410630943,29.202885320000007,-0.1,0.11364584999999999,0,80,0.0,0.0,0.0,65.5,24.1,32.2,24.8,0.0,0.0,3120.7665935737123,0.19666666666666666,0.0,1.0,0.8,Chembur
72.9200_18.9200,72.92209066132834,18.92256230233566,29.090090660000044,-0.1,0.1307404,0,80,0.0,0.0,0.0,61.2,23.6,34.2,24.0,0.0,0.0,5307.6018152426495,0.21333333333333326,0.0,1.0,0.819520814387119,Chembur
72.9200_18.9250,72.92209066132834,18.927053878756258,28.987550060000018,-0.1,0.11002295000000001,0,80,0.0,0.0,0.0,60.1,24.0,34.2,23.5,0.0,0.0,292.478455021864,0.19999999999999996,0.0,1.0,0.8279897285394469,Chembur
72.9200_18.9300,72.92209066132834,18.932443770460978,28.63891202000002,-0.1,0.1123969,0,80,0.0,0.0,0.0,63.2,22.8,34.8,24.3,0.0,0.0,1920.5577518301177,0.24,0.0,1.0,0.8,Chembur
72.9200_18.9350,72.92209066132834,18.937833662165694,28.309073090000027,-0.1,0.1101754,0,80,0.0,0.0,0.0,66.2,25.5,34.1,25.2,0.0,0.0,61.67918122609963,0.15000000000000002,0.0,1.0,0.8,Chembur
72.9200_18.9400,72.92209066132834,18.942325238586292,28.33641725000001,-0.1,0.1172406,0,80,0.0,0.0,0.0,68.4,22.3,33.0,24.2,0.0,0.0,779.857134810017,0.2566666666666666,0.0,1.0,0.8,Chembur
72.9200_18.9450,72.92209066132834,18.94771513029101,28.447502900000018,-0.1,0.13156364999999998,0,80,0.0,0.0,0.0,64.3,21.1,32.9,24.6,0.0,0.0,1089.383808837252,0.29666666666666663,0.0,1.0,0.8,Chembur
72.9200_18.9500,72.92209066132834,18.952206706711607,28.78588688000002,-0.1,0.1100544,0,80,0.0,0.0,0.0,66.5,22.4,33.0,24.9,0.0,0.0,1303.5570016737386,0.2533333333333334,0.0,1.0,0.7894471647587431,Chembur
72.9200_18.9550,72.92209066132834,18.957596598416323,28.852538270000025,-0.1,0.10973800000000002,0,80,0.0,0.0,0.0,62.9,23.9,32.0,25.6,0.0,0.0,4121.838269817822,0.20333333333333337,0.0,1.0,0.7730257040371173,Chembur
72.9200_18.9600,72.92209066132834,18.96208817483692,28.48339211000001,-0.1,0.11540285,0,80,0.0,0.0,0.0,69.8,24.8,32.8,24.8,0.0,0.0,1673.2593800219784,0.17333333333333334,0.0,1.0,0.8218036694204089,Chembur
72.9200_18.9650,72.92209066132834,18.967478066541638,28.286855959999997,-0.1,0.105287,0,80,0.0,0.0,0.0,64.7,23.2,33.9,23.8,0.0,0.0,984.5806361359765,0.22666666666666668,0.0,1.0,0.8,Chembur
72.9200_18.9700,72.92209066132834,18.972867958246354,28.28856497000001,-0.1,0.10587735000000001,0,80,0.0,0.0,0.0,69.6,24.6,32.9,23.3,0.0,0.0,2488.533498505567,0.17999999999999994,0.0,1.0,0.8,Chembur
72.9200_18.9750,72.92209066132834,18.977359534666952,28.374015470000018,-0.1,0.1009167,0,80,0.0,0.0,0.0,61.0,23.8,33.7,25.4,0.0,0.0,4509.668818359153,0.20666666666666667,0.0,1.0,0.8,Chembur
72.9200_18.9800,72.92209066132834,18.98274942637167,28.813231040000005,-0.1,0.11232800000000001,0,80,0.0,0.0,0.0,71.2,26.1,32.3,25.2,0.0,0.0,33.46987188636402,0.13,0.0,1.0,0.7804376976396324,Chembur
72.9200_18.9850,72.92209066132834,18.987241002792267,29.25244661000002,-0.1,0.0996969,0,80,0.0,0.0,0.0,66.7,22.8,33.8,25.7,0.0,0.0,6070.156042394757,0.24,0.0,1.0,0.8049883537537009,Chembur
72.9200_18.9900,72.92209066132834,18.992630894496983,29.544687320000037,-0.1,0.1019082,0,80,0.0,0.0,0.0,68.6,24.5,31.8,24.2,0.0,0.0,135.10393538895633,0.18333333333333335,0.0,1.0,0.8,Chembur
72.9200_18.9950,72.92209066132834,18.99712247091758,29.565195440000025,-0.0983651652932167,0.12536745,0,80,0.0,0.0,0.0,63.8,23.3,34.2,24.9,0.0,0.0,2526.1353431682055,0.22333333333333327,0.0,1.0,0.8024950419932787,Chembur
72.9200_19.0000,72.92209066132834,19.002512362622298,30.602564510000008,-0.02202707901597023,0.09728215000000001,0,95,0.0,0.0,0.0,64.6,22.1,33.4,25.5,0.0,0.0,493.453663779886,0.2633333333333333,0.0,0.9957728798845599,0.7571803473796518,Chembur
72.9200_19.0050,72.92209066132834,19.007902254327014,32.67217562000002,0.5944608449935913,0.11666465000000001,0,95,0.0,0.0,0.0,64.5,22.9,33.3,23.5,14737.8,0.0,212.65584708601025,0.2366666666666667,0.0,0.3091483317035591,0.13129401606067384,Chembur
72.9200_19.0100,72.92209066132834,19.012393830747612,42.608359759999985,0.20679381489753723,0.16258789999999998,1,50,0.0,0.1082,0.0,67.0,25.8,34.1,25.2,21122.2,0.0,869.3411133732108,0.14,0.1082,0.7284344512023171,0.5635830890199932,Chembur
72.9200_19.0150,72.92209066132834,19.017783722452332,39.45352730000002,0.2399956805562973,0.14354255,0,10,0.0,0.009,0.0062,69.7,21.7,34.3,25.3,19913.5,0.0,1549.0538815856958,0.2766666666666667,0.009,0.788343231852535,0.48837869308414367,Powai
72.9200_19.0200,72.92209066132834,19.022275298872927,33.26862011,0.5934162735939026,0.12753945,0,10,0.0,0.0,0.0,64.2,22.0,35.2,24.9,6146.1,0.0,719.358321796427,0.2666666666666667,0.0,0.3842623083875102,0.15370492335500407,Powai
72.9200_19.0250,72.92209066132834,19.027665190577647,34.48372622000005,0.5762521028518677,0.12762155000000003,0,10,0.0,0.0092,0.0,69.4,23.6,35.9,23.9,6128.1,0.0,84.16585768222279,0.21333333333333326,0.0092,0.3844153802789785,0.18650095134820419,Powai
72.9200_19.0300,72.92209066132834,19.03215676699824,35.464697960000024,0.494266539812088,0.10777175,0,10,0.0,0.0845,0.0,62.3,22.3,32.7,26.7,14283.8,0.0,1372.4167314218046,0.2566666666666666,0.0845,0.5682080990006293,0.22728323960025174,Powai
72.9200_19.0350,72.92209066132834,19.03754665870296,37.62317759000001,0.2977735458278656,0.14579795,0,50,0.0,0.1566,0.0103,66.9,22.3,33.1,22.0,32925.3,0.0,3490.3670292512966,0.2566666666666666,0.1566,0.5935353202570804,0.2768825941089793,Powai
72.9200_19.0400,72.92209066132834,19.042936550407678,39.13052441000002,0.455132985162735,0.12049325000000001,0,10,0.0,0.1055,0.0085,68.9,25.3,30.6,23.8,37866.3,0.0,724.853054113767,0.15666666666666662,0.1055,0.45579626206495405,0.18231850482598164,Powai
72.9200_19.0450,72.92209066132834,19.047428126828276,40.32170438000003,0.3453273961830139,0.12881735,1,10,0.0,0.0693,0.0001,63.6,22.7,33.3,24.7,34095.5,0.0,365.65621500708136,0.2433333333333334,0.0693,0.7016929693807997,0.44265685490115925,Powai
72.9200_19.0500,72.92209066132834,19.052818018532992,40.984800260000014,0.2581563482570648,0.16357715,1,40,0.0,0.065,0.0001,64.6,23.7,36.8,24.5,40606.0,0.0,876.647283557948,0.21000000000000008,0.065,0.6950985535453819,0.5836617964747857,Powai
72.9200_19.0550,72.92209066132834,19.05730959495359,40.20036467000003,0.22779774482250215,0.15936519999999998,1,50,0.0,0.105,0.0165,65.9,22.3,36.2,24.3,23892.2,0.0,74.3569736852278,0.2566666666666666,0.105,0.7172135433630081,0.5717153790238826,Powai
72.9200_19.0600,72.92209066132834,19.062699486658307,43.305635840000036,0.14514489679336548,0.16280755000000002,1,50,0.0,0.0234,0.026,75.0,23.1,34.8,24.4,26440.8,0.0,2576.2663593074067,0.22999999999999998,0.0234,0.7538526219518523,0.6346791293470274,Powai
72.9200_19.0650,72.92209066132834,19.067191063078905,45.39917309000003,0.10558799048900604,0.16056940000000003,1,50,0.0,0.0054,0.0053,65.0,23.7,32.5,24.6,38977.4,0.0,2625.9908761779197,0.21000000000000008,0.0054,0.8702160028307445,0.661835542713906,Powai
72.9200_19.0700,72.92209066132834,19.07258095478362,45.36157487,0.11384524405002594,0.1702538,0,40,0.0,0.0002,0.0,65.7,22.9,33.4,26.1,33424.5,0.0,1330.0995816936577,0.2366666666666667,0.0002,0.8623016094263471,0.5943884527933068,Powai
72.9200_19.0750,72.92209066132834,19.07707253120422,33.27374714000001,0.46203628182411194,0.0949899,0,95,0.0,0.0,0.0,66.6,23.4,33.0,23.4,28499.5,0.0,653.3520326419355,0.22000000000000008,0.0,0.45474203013414327,0.19679982933935367,Powai
72.9200_19.0800,72.92209066132834,19.082462422908936,34.191485510000035,0.7108681797981262,0.14788774999999998,0,10,0.0,0.0074,0.0,64.1,23.1,33.5,24.1,42303.7,0.0,2412.532981315172,0.22999999999999998,0.0074,0.23775171592435237,0.09778401468965782,Powai
72.9200_19.0850,72.92209066132834,19.087852314613652,40.22599982000003,0.2791006863117218,0.10709135,0,95,0.0,0.0,0.0,65.4,23.0,31.4,25.2,30541.5,0.0,1213.4668934155861,0.23333333333333328,0.0,0.6719961170866249,0.27736528784786446,Powai
72.9200_19.0900,72.92209066132834,19.09234389103425,40.40031884000001,0.30880239605903625,0.1527015,0,50,0.0,0.0782,0.0,67.6,22.9,36.2,24.3,32341.4,0.0,2622.4665361483894,0.2366666666666667,0.0782,0.6581860112619023,0.33513189145550654,Powai
72.9200_19.0950,72.92209066132834,19.097733782738967,42.20674241000003,0.44862072834014893,0.13074895,0,50,0.0,0.3347,0.0028,60.9,24.0,34.9,23.6,44973.9,0.0,1497.304123295821,0.19999999999999996,0.3347,0.4570320745488189,0.2154783110141982,Powai
72.9200_19.1000,72.92209066132834,19.102225359159565,42.35713529,0.21650327742099762,0.134941,1,50,0.0,0.4009,0.0,63.7,24.4,35.5,24.6,43672.3,0.0,2301.5337393430423,0.18666666666666676,0.4009,0.8056117953046603,0.6672719660369174,Powai
72.9200_19.1050,72.92209066132834,19.10761525086428,38.773341319999986,0.3703465462875366,0.14215604999999998,0,50,0.0,0.1387,0.0079,71.0,25.9,32.6,24.0,46260.2,0.0,1369.0569788908424,0.13666666666666671,0.1387,0.6351678277923436,0.2818345035049181,Powai
72.9200_19.1100,72.92209066132834,19.11210682728488,39.77653019000002,0.3702930212020874,0.1267338,0,10,0.0,0.0281,0.0,61.5,23.6,33.1,25.7,28632.3,0.0,802.0143736933178,0.21333333333333326,0.0281,0.5735280608612718,0.22941122434450875,Powai
72.9200_19.1150,72.92209066132834,19.117496718989596,45.63843449000004,0.3157944083213806,0.13935065000000002,0,50,0.0,0.0161,0.0,63.6,20.8,32.3,24.2,24280.7,0.0,4753.196162147922,0.30666666666666664,0.0161,0.6315794610967008,0.38040043446677274,Powai
72.9200_19.1200,72.92209066132834,19.122886610694316,44.035383110000026,0.18783614039421082,0.15390715000000002,0,50,0.0,0.074,0.0,61.9,22.7,34.7,25.0,33591.9,0.0,1168.429626240494,0.2433333333333334,0.074,0.7591706070919084,0.44208116133416386,Powai
72.9200_19.1250,72.92209066132834,19.127378187114914,38.47426457,0.512262354183197,0.13452609999999998,0,10,0.0,0.0518,0.001,66.8,22.1,34.0,25.5,34209.8,0.0,1393.6442534727744,0.2633333333333333,0.0518,0.4087643881664778,0.16350575526659114,Powai
72.9200_19.1300,72.92209066132834,19.13276807881963,38.40419516000003,0.3810878246498108,0.12475394999999999,0,10,0.0,0.0475,0.0094,59.0,23.9,31.2,25.8,24964.5,0.0,373.6301003116086,0.20333333333333337,0.0475,0.5621345194384375,0.272882759190914,Powai
72.9200_19.1350,72.92209066132834,19.13725965524023,41.094176900000036,0.3126052916049957,0.12488125,0,10,0.0,0.0191,0.0,70.6,20.9,35.8,23.9,20304.4,0.0,1473.8492986534716,0.30333333333333334,0.0191,0.6364168150112738,0.3735598216758853,Powai
72.9250_18.8900,72.92748055303306,18.892917897959716,43.10226365,0.1937413513660431,0.1543662,0,10,0.0,0.0142,0.0,67.5,25.5,32.8,23.6,964.2,0.0,1271.5736947558087,0.15000000000000002,0.0142,0.8405922071693133,0.4972376387156928,Chembur
72.9250_18.8950,72.92748055303306,18.897409474380314,44.97362959999998,0.1509302407503128,0.14047195,0,30,0.0,0.0178,0.0,62.6,23.8,33.5,25.4,836.0,0.0,306.5533510042739,0.20666666666666667,0.0178,0.854259089666209,0.5648019120614305,Chembur
72.9250_18.9000,72.92748055303306,18.90279936608503,44.73607721000002,0.25489193201065063,0.13798835,0,30,0.0,0.0111,0.0,72.9,23.8,35.6,24.9,705.2,0.0,92.15436304311983,0.20666666666666667,0.0111,0.7504442983561805,0.3952077211080894,Chembur
72.9250_18.9050,72.92748055303306,18.90729094250563,38.53066190000001,0.3166678249835968,0.12361065000000002,0,10,0.0,0.0939,0.0,68.5,23.5,35.7,24.8,820.9,0.0,1390.8732789852631,0.21666666666666667,0.0939,0.6647452606666227,0.31015277647616346,Chembur
72.9250_18.9100,72.92748055303306,18.912680834210345,30.46926173,-0.1,0.13740770000000002,0,80,0.0,0.0386,0.0,67.2,23.4,34.3,24.4,0.0,0.0,2163.930569882432,0.22000000000000008,0.0386,1.0,0.8033080732059942,Chembur
72.9250_18.9150,72.92748055303306,18.917172410630943,29.32593404000002,-0.1,0.12042810000000001,0,80,0.0,0.0,0.0,64.0,20.7,32.1,25.2,0.0,0.0,1111.6208861761377,0.31000000000000005,0.0,1.0,0.8,Chembur
72.9250_18.9200,72.92748055303306,18.92256230233566,29.199467300000038,-0.1,0.115903,0,80,0.0,0.0,0.0,64.3,24.4,33.9,24.4,0.0,0.0,385.77319181537104,0.18666666666666676,0.0,1.0,0.8,Chembur
72.9250_18.9250,72.92748055303306,18.927053878756258,33.22589486000004,-0.034333135932683945,0.1277182,0,80,0.0,0.0,0.0,64.8,23.3,33.7,24.2,0.0,0.0,1647.2674693924641,0.22333333333333327,0.0,0.9331044444643196,0.7054167440003415,Chembur
72.9250_18.9300,72.92748055303306,18.932443770460978,29.26953671000001,-0.1,0.11339075000000001,0,80,0.0,0.0,0.0,64.6,23.5,32.9,24.0,0.0,0.0,125.24480365607238,0.21666666666666667,0.0,1.0,0.8,Chembur
72.9250_18.9350,72.92748055303306,18.937833662165694,28.68163727000001,-0.1,0.11024615,0,80,0.0,0.0,0.0,70.2,24.4,33.1,26.3,0.0,0.0,874.6475113977059,0.18666666666666676,0.0,1.0,0.8,Chembur
72.9250_18.9400,72.92748055303306,18.942325238586292,28.524408349999987,-0.1,0.1123077,0,80,0.0,0.0,0.0,67.9,26.4,34.7,24.4,0.0,0.0,267.5542298991705,0.12,0.0,1.0,0.8,Chembur
72.9250_18.9450,72.92748055303306,18.94771513029101,28.637203010000036,-0.1,0.1144917,0,80,0.0,0.0,0.0,63.0,24.7,30.1,24.7,0.0,0.0,305.85546733366806,0.17666666666666664,0.0,1.0,0.8,Chembur
72.9250_18.9500,72.92748055303306,18.952206706711607,28.502191219999986,-0.1,0.12858205,0,80,0.0,0.0,0.0,66.4,24.7,33.2,26.0,0.0,0.0,339.0226601004991,0.17666666666666664,0.0,1.0,0.7303502532886229,Chembur
72.9250_18.9550,72.92748055303306,18.957596598416323,31.66215071000002,-0.06707464158535004,0.1087705,0,80,0.0,0.0,0.0,63.1,21.8,34.5,24.2,0.0,0.0,733.3688596375921,0.2733333333333333,0.0,1.0,0.8145703728702908,Chembur
72.9250_18.9600,72.92748055303306,18.96208817483692,33.003723560000026,0.47673237323760986,0.13337845,0,10,0.0,0.0104,0.0,65.1,23.6,34.8,24.8,481.9,0.0,78.75715603053516,0.21333333333333326,0.0104,0.4473614310446884,0.19169668866249953,Chembur
72.9250_18.9650,72.92748055303306,18.967478066541638,29.932632590000026,-0.1,0.09890784999999999,0,80,0.0,0.0074,0.0,69.6,25.3,31.3,25.1,0.0,0.0,760.7321567186389,0.15666666666666662,0.0074,1.0,0.8051753961048784,Chembur
72.9250_18.9700,72.92748055303306,18.972867958246354,28.360343390000025,-0.1,0.10069475,0,80,0.0,0.0,0.0,69.3,24.5,32.5,27.0,0.0,0.0,1075.26083870413,0.18333333333333335,0.0,1.0,0.8239106277617342,Chembur
72.9250_18.9750,72.92748055303306,18.977359534666952,28.96704194,-0.1,0.10555205000000001,0,80,0.0,0.0,0.0,67.8,23.0,33.6,24.8,0.0,0.0,990.4226746623852,0.23333333333333328,0.0,1.0,0.8,Chembur
72.9250_18.9800,72.92748055303306,18.98274942637167,28.833739159999993,-0.1,0.09779255,0,80,0.0,0.0,0.0,65.4,23.8,34.5,23.7,0.0,0.0,723.8045969615795,0.20666666666666667,0.0,1.0,0.7875912849776482,Chembur
72.9250_18.9850,72.92748055303306,18.987241002792267,28.36717943000002,-0.1,0.10662805,0,80,0.0,0.0,0.0,68.8,25.3,32.6,24.4,0.0,0.0,2740.8929069837222,0.15666666666666662,0.0,1.0,0.8125307672667389,Chembur
72.9250_18.9900,72.92748055303306,18.992630894496983,29.093508680000014,-0.1,0.10129035,0,80,0.0,0.0,0.0,71.8,25.9,30.9,25.2,0.0,0.0,235.55396919158466,0.13666666666666671,0.0,1.0,0.8,Chembur
72.9250_18.9950,72.92748055303306,18.99712247091758,28.702145390000027,-0.1,0.10336435,0,80,0.0,0.0,0.0,64.9,25.2,34.6,24.1,0.0,0.0,1056.9091067336526,0.16000000000000003,0.0,1.0,0.7613568685554841,Chembur
72.9250_19.0000,72.92748055303306,19.002512362622298,30.130877750000025,-0.058472756296396255,0.13460225,0,80,0.0,0.0,0.0,72.3,24.3,34.9,25.4,0.0,0.0,96.07422823298558,0.18999999999999995,0.0,0.9666115327419262,0.7651651354205526,Chembur
72.9250_19.0050,72.92748055303306,19.007902254327014,31.82108864,0.6411952972412109,0.11880205,0,95,0.0,0.0,0.0,69.5,25.5,31.9,26.3,4627.0,0.0,110.72119656588244,0.15000000000000002,0.0,0.3345106849488015,0.1338042739795206,Chembur
72.9250_19.0100,72.92748055303306,19.012393830747612,32.39531600000001,0.6312029957771301,0.1196069,0,95,0.0,0.0,0.0,65.4,25.9,31.6,23.9,5543.6,0.0,1279.5016131363736,0.13666666666666671,0.0,0.24696841357517751,0.11385575470011963,Chembur
72.9250_19.0150,72.92748055303306,19.017783722452332,38.21449505000001,0.2956784665584564,0.139151,1,10,0.0,0.0143,0.0,65.5,21.9,33.7,25.3,7463.2,0.0,1252.1297991622318,0.27,0.0143,0.714923960162954,0.4957103758526953,Powai
72.9250_19.0200,72.92748055303306,19.022275298872927,38.735743100000036,0.47121885418891907,0.12284650000000001,0,10,0.0,0.0208,0.0,65.8,24.8,34.4,24.5,11579.1,0.0,3156.0134511464307,0.17333333333333334,0.0208,0.4942590641393792,0.1977036256557517,Powai
72.9250_19.0250,72.92748055303306,19.027665190577647,35.03060942000002,0.3517131209373474,0.11955774999999999,0,10,0.0,0.014,0.0,67.8,20.5,33.3,26.0,8395.5,0.0,1224.2394540958721,0.31666666666666665,0.014,0.5863749088674645,0.3197690409753947,Powai
72.9250_19.0300,72.92748055303306,19.03215676699824,40.17472952000003,0.1444182187795639,0.19746065000000002,1,50,0.0,0.1463,0.0085,67.5,23.8,32.9,23.4,31388.2,0.0,4820.497402931283,0.20666666666666667,0.1463,0.75717490560568,0.6423643708297833,Powai
72.9250_19.0350,72.92748055303306,19.03754665870296,36.91564745000002,0.42981538412094117,0.1399381,1,50,0.0,0.1202,0.0324,65.5,22.7,32.1,24.8,40328.9,0.0,74.88059018687889,0.2433333333333334,0.1202,0.5261942343980994,0.3507385612467788,Powai
72.9250_19.0400,72.92748055303306,19.042936550407678,37.75135333999998,0.4547490328025818,0.12651725,0,10,0.0,0.1014,0.0094,66.9,25.8,35.2,24.0,38251.8,0.0,154.7239180025694,0.14,0.1014,0.5445287777360389,0.21781151109441557,Powai
72.9250_19.0450,72.92748055303306,19.047428126828276,41.34027434000001,0.18451200425624847,0.13988889999999998,0,10,0.0,0.0294,0.0,66.1,21.2,31.4,23.7,39240.4,0.0,67.59939174000758,0.29333333333333333,0.0294,0.8009082746806295,0.5386992004444017,Powai
72.9250_19.0500,72.92748055303306,19.052818018532992,40.26018002000001,0.10694114118814468,0.19228155,1,50,0.0,0.1468,0.0,62.0,24.6,35.9,24.2,40616.4,0.0,307.3603756665308,0.17999999999999994,0.1468,0.8000974964479323,0.6796944195560518,Powai
72.9250_19.0550,72.92748055303306,19.05730959495359,45.611090329999996,0.08585076425075532,0.134953,1,50,0.0,0.0233,0.0095,68.4,24.2,35.0,24.7,37944.7,0.0,1168.9405787088913,0.19333333333333336,0.0233,0.834211352117863,0.714767688908395,Powai
72.9250_19.0600,72.92748055303306,19.062699486658307,45.63843449000001,0.09550661593675613,0.1621012,1,50,0.0,0.0313,0.0,65.3,21.4,32.9,24.1,40847.7,0.0,1555.8758527322545,0.28666666666666674,0.0313,0.8887079593792262,0.7825407168343107,Powai
72.9250_19.0650,72.92748055303306,19.067191063078905,45.14794862000002,0.09831536561250687,0.17088420000000004,1,50,0.0,0.0271,0.0,66.5,25.2,33.8,24.2,43752.6,0.0,69.98528570094656,0.16000000000000003,0.0271,0.8143020041567417,0.7390026594416471,Powai
72.9250_19.0700,72.92748055303306,19.07258095478362,46.90822892000003,0.08117150515317917,0.1743921,0,40,0.0,0.0,0.0,63.2,25.4,32.6,24.6,21521.4,0.0,4377.348451101432,0.15333333333333343,0.0,0.869506353550796,0.6099229995088641,Powai
72.9250_19.0750,72.92748055303306,19.07707253120422,38.42128525999999,0.31340888142585754,0.11665199999999999,0,95,0.0,0.0,0.0,63.3,25.4,34.4,24.9,11425.1,0.0,2769.3112226638113,0.15333333333333343,0.0,0.6577832507003563,0.3677230915348092,Powai
72.9250_19.0800,72.92748055303306,19.082462422908936,34.54866860000004,0.5476415157318115,0.1098628,0,95,0.0,0.0,0.0,71.2,27.0,33.4,25.9,11276.2,0.0,527.7709568406897,0.09999999999999998,0.0,0.4350027508545254,0.17400110034181016,Powai
72.9250_19.0850,72.92748055303306,19.087852314613652,36.79259873000001,0.3966232240200043,0.11279665000000001,0,30,0.0,0.0,0.0,66.8,25.2,36.2,24.8,13531.5,0.0,120.4938596979284,0.16000000000000003,0.0,0.6124513024890893,0.2511276971014873,Powai
72.9250_19.0900,72.92748055303306,19.09234389103425,43.201386230000026,0.22541099786758423,0.11541180000000001,0,40,0.0,0.0,0.0,70.0,23.4,31.7,25.4,17273.0,0.0,279.29029662560896,0.22000000000000008,0.0,0.6768173152890496,0.3675125673421282,Powai
72.9250_19.0950,72.92748055303306,19.097733782738967,42.69381026000002,0.22791250050067902,0.13872545,1,50,0.0,0.102,0.0,65.7,21.7,37.9,25.7,27524.5,0.0,203.6340787422559,0.2766666666666667,0.102,0.6349118982362966,0.4338299789649145,Powai
72.9250_19.1000,72.92748055303306,19.102225359159565,41.437687909999994,0.3576250672340393,0.15922314999999998,0,10,0.0,0.1481,0.0,63.9,23.8,34.0,24.9,41395.9,0.0,197.35787784215086,0.20666666666666667,0.1481,0.5662356237045431,0.31164036653392607,Powai
72.9250_19.1050,72.92748055303306,19.10761525086428,41.70600248000002,0.26424694061279297,0.12585039999999997,0,50,0.0,0.1633,0.0,67.8,21.3,32.1,24.9,48805.1,0.0,1096.465760456359,0.2899999999999999,0.1633,0.7880743597788163,0.4933880406928329,Powai
72.9250_19.1100,72.92748055303306,19.11210682728488,39.09976223000004,0.2297941893339157,0.12930025,1,50,0.0,0.1374,0.0,67.6,22.4,32.6,24.1,40902.9,0.0,423.24090079456414,0.2533333333333334,0.1374,0.8325244406704533,0.5391361024422954,Powai
72.9250_19.1150,72.92748055303306,19.117496718989596,39.41080205000003,0.2952022850513458,0.15314719999999998,0,10,0.0,0.1402,0.0,65.8,24.3,32.1,23.1,41466.6,0.0,665.0769389532044,0.18999999999999995,0.1402,0.7504124117269485,0.34361390846130524,Powai
72.9250_19.1200,72.92748055303306,19.122886610694316,42.6322859,0.2615078091621399,0.1339015,0,10,0.0,0.0662,0.0,61.1,26.2,31.8,25.2,43901.5,0.0,6835.332138342927,0.1266666666666667,0.0662,0.6886726724498257,0.4110289920904263,Powai
72.9250_19.1250,72.92748055303306,19.127378187114914,40.39006478000002,0.2539575549793243,0.15084955,1,50,0.0,0.1217,0.0064,67.4,25.8,34.8,26.3,40175.0,0.0,1729.5120282326682,0.14,0.1217,0.6136018259214342,0.5526871097237009,Powai
72.9250_19.1300,72.92748055303306,19.13276807881963,38.985258560000034,0.1405745710706711,0.1720709,0,50,0.0,0.107,0.0127,66.0,27.4,32.0,22.0,40168.1,0.0,4463.325960869641,0.08666666666666667,0.107,0.6944622038467368,0.52992244369281,Powai
72.9250_19.1350,72.92748055303306,19.13725965524023,40.907894810000016,0.24327664116859435,0.15263005000000002,0,50,0.0,0.0269,0.0143,63.9,27.7,32.9,24.5,35449.5,0.0,230.70008326267663,0.07666666666666666,0.0269,0.6845224357539351,0.3828791052805026,Powai
72.9300_18.8900,72.93287044473777,18.892917897959716,41.12664809000003,0.24275660514831543,0.1387944,1,50,0.0,0.0774,0.0,70.6,25.4,32.4,24.5,1223.7,0.0,722.2388016405433,0.15333333333333343,0.0774,0.7057013933442166,0.5309202774774511,Chembur
72.9300_18.8950,72.93287044473777,18.897409474380314,33.318181400000014,0.555245578289032,0.102327,0,95,0.0,0.0416,0.0,68.6,24.0,34.2,25.4,1016.4,0.0,1213.617733660483,0.19999999999999996,0.0416,0.479087591763766,0.21819617448524575,Chembur
72.9300_18.9000,72.93287044473777,18.90279936608503,32.72515493000003,0.6376716494560242,0.11146919999999999,0,95,0.0,0.0387,0.0,65.9,22.4,34.6,24.4,912.3,0.0,119.79593604468693,0.2533333333333334,0.0387,0.3722778635210981,0.14891114540843925,Chembur
72.9300_18.9050,72.93287044473777,18.90729094250563,31.737347150000033,-0.08173418790102005,0.11047445000000002,0,80,0.0,0.0371,0.0,65.1,23.9,33.7,25.5,0.0,0.0,6.294353283477502,0.20333333333333337,0.0371,1.0,0.7615521107392594,Chembur
72.9300_18.9100,72.93287044473777,18.912680834210345,29.536142270000028,-0.1,0.12520145,0,80,0.0,0.0,0.0,66.0,23.8,34.3,25.1,0.0,0.0,1664.9694816687947,0.20666666666666667,0.0,1.0,0.8,Chembur
72.9300_18.9150,72.93287044473777,18.917172410630943,29.365241270000013,-0.1,0.122409,0,80,0.0,0.0,0.0,62.9,24.9,33.3,22.2,0.0,0.0,1540.07741490912,0.17000000000000004,0.0,1.0,0.7899863783962279,Chembur
72.9300_18.9200,72.93287044473777,18.92256230233566,28.87133738000003,-0.1,0.12200810000000001,0,80,0.0,0.0,0.0,67.4,24.6,35.4,24.0,0.0,0.0,793.4559040799782,0.17999999999999994,0.0,1.0,0.8,Chembur
72.9300_18.9250,72.93287044473777,18.927053878756258,32.285939359999986,-0.09258294850587845,0.11852594999999999,0,80,0.0,0.0,0.0,69.2,24.8,32.0,22.8,0.0,0.0,1008.970359813858,0.17333333333333334,0.0,1.0,0.8,Chembur
72.9300_18.9300,72.93287044473777,18.932443770460978,40.15763942000004,0.04158179461956024,0.1404852,0,80,0.0,0.0,0.0,62.6,22.2,37.0,24.9,0.0,0.0,805.3514768855592,0.26,0.0,0.9358667084927189,0.6755159460794814,Chembur
72.9300_18.9350,72.93287044473777,18.937833662165694,29.44214672000001,-0.1,0.11310529999999999,0,80,0.0,0.0,0.0,61.7,22.7,32.4,24.1,0.0,0.0,36.4467922212826,0.2433333333333334,0.0,1.0,0.8209772828375073,Chembur
72.9300_18.9400,72.93287044473777,18.942325238586292,29.07470957000001,-0.1,0.10936050000000001,0,80,0.0,0.0,0.0,64.3,23.2,34.2,24.2,0.0,0.0,612.7908012881777,0.22666666666666668,0.0,1.0,0.8,Chembur
72.9300_18.9450,72.93287044473777,18.94771513029101,28.744870640000045,-0.1,0.11393610000000001,0,80,0.0,0.0,0.0,68.3,25.0,33.6,23.8,0.0,0.0,292.34854365706263,0.16666666666666663,0.0,1.0,0.7941271306590193,Chembur
72.9300_18.9500,72.93287044473777,18.952206706711607,28.87988243000001,-0.1,0.12606810000000002,0,80,0.0,0.0,0.0,66.3,25.0,34.5,24.7,0.0,0.0,155.41671854944136,0.16666666666666663,0.0,1.0,0.8,Chembur
72.9300_18.9550,72.93287044473777,18.957596598416323,35.850934220000056,0.47304046154022217,0.14205855,0,10,0.0,0.0112,0.0,67.8,25.9,31.7,24.7,770.9,0.0,4710.112004495974,0.13666666666666671,0.0112,0.445125924944765,0.17805036997790602,Chembur
72.9300_18.9600,72.93287044473777,18.96208817483692,37.06604033000002,0.3111553192138672,0.13466865,0,10,0.0,0.0046,0.0,63.9,25.5,31.1,24.6,607.0,0.0,1372.036986321273,0.15000000000000002,0.0046,0.6828688845142111,0.3370041018909657,Chembur
72.9300_18.9650,72.93287044473777,18.967478066541638,36.951536660000016,0.36534276604652405,0.11899669999999998,0,10,0.0,0.0064,0.0,65.0,23.9,33.6,23.0,412.2,0.0,1956.5534068432619,0.20333333333333337,0.0064,0.5872328471961814,0.405282845557142,Chembur
72.9300_18.9700,72.93287044473777,18.972867958246354,28.69360033999999,-0.1,0.10001525,0,80,0.0,0.0001,0.0,62.2,24.8,31.9,25.8,0.0,0.0,568.3013907361121,0.17333333333333334,0.0001,1.0,0.80062983124524,Chembur
72.9300_18.9750,72.93287044473777,18.977359534666952,28.187733380000026,-0.1,0.1023442,0,80,0.0,0.0,0.0,65.6,22.6,35.3,25.6,0.0,0.0,749.2033579006954,0.2466666666666666,0.0,1.0,0.8138014735267323,Chembur
72.9300_18.9800,72.93287044473777,18.98274942637167,28.92260768,-0.1,0.10386880000000001,0,80,0.0,0.0,0.0,65.9,22.9,32.7,26.1,0.0,0.0,405.5964567669768,0.2366666666666667,0.0,1.0,0.8217542085231574,Chembur
72.9300_18.9850,72.93287044473777,18.987241002792267,28.948242830000027,-0.1,0.0970985,0,80,0.0,0.0,0.0,66.6,23.8,33.9,23.1,0.0,0.0,152.9920644572717,0.20666666666666667,0.0,1.0,0.8138323715024278,Chembur
72.9300_18.9900,72.93287044473777,18.992630894496983,28.456047950000027,-0.1,0.10290345000000001,0,80,0.0,0.0,0.0,65.4,25.3,31.6,24.8,0.0,0.0,295.906058285753,0.15666666666666662,0.0,1.0,0.805462368685873,Chembur
72.9300_18.9950,72.93287044473777,18.99712247091758,28.85937431000002,-0.1,0.1079779,0,80,0.0,0.0,0.0,62.6,22.8,33.2,24.1,0.0,0.0,2395.627131494764,0.24,0.0,1.0,0.7592932586424976,Chembur
72.9300_19.0000,72.93287044473777,19.002512362622298,29.288335820000015,-0.1,0.10801184999999999,0,80,0.0,0.0,0.0,64.6,22.6,33.4,24.5,0.0,0.0,1697.6912766170235,0.2466666666666666,0.0,1.0,0.8,Chembur
72.9300_19.0050,72.93287044473777,19.007902254327014,31.479286640000026,-0.041955240070819855,0.10811390000000001,0,80,0.0,0.0,0.0,64.0,21.9,33.9,24.7,0.0,0.0,1187.5592387531722,0.27,0.0,1.0,0.7268384286350962,Chembur
72.9300_19.0100,72.93287044473777,19.012393830747612,31.169955829999992,0.6370328068733215,0.11901985000000001,0,95,0.0,0.0,0.0,66.9,22.2,34.5,25.4,4590.0,0.0,966.7923261862069,0.26,0.0,0.36952490297878327,0.14780996119151332,Chembur
72.9300_19.0150,72.93287044473777,19.017783722452332,32.79864236,0.48342305421829224,0.1007332,0,95,0.0,0.0,0.0,67.6,22.8,34.9,24.9,4507.1,0.0,3834.944623661291,0.24,0.0,0.5165460592593557,0.20661842370374228,Powai
72.9300_19.0200,72.93287044473777,19.022275298872927,34.64779118000001,0.399605929851532,0.11839720000000001,0,95,0.0,0.0081,0.0,71.3,22.7,35.1,23.9,5281.2,0.0,113.27374433791628,0.2433333333333334,0.0081,0.6406408148646581,0.25625632594586323,Powai
72.9300_19.0250,72.93287044473777,19.027665190577647,35.96031086000002,0.4804799556732178,0.12282555,0,10,0.0,0.0116,0.0,61.0,21.2,33.0,25.2,5601.1,0.0,494.0083172405859,0.29333333333333333,0.0116,0.4555837175262021,0.18223348701048084,Powai
72.9300_19.0300,72.93287044473777,19.03215676699824,38.55629705000001,0.237397238612175,0.13829940000000002,0,10,0.0,0.017,0.0,65.5,25.9,36.1,24.8,12723.7,0.0,646.0309661573692,0.13666666666666671,0.017,0.8048264796913815,0.45472702140790877,Powai
72.9300_19.0350,72.93287044473777,19.03754665870296,39.47916244999999,0.3364398420524597,0.14566555,1,50,0.0,0.1068,0.0619,62.4,22.1,33.1,24.2,21983.6,0.0,2287.823090006919,0.2633333333333333,0.1068,0.5933844370198327,0.4810364372093373,Powai
72.9300_19.0400,72.93287044473777,19.042936550407678,36.652459910000005,0.39659222627639773,0.14076875,0,50,0.0,0.0619,0.0567,67.2,24.0,34.5,23.3,34701.5,0.0,7342.20527375174,0.19999999999999996,0.0619,0.5275528705551777,0.24674467989273197,Powai
72.9300_19.0450,72.93287044473777,19.047428126828276,42.49556509999999,0.2457355111837387,0.15203070000000002,1,50,0.0,0.0175,0.0,66.3,24.8,31.8,24.3,31531.6,0.0,412.9792370674297,0.17333333333333334,0.0175,0.6206573347087988,0.4781339034663261,Powai
72.9300_19.0500,72.93287044473777,19.052818018532992,39.745768010000035,0.15537546575069427,0.13956564999999999,1,50,0.0,0.1067,0.0,63.5,25.8,31.9,24.0,38503.0,0.0,3110.873267167793,0.14,0.1067,0.7804650735579648,0.6601490320161514,Powai
72.9300_19.0550,72.93287044473777,19.05730959495359,43.03390325000004,0.08095325529575348,0.14520234999999998,1,60,0.0,0.0223,0.0,65.1,21.6,34.0,25.0,36260.5,0.0,2663.4402973389883,0.2799999999999999,0.0223,0.8502999228627739,0.7970169287167981,Powai
72.9300_19.0600,72.93287044473777,19.062699486658307,43.295381780000014,0.07093072682619095,0.17614705,0,40,0.0,0.0009,0.0,65.3,21.1,31.7,24.4,35111.9,0.0,381.675419629283,0.29666666666666663,0.0009,0.9025220221865417,0.6437440443118129,Powai
72.9300_19.0650,72.93287044473777,19.067191063078905,45.995617580000015,0.10084368288516998,0.1757663,0,40,0.0,0.0019,0.0,64.8,23.1,36.3,26.0,23299.2,0.0,764.5708134785647,0.22999999999999998,0.0019,0.8586209741958526,0.5744500623791798,Powai
72.9300_19.0700,72.93287044473777,19.07258095478362,35.95176581000004,0.3423524796962738,0.0859989,0,80,0.0,0.0,0.0,69.0,25.1,33.0,25.2,0.0,0.0,790.6176553674505,0.16333333333333333,0.0,0.5721991817527693,0.2601429822298435,Powai
72.9300_19.0750,72.93287044473777,19.07707253120422,37.802623640000036,0.37917840480804443,0.14486325,0,95,0.0,0.0,0.0,71.2,20.9,35.0,25.1,0.0,0.0,5740.190784696601,0.30333333333333334,0.0,0.5577263082706647,0.2566917620855688,Powai
72.9300_19.0800,72.93287044473777,19.082462422908936,37.392461240000046,0.3562573790550232,0.10747135,0,95,0.0,0.0,0.0,70.2,21.7,33.4,24.0,11668.6,0.0,299.308822935654,0.2766666666666667,0.0,0.5929281148905926,0.3546663394819443,Powai
72.9300_19.0850,72.93287044473777,19.087852314613652,37.336063910000036,0.2774451971054077,0.10685910000000001,0,95,0.0,0.0,0.0,69.3,24.1,35.4,24.7,10686.2,0.0,2407.854908728751,0.19666666666666666,0.0,0.6016979605464976,0.296021709964102,Powai
72.9300_19.0900,72.93287044473777,19.09234389103425,35.84409818000003,0.5764032602310181,0.11145425,0,95,0.0,0.0,0.0,66.9,23.6,36.3,26.5,11224.3,0.0,610.1325164023427,0.21333333333333326,0.0,0.3411131284183134,0.16016816084817137,Powai
72.9300_19.0950,72.93287044473777,19.097733782738967,46.71340178000003,0.13649816811084747,0.09733475,0,40,0.0,0.0,0.0,66.0,22.8,35.5,24.7,11386.7,0.0,1968.8430443039892,0.24,0.0,0.7957607253584481,0.6164010574677162,Powai
72.9300_19.1000,72.93287044473777,19.102225359159565,39.58341206000006,0.38246190760612486,0.1292309,0,10,0.0,0.03,0.0166,65.2,25.2,32.7,25.9,22330.2,0.0,817.1192228178253,0.16000000000000003,0.03,0.6554300733849224,0.2770008476192405,Powai
72.9300_19.1050,72.93287044473777,19.10761525086428,40.28410616000002,0.3317404091358185,0.1349849,0,10,0.0,0.0546,0.0,61.5,24.4,35.4,23.7,34901.3,0.0,1295.4042716712304,0.18666666666666676,0.0546,0.6373366566620492,0.3276372072061543,Powai
72.9300_19.1100,72.93287044473777,19.11210682728488,39.87394376000003,0.1465358910036087,0.12671254999999998,1,50,0.0,0.1001,0.0294,64.9,26.2,32.4,24.2,39151.2,0.0,2681.1591808539647,0.1266666666666667,0.1001,0.8573787816937664,0.6352058164749252,Powai
72.9300_19.1150,72.93287044473777,19.117496718989596,45.25048922000002,0.2061258937883377,0.23256705,0,30,0.0,0.0368,0.0036,60.2,23.4,33.2,23.7,37641.6,0.0,2445.728544050322,0.22000000000000008,0.0368,0.6502522163542017,0.4408495264288663,Powai
72.9300_19.1200,72.93287044473777,19.122886610694316,38.682763789999996,0.5801950055885315,0.1521344,1,10,0.0,0.0056,0.0281,62.3,21.5,34.7,23.0,35839.5,0.0,3019.617843639524,0.2833333333333333,0.0056,0.4423053985621681,0.3394208103309321,Powai
72.9300_19.1250,72.93287044473777,19.127378187114914,38.26918337000001,0.5086692950057984,0.12607845,0,10,0.0,0.0668,0.0081,65.9,21.6,33.5,23.8,33656.1,0.0,92.20257879588326,0.2799999999999999,0.0668,0.5209922731454063,0.20839690925816254,Powai
72.9300_19.1300,72.93287044473777,19.13276807881963,40.13371328000002,0.10261373472452164,0.1389695,1,50,0.0,0.193,0.0623,63.6,21.2,34.5,24.7,45098.9,0.0,1766.7294640887342,0.29333333333333333,0.193,0.7744681669182472,0.7583324916631168,Powai
72.9300_19.1350,72.93287044473777,19.13725965524023,39.48428948000003,0.22112091109752655,0.14422855,1,50,0.0,0.1268,0.0245,65.8,22.1,35.1,24.0,34611.2,0.0,226.2123174176993,0.2633333333333333,0.1268,0.7076946877066811,0.6701102564510129,Powai
72.9350_18.8900,72.93736202115838,18.892917897959716,37.353154010000026,0.4124496579170227,0.10670075,0,95,0.0,0.0,0.0,72.1,24.8,31.9,23.1,918.7,0.0,806.3155098012959,0.17333333333333334,0.0,0.5803283957337528,0.24762484672775983,Chembur
72.9350_18.8950,72.93736202115838,18.897409474380314,32.93707216999999,0.5827789306640625,0.10602095,0,95,0.0,0.0,0.0,73.4,23.0,33.0,24.4,861.0,0.0,1193.063625675235,0.23333333333333328,0.0,0.4176342070128466,0.17623356283862449,Chembur
72.9350_18.9000,72.93736202115838,18.90279936608503,32.06376806,0.39459118247032166,0.12821505,0,95,0.0,0.0,0.0,64.4,21.1,32.7,24.3,0.0,0.0,773.1028302218308,0.29666666666666663,0.0,0.5330195660053172,0.22531025248896303,Chembur
72.9350_18.9050,72.93736202115838,18.90729094250563,29.900161400000002,-0.09437303990125656,0.1309241,0,80,0.0,0.0,0.0,68.4,22.3,33.2,26.0,0.0,0.0,1099.740740111474,0.2566666666666666,0.0,1.0,0.7813717802085778,Chembur
72.9350_18.9100,72.93736202115838,18.912680834210345,29.04907442000001,-0.1,0.1346908,0,80,0.0,0.0,0.0,62.9,24.0,31.4,24.4,0.0,0.0,8493.806255408168,0.19999999999999996,0.0,1.0,0.8,Chembur
72.9350_18.9150,72.93736202115838,18.917172410630943,29.389167410000027,-0.1,0.1274183,0,80,0.0,0.0,0.0,69.3,22.8,34.6,22.1,0.0,0.0,217.91555000936322,0.24,0.0,1.0,0.8194063240357656,Chembur
72.9350_18.9200,72.93736202115838,18.92256230233566,28.76366975000002,-0.1,0.1195675,0,80,0.0,0.0,0.0,59.6,24.4,32.8,24.5,0.0,0.0,1688.0014477534298,0.18666666666666676,0.0,1.0,0.80837519920255,Chembur
72.9350_18.9250,72.93736202115838,18.927053878756258,29.259282650000017,-0.1,0.11290685,0,80,0.0,0.0,0.0,70.3,24.3,32.3,24.7,0.0,0.0,756.2740215371794,0.18999999999999995,0.0,1.0,0.8044116707547473,Chembur
72.9350_18.9300,72.93736202115838,18.932443770460978,42.73140848000003,0.040718697011470795,0.1464668,0,60,0.0,0.0117,0.0,64.0,23.1,34.9,24.5,0.0,0.0,214.09140652506275,0.22999999999999998,0.0117,0.9653822878769499,0.6333162549304178,Chembur
72.9350_18.9350,72.93736202115838,18.937833662165694,36.77209061000002,0.01753137819468975,0.13116025,0,60,0.0,0.0,0.0,65.1,24.2,33.1,25.7,0.0,0.0,259.2759955104797,0.19333333333333336,0.0,0.9040369431879658,0.7131848171645964,Chembur
72.9350_18.9400,72.93736202115838,18.942325238586292,29.806165850000042,-0.1,0.11285205000000001,0,80,0.0,0.0,0.0,63.1,23.6,35.2,24.3,0.0,0.0,4471.948590328251,0.21333333333333326,0.0,1.0,0.8179733832067835,Chembur
72.9350_18.9450,72.93736202115838,18.94771513029101,29.002931150000023,-0.1,0.1164556,0,80,0.0,0.0,0.0,68.6,24.8,33.9,23.9,0.0,0.0,3175.4222660182472,0.17333333333333334,0.0,1.0,0.8007539314624785,Chembur
72.9350_18.9500,72.93736202115838,18.952206706711607,29.120852839999998,-0.1,0.1101898,0,80,0.0,0.0,0.0,68.7,24.0,35.8,24.5,0.0,0.0,3563.4106123541665,0.19999999999999996,0.0,1.0,0.7685300135629698,Chembur
72.9350_18.9550,72.93736202115838,18.957596598416323,32.627741360000016,-0.1,0.10078419999999999,0,80,0.0,0.0009,0.0,67.0,23.5,33.3,23.5,0.0,0.0,7157.328822951769,0.21666666666666667,0.0009,1.0,0.8353302360065528,Chembur
72.9350_18.9600,72.93736202115838,18.96208817483692,35.72104946000002,0.4447607398033142,0.1252028,0,10,0.0,0.0,0.0,68.4,20.7,32.1,23.4,545.0,0.0,350.3882792789396,0.31000000000000005,0.0,0.4518885497857787,0.21759873131828084,Chembur
72.9350_18.9650,72.93736202115838,18.967478066541638,35.00497427000002,0.4573219120502472,0.13684400000000002,0,10,0.0,0.0,0.0,65.2,24.4,31.7,24.6,323.9,0.0,658.7795062048258,0.18666666666666676,0.0,0.47832733904615027,0.19319410237245496,Chembur
72.9350_18.9700,72.93736202115838,18.972867958246354,29.52759722000002,-0.1,0.10406395,0,80,0.0,0.0,0.0,62.3,22.7,33.5,25.0,0.0,0.0,1659.4482667004795,0.2433333333333334,0.0,1.0,0.8,Chembur
72.9350_18.9750,72.93736202115838,18.977359534666952,28.510736270000024,-0.1,0.10534374999999999,0,80,0.0,0.0,0.0,64.1,24.9,32.2,24.5,0.0,0.0,991.8988680197859,0.17000000000000004,0.0,1.0,0.8,Chembur
72.9350_18.9800,72.93736202115838,18.98274942637167,28.95849689000002,-0.1,0.10930855,0,80,0.0,0.0,0.0,65.8,23.8,33.9,23.6,0.0,0.0,812.93153500526,0.20666666666666667,0.0,1.0,0.8,Chembur
72.9350_18.9850,72.93736202115838,18.987241002792267,28.895263520000043,-0.1,0.11354725,0,80,0.0,0.0,0.0,63.0,23.0,33.8,25.4,0.0,0.0,664.3095215291403,0.23333333333333328,0.0,1.0,0.8,Chembur
72.9350_18.9900,72.93736202115838,18.992630894496983,29.030275310000036,-0.1,0.10125849999999999,0,80,0.0,0.0,0.0,65.2,21.6,34.2,22.3,0.0,0.0,1351.292924832001,0.2799999999999999,0.0,1.0,0.8078073238879075,Chembur
72.9350_18.9950,72.93736202115838,18.99712247091758,28.45604795,-0.1,0.1083913,0,80,0.0,0.0,0.0,66.3,24.6,33.7,25.3,0.0,0.0,1285.5950827188708,0.17999999999999994,0.0,1.0,0.8,Chembur
72.9350_19.0000,72.93736202115838,19.002512362622298,28.649166080000015,-0.1,0.105173,0,80,0.0,0.0,0.0,64.0,22.2,34.3,24.8,0.0,0.0,264.13561746276633,0.26,0.0,1.0,0.7876028166144649,Chembur
72.9350_19.0050,72.93736202115838,19.007902254327014,29.332770080000046,-0.09555953741073608,0.11089030000000001,0,80,0.0,0.0,0.0,61.9,25.5,31.8,22.7,0.0,0.0,957.2495769836393,0.15000000000000002,0.0,1.0,0.7595512225486488,Chembur
72.9350_19.0100,72.93736202115838,19.012393830747612,31.494667730000003,0.07653305679559708,0.10079725,0,95,0.0,0.0,0.0,62.0,23.3,32.9,23.5,0.0,0.0,1209.3790042307662,0.22333333333333327,0.0,0.9612781034428917,0.7078998235194567,Chembur
72.9350_19.0150,72.93736202115838,19.017783722452332,32.108202320000004,0.602753221988678,0.108391,0,95,0.0,0.0,0.0,68.9,23.6,34.4,23.4,4279.4,0.0,1266.9563886197705,0.21333333333333326,0.0,0.3679690455174911,0.1567206390230076,Powai
72.9350_19.0200,72.93736202115838,19.022275298872927,33.00030554000003,0.5207839608192444,0.1013406,0,95,0.0,0.0,0.0,65.4,26.6,36.3,22.8,6032.1,0.0,353.78704493736006,0.11333333333333329,0.0,0.4870857338995064,0.22915244618245645,Powai
72.9350_19.0250,72.93736202115838,19.027665190577647,39.092926190000014,0.3930114507675171,0.11998165000000001,0,10,0.0,0.0006,0.0,66.1,26.3,33.7,22.7,4956.6,0.0,2033.772233487871,0.1233333333333333,0.0006,0.6448800689975867,0.3243955090619191,Powai
72.9350_19.0300,72.93736202115838,19.03215676699824,35.664652130000036,0.5084363222122192,0.11501005,0,10,0.0,0.0,0.0,64.9,24.6,33.1,22.5,6331.4,0.0,38.28304297858908,0.17999999999999994,0.0,0.46933559687749643,0.19429046022248106,Powai
72.9350_19.0350,72.93736202115838,19.03754665870296,40.50627745999998,0.3381775919055939,0.15211595,0,10,0.0,0.0138,0.0237,65.3,22.1,32.6,25.9,13024.9,0.0,657.366460619236,0.2633333333333333,0.0138,0.610538264518692,0.3011459829133359,Powai
72.9350_19.0400,72.93736202115838,19.042936550407678,35.257907750000015,0.6978303790092468,0.14123435,0,10,0.0,0.0,0.0,66.4,23.1,32.4,26.2,21553.1,0.0,2272.642176489682,0.22999999999999998,0.0,0.17456821808189737,0.06982728723275895,Powai
72.9350_19.0450,72.93736202115838,19.047428126828276,38.7528332,0.7008625268936157,0.17417045000000003,0,40,0.0,0.0237,0.0,66.7,24.4,34.4,24.5,26058.9,0.0,1244.8012078150837,0.18666666666666676,0.0237,0.24272966182030958,0.10442814559383268,Powai
72.9350_19.0500,72.93736202115838,19.052818018532992,44.85399890000002,0.06794649884462356,0.13920749999999998,1,50,0.0,0.0405,0.0022,61.3,26.2,29.8,22.7,40781.2,0.0,454.0157739213568,0.1266666666666667,0.0405,0.932122410383492,0.7280618885218496,Powai
72.9350_19.0550,72.93736202115838,19.05730959495359,44.13279668000001,0.07460986077785492,0.14858095,1,50,0.0,0.014,0.0,66.8,21.8,32.7,25.0,16086.0,0.0,1780.9347106717087,0.2733333333333333,0.014,0.9280975256005265,0.8018219816566111,Powai
72.9350_19.0600,72.93736202115838,19.062699486658307,32.062059050000045,0.12692385911941528,0.06338655,0,80,0.0,0.0,0.0,64.9,22.6,36.1,23.6,8413.6,0.0,1256.8812482324151,0.2466666666666666,0.0,0.8792784291665052,0.5260387536837124,Powai
72.9350_19.0650,72.93736202115838,19.067191063078905,35.71421342000002,0.5348941087722778,0.1078909,0,95,0.0,0.0,0.0,61.9,24.0,33.9,24.1,11697.2,0.0,2386.245244082694,0.19999999999999996,0.0,0.4056736664796102,0.16823850287147288,Powai
72.9350_19.0700,72.93736202115838,19.07258095478362,35.594582720000034,0.5294824838638306,0.10748455000000001,0,95,0.0,0.0,0.0,64.1,23.0,30.6,24.5,9141.8,0.0,1992.1807496076929,0.23333333333333328,0.0,0.33943107268878986,0.13577242907551595,Powai
72.9350_19.0750,72.93736202115838,19.07707253120422,37.701792049999995,0.06268524378538132,0.09903234999999999,0,80,0.0,0.0,0.0,65.2,24.6,34.4,23.6,10870.0,0.0,1412.827951984798,0.17999999999999994,0.0,0.8828442963143819,0.645176556924577,Powai
72.9350_19.0800,72.93736202115838,19.082462422908936,36.53453822,0.5540884733200073,0.11170025,0,95,0.0,0.0,0.0,70.4,23.8,34.4,25.0,9564.3,0.0,1004.6666043902437,0.20666666666666667,0.0,0.3971842081272951,0.20056794167553837,Powai
72.9350_19.0850,72.93736202115838,19.087852314613652,34.247882840000045,0.45017263293266296,0.1126035,0,95,0.0,0.0,0.0,67.4,21.1,37.6,21.7,12492.8,0.0,214.3895827128507,0.29666666666666663,0.0,0.5003998687078364,0.20015994748313456,Powai
72.9350_19.0900,72.93736202115838,19.09234389103425,32.61577829000004,0.5675752758979797,0.11530120000000002,0,95,0.0,0.0,0.0,66.6,21.3,35.8,24.3,12730.9,0.0,454.3621390990354,0.2899999999999999,0.0,0.4287621819509165,0.1715048727803666,Powai
72.9350_19.0950,72.93736202115838,19.097733782738967,36.36705524000001,0.4924861788749695,0.11129105,0,95,0.0,0.0,0.0,60.0,23.6,36.6,26.9,9735.1,0.0,814.7636199425723,0.21333333333333326,0.0,0.5734103266757725,0.23399628015367085,Powai
72.9350_19.1000,72.93736202115838,19.102225359159565,35.51938627999999,0.5425752401351929,0.11323965,0,95,0.0,0.0,0.0,65.3,21.4,34.6,24.8,11023.0,0.0,1371.810722957236,0.28666666666666674,0.0,0.4296293249568618,0.18757985422266105,Powai
72.9350_19.1050,72.93736202115838,19.10761525086428,42.596396690000034,0.27604642510414124,0.11897659999999999,0,10,0.0,0.0,0.0,60.8,24.6,34.5,23.9,12899.8,0.0,1081.418572089466,0.17999999999999994,0.0,0.6774240054380357,0.3162932748820314,Powai
72.9350_19.1100,72.93736202115838,19.11210682728488,45.14623961000001,0.2559963723754883,0.14933275000000001,0,50,0.0,0.0669,0.0172,67.5,25.1,29.1,23.7,26496.7,0.0,509.9048502493267,0.16333333333333333,0.0669,0.691402711974307,0.4009471700711887,Powai
72.9350_19.1150,72.93736202115838,19.117496718989596,39.822673460000004,0.2726075416278839,0.1345519,1,10,0.0,0.1508,0.0844,67.7,23.5,35.2,25.1,38963.2,0.0,9.728013350070453,0.21666666666666667,0.1508,0.7185661267175019,0.6543373672303056,Powai
72.9350_19.1200,72.93736202115838,19.122886610694316,38.72378003000003,0.4424543082714081,0.09842150000000001,0,95,0.0,0.054,0.0,68.1,25.6,32.7,24.2,30866.0,0.0,1028.4806553296032,0.1466666666666666,0.054,0.486604553711172,0.20985194387615166,Powai
72.9350_19.1250,72.93736202115838,19.127378187114914,37.93421741000003,0.4224976162815094,0.1610996,0,10,0.0,0.0388,0.0083,69.8,22.4,35.6,23.9,32127.8,0.0,504.52294237227443,0.2533333333333334,0.0388,0.5376724316557933,0.2150689726623173,Powai
72.9350_19.1300,72.93736202115838,19.13276807881963,43.82859290000005,0.20188958323478698,0.14242865,1,50,0.0,0.0881,0.0021,63.8,25.1,37.0,23.6,41329.0,0.0,1989.822650699586,0.16333333333333333,0.0881,0.778552438581803,0.6188182469956571,Powai
72.9350_19.1350,72.93736202115838,19.13725965524023,45.161620700000014,0.10340706259012222,0.15159024999999998,1,50,0.0,0.071,0.0,61.3,21.8,32.3,25.0,44688.7,0.0,36.35645701387554,0.2733333333333333,0.071,0.8616001655886022,0.7604613360314736,Powai
72.9400_18.8900,72.94275191286309,18.892917897959716,33.270329120000014,0.14560191333293915,0.09686715000000001,0,95,0.0,0.0,0.0,65.6,23.9,32.5,22.6,0.0,0.0,1318.5928984315024,0.20333333333333337,0.0,0.8482150383673,0.5857856170206683,Chembur
72.9400_18.8950,72.94275191286309,18.897409474380314,33.620676170000024,0.5262066125869751,0.10380935,0,95,0.0,0.0,0.0,69.2,26.3,33.3,23.8,0.0,0.0,4257.432355760135,0.1233333333333333,0.0,0.46433796288045165,0.20450798560575958,Chembur
72.9400_18.9000,72.94275191286309,18.90279936608503,32.17143569000001,0.7135773301124573,0.12820775,0,95,0.0,0.0,0.0,71.9,25.6,30.4,25.3,0.0,0.0,287.4841635252635,0.1466666666666666,0.0,0.15936551077522054,0.06374620431008822,Chembur
72.9400_18.9050,72.94275191286309,18.90729094250563,39.05532797000001,0.30637291073799133,0.11202675000000001,0,40,0.0,0.0,0.0,67.9,24.3,33.9,24.9,0.0,0.0,956.9930583704516,0.18999999999999995,0.0,0.6918625721817788,0.3976944423368176,Chembur
72.9400_18.9100,72.94275191286309,18.912680834210345,29.45923682000003,-0.08684705197811127,0.13683135000000002,0,80,0.0,0.0,0.0,65.9,23.7,33.4,23.6,0.0,0.0,143.8117950282099,0.21000000000000008,0.0,1.0,0.8,Chembur
72.9400_18.9150,72.94275191286309,18.917172410630943,29.440437710000026,-0.08610750734806061,0.1376295,0,80,0.0,0.0,0.0,64.8,23.3,33.9,25.5,0.0,0.0,1473.9740115967145,0.22333333333333327,0.0,0.9900266991978628,0.7978111750382286,Chembur
72.9400_18.9200,72.94275191286309,18.92256230233566,29.561777420000027,-0.09279824048280716,0.1293063,0,80,0.0,0.0,0.0,66.0,25.8,30.7,24.7,0.0,0.0,1199.5348607848805,0.14,0.0,0.9987837590900575,0.799513503636023,Chembur
72.9400_18.9250,72.94275191286309,18.927053878756258,30.02491913000003,-0.1,0.1288514,0,80,0.0,0.0,0.0,68.1,22.2,31.8,22.9,0.0,0.0,784.7662025569003,0.26,0.0,1.0,0.8,Chembur
72.9400_18.9300,72.94275191286309,18.932443770460978,30.891387200000025,-0.08900458365678787,0.1202038,0,80,0.0,0.0,0.0,64.7,21.6,33.9,25.4,0.0,0.0,1105.2631390436986,0.2799999999999999,0.0,1.0,0.8061038088068477,Chembur
72.9400_18.9350,72.94275191286309,18.937833662165694,41.78632594999999,0.16814719140529633,0.14904165000000003,0,40,0.0,0.0101,0.0,64.6,24.1,35.6,25.1,0.0,0.0,3403.3578966463233,0.19666666666666666,0.0101,0.7030418743954332,0.4277178244471106,Chembur
72.9400_18.9400,72.94275191286309,18.942325238586292,36.57897248000003,-0.07162023335695267,0.0808489,0,80,0.0,0.0,0.0,72.2,23.4,33.5,24.7,0.0,0.0,327.7831866983195,0.22000000000000008,0.0,1.0,0.8275693471090763,Chembur
72.9400_18.9450,72.94275191286309,18.94771513029101,30.484642820000033,-0.1,0.0908997,0,80,0.0,0.0,0.0,69.0,24.3,35.1,25.5,0.0,0.0,34.23447889500124,0.18999999999999995,0.0,1.0,0.8,Chembur
72.9400_18.9500,72.94275191286309,18.952206706711607,29.117434820000028,-0.1,0.10063625000000001,0,80,0.0,0.0,0.0,64.0,23.0,34.5,25.2,0.0,0.0,2967.114248713906,0.23333333333333328,0.0,1.0,0.7475712698218837,Chembur
72.9400_18.9550,72.94275191286309,18.957596598416323,28.955078870000023,-0.1,0.10386065,0,80,0.0,0.0,0.0,66.0,25.1,32.2,25.6,0.0,0.0,1290.9898931468535,0.16333333333333333,0.0,1.0,0.8,Chembur
72.9400_18.9600,72.94275191286309,18.96208817483692,28.420158740000034,-0.1,0.10991965000000001,0,80,0.0,0.0,0.0,63.5,22.2,33.3,23.2,0.0,0.0,3319.918289404507,0.26,0.0,1.0,0.7959254659215309,Chembur
72.9400_18.9650,72.94275191286309,18.967478066541638,30.43508153000002,-0.07780631631612778,0.1001332,0,80,0.0,0.0,0.0,63.8,22.1,35.3,25.7,0.0,0.0,1363.0242063305072,0.2633333333333333,0.0,1.0,0.7786237217607359,Chembur
72.9400_18.9700,72.94275191286309,18.972867958246354,28.89355451000003,-0.1,0.13461410000000001,0,80,0.0,0.0,0.0,64.8,23.4,32.7,25.9,0.0,0.0,2492.369112504063,0.22000000000000008,0.0,1.0,0.8,Chembur
72.9400_18.9750,72.94275191286309,18.977359534666952,28.821776090000014,-0.1,0.13117805,0,80,0.0,0.0,0.0,66.1,25.5,35.2,25.1,0.0,0.0,842.3190533051604,0.15000000000000002,0.0,1.0,0.8,Chembur
72.9400_18.9800,72.94275191286309,18.98274942637167,28.92260768,-0.1,0.11517025,0,80,0.0,0.0,0.0,73.2,22.8,31.9,23.7,0.0,0.0,2078.6013647524765,0.24,0.0,1.0,0.8138784646638252,Chembur
72.9400_18.9850,72.94275191286309,18.987241002792267,28.524408349999987,-0.1,0.11745140000000001,0,80,0.0,0.0,0.0,67.2,24.5,32.8,25.1,0.0,0.0,3663.4858573050906,0.18333333333333335,0.0,1.0,0.814331786795193,Chembur
72.9400_18.9900,72.94275191286309,18.992630894496983,29.14819700000004,-0.1,0.1049553,0,80,0.0,0.0,0.0,66.4,23.8,32.8,23.2,0.0,0.0,1273.3791346422097,0.20666666666666667,0.0,1.0,0.8,Chembur
72.9400_18.9950,72.94275191286309,18.99712247091758,29.06274650000003,-0.1,0.09819205,0,80,0.0,0.0,0.0,60.0,24.8,33.9,25.3,0.0,0.0,299.1133471594103,0.17333333333333334,0.0,1.0,0.8266777149100115,Chembur
72.9400_19.0000,72.94275191286309,19.002512362622298,29.178959179999993,-0.1,0.1119115,0,80,0.0,0.0,0.0,65.5,22.5,30.9,24.7,0.0,0.0,469.5974956909916,0.25,0.0,1.0,0.8499483025283971,Chembur
72.9400_19.0050,72.94275191286309,19.007902254327014,29.050783430000024,-0.08930129557847977,0.11153850000000001,0,80,0.0,0.0,0.0,63.5,22.4,34.2,24.4,0.0,0.0,332.17605916094203,0.2533333333333334,0.0,1.0,0.8009201277347269,Chembur
72.9400_19.0100,72.94275191286309,19.012393830747612,29.384040380000016,-0.1,0.10589875,0,80,0.0,0.0,0.0,60.1,21.5,33.7,25.7,0.0,0.0,425.2502982218278,0.2833333333333333,0.0,1.0,0.7651250144029574,Chembur
72.9400_19.0150,72.94275191286309,19.017783722452332,30.67263392000001,0.6856027841567993,0.12319654999999999,0,95,0.0,0.0,0.0,65.9,22.3,32.5,22.2,4095.5,0.0,548.823191872106,0.2566666666666666,0.0,0.30039845992317715,0.1766459957893318,Powai
72.9400_19.0200,72.94275191286309,19.022275298872927,32.29619342000004,0.5904697179794312,0.1045216,0,95,0.0,0.0,0.0,65.3,24.4,32.2,23.7,5397.2,0.0,1214.9725296115034,0.18666666666666676,0.0,0.42406221191032567,0.1696248847641303,Powai
72.9400_19.0250,72.94275191286309,19.027665190577647,39.451818290000034,0.08879516273736954,0.12721765000000002,0,95,0.0,0.0,0.0,66.1,23.8,33.4,24.9,6087.0,0.0,1330.0674195054562,0.20666666666666667,0.0,0.8575197354388548,0.6246962052542742,Powai
72.9400_19.0300,72.94275191286309,19.03215676699824,34.92294179000001,0.5445727109909058,0.11979295000000001,0,10,0.0,0.0,0.0,64.1,22.4,35.2,24.2,10293.4,0.0,833.9953525255631,0.2533333333333334,0.0,0.38664763057437274,0.15825149768238758,Powai
72.9400_19.0350,72.94275191286309,19.03754665870296,40.23625388000002,0.22197456657886505,0.13655080000000003,0,10,0.0,0.0116,0.0,68.1,24.8,36.2,25.3,16324.9,0.0,1433.4082154737114,0.17333333333333334,0.0116,0.6831444400896736,0.5161084222536306,Powai
72.9400_19.0400,72.94275191286309,19.042936550407678,34.81356515000002,0.5446568727493286,0.1317956,0,10,0.0,0.0035,0.0,63.6,26.3,32.2,23.8,16740.3,0.0,127.64242730565331,0.1233333333333333,0.0035,0.4337503264377044,0.18069491007761754,Powai
72.9400_19.0450,72.94275191286309,19.047428126828276,42.61861382000001,0.050657618790864944,0.16689949999999998,0,30,0.0,0.0441,0.0,65.0,23.1,35.2,24.8,19679.1,0.0,137.82467947952256,0.22999999999999998,0.0441,0.8472828699827234,0.6044143811156695,Powai
72.9400_19.0500,72.94275191286309,19.052818018532992,41.07708680000002,0.14388503212451934,0.13304919999999998,1,40,0.0,0.0139,0.0019,68.5,22.2,32.2,24.4,34434.8,0.0,282.80427007993575,0.26,0.0139,0.9092033613238081,0.6892288471866393,Powai
72.9400_19.0550,72.94275191286309,19.05730959495359,33.94709707999999,0.6011220216751099,0.1093244,0,95,0.0,0.0,0.0,68.6,23.3,33.6,24.0,8662.6,0.0,1094.9579432621829,0.22333333333333327,0.0,0.3006985292702181,0.12027941170808726,Powai
72.9400_19.0600,72.94275191286309,19.062699486658307,36.21495335000003,0.5153252482414246,0.10419440000000002,0,95,0.0,0.0,0.0,67.5,23.8,35.0,23.7,6481.0,0.0,361.1875747078812,0.20666666666666667,0.0,0.46709943771920054,0.18683977508768024,Powai
72.9400_19.0650,72.94275191286309,19.067191063078905,38.998930640000026,0.07704239338636398,0.10312165000000001,0,80,0.0,0.0,0.0,65.3,23.3,32.5,25.9,0.0,0.0,499.6142619940671,0.22333333333333327,0.0,0.9703638469743254,0.5828157061388691,Powai
72.9400_19.0700,72.94275191286309,19.07258095478362,35.464697960000024,0.5861344337463379,0.11380790000000002,0,95,0.0,0.0,0.0,64.8,23.0,34.0,22.8,10474.8,0.0,767.0207300408512,0.23333333333333328,0.0,0.4096776842168526,0.16387107368674103,Powai
72.9400_19.0750,72.94275191286309,19.07707253120422,39.61930127000005,0.36421072483062744,0.1070064,0,95,0.0,0.0,0.0,60.9,20.5,34.5,26.0,9094.5,0.0,2505.9021948777413,0.31666666666666665,0.0,0.6124710407939615,0.2449884163175846,Powai
72.9400_19.0800,72.94275191286309,19.082462422908936,38.968168460000015,0.0661085993051529,0.10969535,0,40,0.0,0.0,0.0,69.7,21.6,33.0,23.4,10792.9,0.0,20.93866884635644,0.2799999999999999,0.0,0.8525586133467523,0.6712517853410198,Powai
72.9400_19.0850,72.94275191286309,19.087852314613652,35.673197180000045,0.40947121381759644,0.10499205,0,95,0.0,0.0,0.0,63.2,23.9,34.5,25.8,8997.7,0.0,1572.0733474050767,0.20333333333333337,0.0,0.4899427117540183,0.2568246485508072,Powai
72.9400_19.0900,72.94275191286309,19.09234389103425,34.59993890000004,0.4791014492511749,0.1086542,0,95,0.0,0.0,0.0,65.4,23.0,35.0,23.9,9353.7,0.0,1657.895932732533,0.23333333333333328,0.0,0.5268047961947044,0.2107219184778818,Powai
72.9400_19.0950,72.94275191286309,19.097733782738967,33.74030687000001,0.46887752413749695,0.10937755,0,95,0.0,0.0,0.0,63.0,26.3,31.4,25.6,9896.2,0.0,2404.1089501513666,0.1233333333333333,0.0,0.5736165729012503,0.22944662916050015,Powai
72.9400_19.1000,72.94275191286309,19.102225359159565,36.21495335,0.3035726845264435,0.108515,0,95,0.0,0.0,0.0,69.4,22.4,35.0,23.2,9323.5,0.0,4049.072947431443,0.2533333333333334,0.0,0.6419303159496479,0.33808349660258485,Powai
72.9400_19.1050,72.94275191286309,19.10761525086428,34.683680390000006,0.4549528658390045,0.1069473,0,95,0.0,0.0,0.0,67.6,25.1,33.8,23.9,9168.5,0.0,30.515069106789642,0.16333333333333333,0.0,0.45600986878017796,0.18491678694519523,Powai
72.9400_19.1100,72.94275191286309,19.11210682728488,32.74737206000003,0.5957062840461731,0.1087841,0,95,0.0,0.012,0.0,69.0,23.8,33.5,25.7,11687.7,0.0,250.47042721672844,0.20666666666666667,0.012,0.24875001442637595,0.10613295911306564,Powai
72.9400_19.1150,72.94275191286309,19.117496718989596,42.592978670000036,0.4259808659553528,0.10670325,0,95,0.0,0.0721,0.0,63.8,22.2,33.1,26.3,20886.1,0.0,3259.590810046127,0.26,0.0721,0.49296991686152036,0.19718796674460815,Powai
72.9400_19.1200,72.94275191286309,19.122886610694316,39.22964699000002,0.19374743103981018,0.13689220000000002,0,40,0.0,0.0579,0.0,64.9,24.1,33.0,22.6,24042.1,0.0,920.169738493552,0.19666666666666666,0.0579,0.7595020668352379,0.54203136327736,Powai
72.9400_19.1250,72.94275191286309,19.127378187114914,38.96987747,0.6305403709411621,0.18206480000000003,0,95,0.0,0.0443,0.0,69.0,23.8,33.9,22.6,19957.7,0.0,1247.2029457345004,0.20666666666666667,0.0443,0.39479635110067457,0.16839775068180454,Powai
72.9400_19.1300,72.94275191286309,19.13276807881963,37.983778700000016,0.48234182596206665,0.13816615000000002,0,50,0.0,0.0049,0.0,64.2,21.3,31.5,22.7,25202.5,0.0,1631.6296126532347,0.2899999999999999,0.0049,0.5098650136495818,0.20394600545983274,Powai
72.9400_19.1350,72.94275191286309,19.13725965524023,35.348485280000006,0.48338592052459717,0.13342939999999998,0,30,0.0,0.0016,0.0,64.9,23.2,34.5,25.2,14733.3,0.0,1704.782502032846,0.22666666666666668,0.0016,0.4918395297107405,0.19673581188429623,Powai
72.9450_18.8900,72.9472434892837,18.892917897959716,35.94663878000003,0.4455661177635193,0.10621245,0,95,0.0,0.0,0.0,69.0,23.1,34.3,24.2,652.1,0.0,4026.65586608205,0.22999999999999998,0.0,0.5025641641714242,0.20102566566856972,Chembur
72.9450_18.8950,72.9472434892837,18.897409474380314,43.79953973000002,0.09108483046293259,0.123412,0,80,0.0,0.0,0.0,60.4,22.0,31.9,23.2,776.2,0.0,8688.6340410541,0.2666666666666667,0.0,0.8427332836742696,0.6235962767122639,Chembur
72.9450_18.9000,72.9472434892837,18.90279936608503,44.31736976000002,0.09916327148675919,0.14456315,0,80,0.0,0.0,0.0,66.0,25.2,34.9,24.9,1101.7,0.0,1910.292291696729,0.16000000000000003,0.0,0.927750163388639,0.5856064208409514,Chembur
72.9450_18.9050,72.9472434892837,18.90729094250563,37.418096390000045,0.1421731561422348,0.1022526,0,80,0.0,0.0061,0.0,66.5,26.3,33.7,23.9,802.2,0.0,507.87623706805095,0.1233333333333333,0.0061,0.8371879908956846,0.4679113555702278,Chembur
72.9450_18.9100,72.9472434892837,18.912680834210345,29.83863704000001,-0.07890905439853668,0.13523159999999998,0,80,0.0,0.0,0.0,65.1,25.9,34.8,24.1,0.0,0.0,3177.3035215433374,0.13666666666666671,0.0,0.9332095398024856,0.7744512217373521,Chembur
72.9450_18.9150,72.9472434892837,18.917172410630943,29.565195439999997,-0.08944978564977646,0.1370963,0,80,0.0,0.0,0.0,68.9,23.7,35.2,23.5,0.0,0.0,75.71031078073429,0.21000000000000008,0.0,1.0,0.8,Chembur
72.9450_18.9200,72.9472434892837,18.92256230233566,29.683117130000028,-0.1,0.10865105,0,80,0.0,0.0,0.0,65.2,23.6,33.5,23.7,0.0,0.0,394.1541829245726,0.21333333333333326,0.0,1.0,0.7957809140234282,Chembur
72.9450_18.9250,72.9472434892837,18.927053878756258,29.958267739999997,-0.1,0.13118875000000002,0,80,0.0,0.0,0.0,66.1,23.2,32.6,24.5,0.0,0.0,3415.167224890571,0.22666666666666668,0.0,1.0,0.8,Chembur
72.9450_18.9300,72.9472434892837,18.932443770460978,36.47984990000003,0.06813313812017441,0.11514175,0,80,0.0,0.0,0.0,68.4,21.4,33.3,24.0,0.0,0.0,443.957533749035,0.28666666666666674,0.0,0.9254698698940799,0.7196470923980857,Chembur
72.9450_18.9350,72.9472434892837,18.937833662165694,42.5297453,0.20543886721134186,0.10988585000000001,1,50,0.0,0.0028,0.0,68.2,26.3,33.0,24.7,2754.8,0.0,373.94459950566176,0.1233333333333333,0.0028,0.7562231336989457,0.656710693460302,Chembur
72.9450_18.9400,72.9472434892837,18.942325238586292,44.58226631000002,0.039596542716026306,0.12769965,1,50,0.0,0.0,0.0,62.6,23.1,35.0,24.8,5476.0,0.0,222.96805583076338,0.22999999999999998,0.0,0.9182502919337906,0.8457523468948823,Chembur
72.9450_18.9450,72.9472434892837,18.94771513029101,44.66429879000003,0.024011977016925812,0.1089221,0,50,0.0,0.0,0.0,65.5,24.7,32.9,25.9,5490.2,0.0,2939.682465462377,0.17666666666666664,0.0,1.0,0.7684502176564398,Chembur
72.9450_18.9500,72.9472434892837,18.952206706711607,33.504463490000006,-0.1,0.08947895,0,80,0.0,0.0019,0.0,63.9,20.8,33.1,24.9,0.0,0.0,1039.8955585963693,0.30666666666666664,0.0019,1.0,0.8017403296078478,Chembur
72.9450_18.9550,72.9472434892837,18.957596598416323,31.49295872000002,-0.1,0.0945745,0,80,0.0,0.0015,0.0,65.6,23.6,33.1,24.0,0.0,0.0,1685.402316966459,0.21333333333333326,0.0015,1.0,0.7592000521402023,Chembur
72.9450_18.9600,72.9472434892837,18.96208817483692,28.575678650000043,-0.1,0.1181707,0,80,0.0,0.0,0.0,71.4,25.2,33.6,24.9,0.0,0.0,409.8137364191039,0.16000000000000003,0.0,1.0,0.8171347484294093,Chembur
72.9450_18.9650,72.9472434892837,18.967478066541638,28.895263520000015,-0.1,0.11916269999999998,0,80,0.0,0.0,0.0,62.8,24.5,34.3,23.6,0.0,0.0,2128.4768936224677,0.18333333333333335,0.0,1.0,0.7806370632231499,Chembur
72.9450_18.9700,72.9472434892837,18.972867958246354,28.53124439000004,-0.1,0.1238519,0,80,0.0,0.0,0.0,64.1,21.9,33.1,24.8,0.0,0.0,2140.7091898736867,0.27,0.0,1.0,0.8078915997096844,Chembur
72.9450_18.9750,72.9472434892837,18.977359534666952,28.75170668000004,-0.1,0.10998125,0,80,0.0,0.0,0.0,66.9,25.4,32.3,24.7,0.0,0.0,562.2540619379184,0.15333333333333343,0.0,1.0,0.8,Chembur
72.9450_18.9800,72.9472434892837,18.98274942637167,29.151615020000037,-0.1,0.1239522,0,80,0.0,0.0,0.0,67.3,24.4,34.1,24.8,0.0,0.0,793.1856255475155,0.18666666666666676,0.0,1.0,0.8090099144755607,Chembur
72.9450_18.9850,72.9472434892837,18.987241002792267,28.411613690000024,-0.1,0.12386109999999999,0,80,0.0,0.0,0.0,62.7,23.4,36.1,24.6,0.0,0.0,352.99553470243757,0.22000000000000008,0.0,1.0,0.8,Chembur
72.9450_18.9900,72.9472434892837,18.992630894496983,29.043947390000028,-0.1,0.12313600000000002,0,80,0.0,0.0,0.0,65.3,25.3,32.0,24.5,0.0,0.0,5630.0324585202225,0.15666666666666662,0.0,1.0,0.8111188290329169,Chembur
72.9450_18.9950,72.9472434892837,18.99712247091758,29.178959179999993,-0.1,0.11568890000000001,0,80,0.0,0.0,0.0,69.1,26.1,33.5,25.1,0.0,0.0,1556.0044978307446,0.13,0.0,1.0,0.8,Chembur
72.9450_19.0000,72.9472434892837,19.002512362622298,29.17041413000004,-0.1,0.1040032,0,80,0.0,0.0,0.0,67.5,24.7,33.8,25.5,0.0,0.0,4089.5629431531083,0.17666666666666664,0.0,1.0,0.7956711415431952,Chembur
72.9450_19.0050,72.9472434892837,19.007902254327014,29.187504230000002,-0.1,0.106715,0,80,0.0,0.0,0.0,66.1,21.6,33.2,24.9,0.0,0.0,542.2847527621241,0.2799999999999999,0.0,1.0,0.8344431019561639,Chembur
72.9450_19.0100,72.9472434892837,19.012393830747612,29.35156919000002,-0.1,0.10433505000000001,0,80,0.0,0.0,0.0,64.5,24.2,34.1,23.3,0.0,0.0,2284.1399133811337,0.19333333333333336,0.0,1.0,0.772770991587871,Chembur
72.9450_19.0150,72.9472434892837,19.017783722452332,31.63138852999998,-0.05768994241952896,0.11987550000000001,0,80,0.0,0.0,0.0,62.3,23.6,33.8,23.5,0.0,0.0,2177.745390072408,0.21333333333333326,0.0,0.9413452268933691,0.6898891442441426,Powai
72.9450_19.0200,72.9472434892837,19.022275298872927,32.602106210000045,0.6266037821769714,0.11520895,0,95,0.0,0.0,0.0,64.2,23.8,34.7,24.1,4767.5,0.0,1764.807160649723,0.20666666666666667,0.0,0.3248528968277947,0.1299411587311179,Powai
72.9450_19.0250,72.9472434892837,19.027665190577647,34.268390960000005,0.44381535053253174,0.10339465,0,95,0.0,0.0,0.0,63.6,25.7,32.1,24.9,5925.1,0.0,5056.248538314868,0.1433333333333333,0.0,0.518806285268346,0.20752251410733843,Powai
72.9450_19.0300,72.9472434892837,19.03215676699824,40.54558469000003,0.2554086744785309,0.16140110000000002,0,10,0.0,0.0272,0.0,66.0,25.3,34.0,26.5,24416.7,0.0,750.2126897821071,0.15666666666666662,0.0272,0.7198117490178607,0.3864256710436292,Powai
72.9450_19.0350,72.9472434892837,19.03754665870296,44.71215107000003,0.0840180516242981,0.15683735,1,50,0.0,0.0185,0.0,63.0,24.1,33.1,24.3,39373.7,0.0,210.13037595301734,0.19666666666666666,0.0185,0.7328080363261049,0.6536002060655771,Powai
72.9450_19.0400,72.9472434892837,19.042936550407678,43.43893861999999,0.04530272260308266,0.18274425,0,50,0.0,0.0865,0.0,72.7,24.9,33.5,25.0,25497.5,0.0,1670.7816600712995,0.17000000000000004,0.0865,0.908181033050834,0.5934947250726273,Powai
72.9450_19.0450,72.9472434892837,19.047428126828276,38.71181696000002,0.07118290662765503,0.1696281,1,50,0.0,0.113,0.0,64.7,22.6,34.0,22.3,16832.5,0.0,1960.1704308273793,0.2466666666666666,0.113,0.8204415906039504,0.7268559866635353,Powai
72.9450_19.0500,72.9472434892837,19.052818018532992,37.378789160000025,0.18265648186206818,0.11011015,0,80,0.0,0.0,0.0,66.9,21.0,34.7,24.8,22790.5,0.0,1283.7129690013971,0.30000000000000004,0.0,0.800527758697678,0.43389710302817663,Powai
72.9450_19.0550,72.9472434892837,19.05730959495359,34.01545748000001,0.5121366381645203,0.1088549,0,95,0.0,0.0,0.0,64.5,23.5,34.7,22.2,13430.8,0.0,347.55366112807513,0.21666666666666667,0.0,0.4033904319935716,0.1622169902144364,Powai
72.9450_19.0600,72.9472434892837,19.062699486658307,32.51665571000001,0.6065688133239746,0.11468625,0,95,0.0,0.0,0.0,71.3,25.3,33.3,23.8,9521.4,0.0,1053.148518377187,0.15666666666666662,0.0,0.3162511768797463,0.1469573001829138,Powai
72.9450_19.0650,72.9472434892837,19.067191063078905,38.53920695000002,0.18761952221393585,0.0998654,0,30,0.0,0.0,0.0,67.6,26.5,35.4,25.4,8512.1,0.0,561.3633884700787,0.1166666666666667,0.0,0.7687394772664008,0.41909811315681444,Powai
72.9450_19.0700,72.9472434892837,19.07258095478362,36.46446881000003,0.5502266883850098,0.1134537,0,80,0.0,0.0,0.0,63.5,25.1,33.6,26.0,9148.4,0.0,836.526118767647,0.16333333333333333,0.0,0.36312072813483043,0.14524829125393218,Powai
72.9450_19.0750,72.9472434892837,19.07707253120422,34.341878390000005,0.31048789620399475,0.10502700000000001,0,95,0.0,0.0,0.0,62.3,22.8,35.0,24.7,9121.4,0.0,1554.3800786048391,0.24,0.0,0.6342272814592375,0.29521433939687586,Powai
72.9450_19.0800,72.9472434892837,19.082462422908936,37.40955134000001,0.2975144386291504,0.09956145,0,95,0.0,0.0,0.0,71.6,24.8,33.6,24.3,8936.7,0.0,2051.00132521832,0.17333333333333334,0.0,0.6129483379436839,0.351521699886056,Powai
72.9450_19.0850,72.9472434892837,19.087852314613652,34.20173957000003,0.402254581451416,0.10782064999999999,0,95,0.0,0.0,0.0,67.6,24.4,33.6,25.1,9498.1,0.0,396.38723237717716,0.18666666666666676,0.0,0.47374070096364757,0.269551170636117,Powai
72.9450_19.0900,72.9472434892837,19.09234389103425,33.377996749999994,0.5171254873275757,0.1060286,0,95,0.0,0.0,0.0,67.1,24.5,33.9,24.7,8970.0,0.0,779.611271424513,0.18333333333333335,0.0,0.5019637852938923,0.20078551411755693,Powai
72.9450_19.0950,72.9472434892837,19.097733782738967,32.32182857000004,0.6291772127151489,0.11550485000000002,0,95,0.0,0.0,0.0,64.9,22.7,34.3,23.2,11376.7,0.0,470.3443065162491,0.2433333333333334,0.0,0.2713688976436547,0.11052623479803955,Powai
72.9450_19.1000,72.9472434892837,19.102225359159565,36.30040385000004,0.3809446394443512,0.11207375,0,95,0.0,0.0,0.0,67.4,23.2,34.8,25.0,9071.3,0.0,332.1517947765318,0.22666666666666668,0.0,0.5764991911752497,0.24620580193067257,Powai
72.9450_19.1050,72.9472434892837,19.10761525086428,32.43462323000003,0.5857586860656738,0.10457720000000001,0,95,0.0,0.0,0.0,68.7,23.9,33.8,25.1,8521.8,0.0,2294.4659150498196,0.20333333333333337,0.0,0.4205127080090154,0.16820508320360616,Powai
72.9450_19.1100,72.9472434892837,19.11210682728488,32.50640165000004,0.6344560384750366,0.10703480000000001,0,95,0.0,0.0,0.0,66.0,25.3,31.8,25.4,6986.0,0.0,3599.5147455655697,0.15666666666666662,0.0,0.3026863163991612,0.12148286990392286,Powai
72.9450_19.1150,72.9472434892837,19.117496718989596,36.11070374000002,0.5106475949287415,0.10426505,0,95,0.0,0.0,0.0,61.8,24.3,35.1,24.6,0.0,0.0,693.6061143495019,0.18999999999999995,0.0,0.41681459508398166,0.16672583803359267,Powai
72.9450_19.1200,72.9472434892837,19.122886610694316,38.63149349,0.2735111713409424,0.12274135,0,95,0.0,0.0338,0.0,63.4,24.9,34.1,25.1,12075.1,0.0,2087.134782890796,0.17000000000000004,0.0338,0.7009783280924287,0.3688202367375528,Powai
72.9450_19.1250,72.9472434892837,19.127378187114914,48.40361267000003,0.2075500190258026,0.12342349999999999,1,50,0.0,0.0793,0.0,68.6,25.2,33.3,24.7,9672.9,0.0,3409.4708362082665,0.16000000000000003,0.0793,0.8113196221105551,0.5939817275092856,Powai
72.9450_19.1300,72.9472434892837,19.13276807881963,36.80627081,0.3158772885799408,0.13184535,0,95,0.0,0.0,0.0,64.6,24.7,34.5,24.7,12179.8,0.0,2807.4143458487583,0.17666666666666664,0.0,0.5861033431657358,0.3447797919462856,Powai
72.9450_19.1350,72.9472434892837,19.13725965524023,39.47232641000002,0.12594325840473175,0.14062249999999998,0,80,0.0,0.0,0.0,63.7,21.4,33.7,25.6,14137.8,0.0,302.83169940474187,0.28666666666666674,0.0,0.8243625999943963,0.5538885073732752,Powai
72.9500_18.8900,72.9526333809884,18.892917897959716,36.24058850000003,0.15113337337970734,0.10884025,0,95,0.0,0.0,0.0,64.0,22.2,34.7,24.1,842.0,0.0,4695.332124613277,0.26,0.0,0.7295898218719263,0.566976857475125,Chembur
72.9500_18.8950,72.9526333809884,18.897409474380314,38.93227925000002,0.058547135442495346,0.11361270000000001,0,80,0.0,0.0,0.0,60.7,24.6,34.6,24.6,864.0,0.0,709.0343066368598,0.17999999999999994,0.0,0.8877090043733951,0.625819460842777,Chembur
72.9500_18.9000,72.9526333809884,18.90279936608503,39.42789214999999,0.07657525688409805,0.11524575000000001,0,80,0.0,0.0,0.0,64.3,23.0,32.9,24.7,766.7,0.0,621.548387883002,0.23333333333333328,0.0,0.8905612523428057,0.5866280247534253,Chembur
72.9500_18.9050,72.9526333809884,18.90729094250563,37.48474778000002,0.47105395793914795,0.1182724,0,10,0.0,0.0605,0.0,57.2,24.8,33.7,26.0,763.3,0.0,96.69790937487994,0.17333333333333334,0.0605,0.4507330899730988,0.18029323598923952,Chembur
72.9500_18.9100,72.9526333809884,18.912680834210345,31.029817010000045,-0.0368235781788826,0.13486920000000002,0,80,0.0,0.0,0.0,61.0,22.6,32.6,25.7,0.0,0.0,998.8048785955466,0.2466666666666666,0.0,0.9735132264876211,0.6945580132479449,Chembur
72.9500_18.9150,72.9526333809884,18.917172410630943,30.956329579999988,-0.05671165511012077,0.10933995,0,80,0.0,0.0,0.0,67.1,23.6,35.1,24.4,0.0,0.0,173.1391993965575,0.21333333333333326,0.0,0.9534983316947482,0.6834032190457764,Chembur
72.9500_18.9200,72.9526333809884,18.92256230233566,30.94949354000002,-0.07723721116781235,0.1060726,0,80,0.0,0.0,0.0,66.1,24.2,34.9,24.5,0.0,0.0,428.6055896786533,0.19333333333333336,0.0,1.0,0.7924748349747093,Chembur
72.9500_18.9250,72.9526333809884,18.927053878756258,37.46594866999999,0.02079693414270878,0.13527165000000002,0,80,0.0,0.0,0.0,64.7,24.5,31.7,22.9,0.0,0.0,571.7646207216193,0.18333333333333335,0.0,0.9914062833014488,0.7202739669356099,Chembur
72.9500_18.9300,72.9526333809884,18.932443770460978,41.926464769999995,0.20701375603675842,0.1229896,1,10,0.0,0.0,0.0,64.4,26.4,35.0,24.7,2502.0,0.0,2481.8594445129647,0.12,0.0,0.7012321704747184,0.5230426587464112,Chembur
72.9500_18.9350,72.9526333809884,18.937833662165694,35.07504367999999,0.5756146907806396,0.11591285000000001,0,10,0.0,0.0055,0.0,66.8,23.4,30.6,24.3,2005.1,0.0,3125.037608630381,0.22000000000000008,0.0055,0.3584778658917412,0.14339114635669648,Chembur
72.9500_18.9400,72.9526333809884,18.942325238586292,41.97089903000003,0.2529616057872772,0.11866645,1,50,0.0,0.0001,0.0,66.8,23.5,34.6,24.7,2590.3,0.0,540.3067141121068,0.21666666666666667,0.0001,0.7365657715354318,0.5225612475245891,Chembur
72.9500_18.9450,72.9526333809884,18.94771513029101,46.980007339999986,0.039090413600206375,0.12108775000000001,0,60,0.0,0.016,0.0,60.0,22.7,30.4,25.0,6156.5,0.0,2935.285039744956,0.2433333333333334,0.016,0.9851877973659304,0.7057385394466602,Chembur
72.9500_18.9500,72.9526333809884,18.952206706711607,43.48849991000003,0.010804940015077591,0.1192308,1,50,0.0,0.008,0.0,71.0,23.1,32.2,25.6,5937.7,0.0,2919.7903511941668,0.22999999999999998,0.008,0.8787663293744759,0.8679400167014963,Chembur
72.9500_18.9550,72.9526333809884,18.957596598416323,41.010435410000014,0.03454645723104477,0.13800465,1,50,0.0,0.0044,0.0,64.1,24.1,32.8,25.5,3371.5,0.0,2170.028323979677,0.19666666666666666,0.0044,0.9156129108981578,0.844814460127768,Chembur
72.9500_18.9600,72.9526333809884,18.96208817483692,32.45342234000003,-0.1,0.08498645,1,50,0.0,0.0,0.0,69.1,25.0,34.2,23.0,0.0,0.0,237.95755120329122,0.16666666666666663,0.0,1.0,0.9203734812696507,Chembur
72.9500_18.9650,72.9526333809884,18.967478066541638,29.19604928000001,-0.1,0.0956345,0,80,0.0,0.0102,0.0,68.4,23.2,34.8,23.5,0.0,0.0,1758.3374486929938,0.22666666666666668,0.0102,1.0,0.8,Chembur
72.9500_18.9700,72.9526333809884,18.972867958246354,28.649166080000015,-0.1,0.1235231,0,80,0.0,0.0066,0.0,65.0,25.9,33.3,24.5,0.0,0.0,4351.289590988691,0.13666666666666671,0.0066,0.9525614518784852,0.7078625121168964,Chembur
72.9500_18.9750,72.9526333809884,18.977359534666952,28.55687954000001,-0.1,0.11089995,0,80,0.0,0.0,0.0,63.8,26.8,34.2,24.4,0.0,0.0,1721.1074414358477,0.10666666666666669,0.0,1.0,0.7977297363900018,Chembur
72.9500_18.9800,72.9526333809884,18.98274942637167,28.76025173000002,-0.1,0.12074265,0,80,0.0,0.0,0.0,70.4,23.9,32.1,25.2,0.0,0.0,604.3405360488985,0.20333333333333337,0.0,1.0,0.812528693449079,Chembur
72.9500_18.9850,72.9526333809884,18.987241002792267,28.756833710000024,-0.1,0.10468255000000001,0,80,0.0,0.0,0.0,64.7,25.7,33.8,24.4,0.0,0.0,1041.459730736841,0.1433333333333333,0.0,1.0,0.7954861732535523,Chembur
72.9500_18.9900,72.9526333809884,18.992630894496983,28.80297698000001,-0.1,0.10851935,0,80,0.0,0.0,0.0,68.3,24.5,34.9,23.8,0.0,0.0,1556.5229304551337,0.18333333333333335,0.0,1.0,0.8041015067846926,Chembur
72.9500_18.9950,72.9526333809884,18.99712247091758,29.243901560000012,-0.1,0.1259011,0,80,0.0,0.0,0.0,69.0,23.6,33.8,24.2,0.0,0.0,1071.7719981201665,0.21333333333333326,0.0,1.0,0.8,Chembur
72.9500_19.0000,72.9526333809884,19.002512362622298,29.25586463000002,-0.1,0.1129231,0,80,0.0,0.0,0.0,64.6,23.6,32.8,23.4,0.0,0.0,191.66984645088297,0.21333333333333326,0.0,1.0,0.8377687387922852,Chembur
72.9500_19.0050,72.9526333809884,19.007902254327014,28.546625480000046,-0.1,0.10579795,0,80,0.0,0.0,0.0,64.0,25.6,31.3,23.5,0.0,0.0,561.0893003081572,0.1466666666666666,0.0,1.0,0.7755765838646111,Chembur
72.9500_19.0100,72.9526333809884,19.012393830747612,29.233647500000018,-0.1,0.11795054999999999,0,80,0.0,0.0,0.0,67.3,23.5,33.6,23.3,0.0,0.0,2432.235608368205,0.21666666666666667,0.0,1.0,0.813951739406784,Chembur
72.9500_19.0150,72.9526333809884,19.017783722452332,29.129397890000007,-0.08286715298891068,0.11842595,0,80,0.0,0.0,0.0,66.5,25.4,34.4,24.3,0.0,0.0,2964.4401051192053,0.15333333333333343,0.0,1.0,0.8,Powai
72.9500_19.0200,72.9526333809884,19.022275298872927,31.332311779999998,0.01674247533082962,0.10433590000000001,0,80,0.0,0.0,0.0,65.4,25.1,31.3,23.1,0.0,0.0,221.53246623286054,0.16333333333333333,0.0,0.9188998990596218,0.6367102143058181,Powai
72.9500_19.0250,72.9526333809884,19.027665190577647,34.16243234000001,0.555246114730835,0.10849395,0,95,0.0,0.0,0.0,65.3,22.9,33.4,25.3,5322.4,0.0,4566.966368272362,0.2366666666666667,0.0,0.4021771412363766,0.16087085649455066,Powai
72.9500_19.0300,72.9526333809884,19.03215676699824,33.982986290000014,0.40397316217422485,0.09854565000000001,0,95,0.0,0.0,0.0,65.9,23.6,33.1,25.9,6122.0,0.0,598.0827330389325,0.21333333333333326,0.0,0.5625670060418494,0.2340681591819332,Powai
72.9500_19.0350,72.9526333809884,19.03754665870296,35.20663745000002,0.40118464827537537,0.11344835,0,95,0.0,0.0055,0.0,62.9,24.0,31.6,25.9,8973.4,0.0,1628.4570534898414,0.19999999999999996,0.0055,0.5922595625278468,0.23690382501113874,Powai
72.9500_19.0400,72.9526333809884,19.042936550407678,36.47643188000001,0.3428296446800232,0.10470779999999999,0,40,0.0,0.0,0.0,69.0,22.4,35.6,25.5,10660.3,0.0,2090.4325869397876,0.2533333333333334,0.0,0.701203960033322,0.3551302552782839,Powai
72.9500_19.0450,72.9526333809884,19.047428126828276,33.331853480000035,-0.03739539161324501,0.08491815,0,80,0.0,0.0,0.0,68.8,24.8,33.5,22.4,11250.2,0.0,2506.541056604512,0.17333333333333334,0.0,1.0,0.7732044391437382,Powai
72.9500_19.0500,72.9526333809884,19.052818018532992,34.07698184000003,-0.04204258695244789,0.08287605,0,80,0.0,0.0,0.0,64.1,24.0,31.7,24.1,0.0,0.0,4371.220196480528,0.19999999999999996,0.0,0.9462105541626458,0.7702437565835465,Powai
72.9500_19.0550,72.9526333809884,19.05730959495359,38.22816713,0.38236644864082336,0.10611409999999999,0,95,0.0,0.0,0.0,68.8,23.0,33.3,24.2,23234.7,0.0,562.9558310985634,0.23333333333333328,0.0,0.5969990698042291,0.26439143561710593,Powai
72.9500_19.0600,72.9526333809884,19.062699486658307,33.81721232000001,0.5625370740890503,0.1090758,0,95,0.0,0.0,0.0,66.7,24.8,32.1,25.8,5996.1,0.0,2933.251767216873,0.17333333333333334,0.0,0.4415783531693446,0.18577782688947314,Powai
72.9500_19.0650,72.9526333809884,19.067191063078905,32.11162034000003,0.5431758165359497,0.11064265000000001,0,95,0.0,0.0,0.0,64.9,22.9,36.7,25.1,4874.4,0.0,211.80437855274965,0.2366666666666667,0.0,0.45457440497128204,0.2237941914794478,Powai
72.9500_19.0700,72.9526333809884,19.07258095478362,32.86871177000003,0.5914316177368164,0.1092772,0,95,0.0,0.0,0.0,67.8,21.6,33.6,25.2,8485.0,0.0,1831.3778967940202,0.2799999999999999,0.0,0.34432353409381267,0.13772941363752508,Powai
72.9500_19.0750,72.9526333809884,19.07707253120422,31.70145794000001,0.569577693939209,0.11259270000000002,0,95,0.0,0.0,0.0,67.2,22.2,32.8,25.9,8834.7,0.0,2032.0640671089282,0.26,0.0,0.5423499568492091,0.22876270509816227,Powai
72.9500_19.0800,72.9526333809884,19.082462422908936,31.67924081000001,0.6364325284957886,0.11623195000000001,0,95,0.0,0.0,0.0,62.5,23.5,30.4,24.5,8145.3,0.0,1698.5169048315345,0.21666666666666667,0.0,0.2648436583876555,0.10593746335506221,Powai
72.9500_19.0850,72.9526333809884,19.087852314613652,32.27568530000002,0.6051584482192993,0.11052115,0,95,0.0,0.0,0.0,64.5,22.5,32.7,24.0,10220.7,0.0,436.1597396856847,0.25,0.0,0.3075257844473982,0.16185522567408528,Powai
72.9500_19.0900,72.9526333809884,19.09234389103425,31.67069576000003,0.5825395584106445,0.1114884,0,95,0.0,0.0,0.0,66.5,22.2,31.7,23.5,8585.8,0.0,3095.8619857883104,0.26,0.0,0.3956936756524343,0.15827747026097372,Powai
72.9500_19.0950,72.9526333809884,19.097733782738967,32.59014314000004,0.5694077610969543,0.1068873,0,95,0.0,0.0,0.0,67.5,20.6,34.5,24.3,10089.1,0.0,277.4327666635827,0.31333333333333324,0.0,0.5043662016512384,0.2036389015538825,Powai
72.9500_19.1000,72.9526333809884,19.102225359159565,32.11162034000003,0.5865539908409119,0.1090928,0,95,0.0,0.0,0.0,71.7,23.1,34.9,23.3,8040.3,0.0,82.69009343353682,0.22999999999999998,0.0,0.3389084266238796,0.13556337064955185,Powai
72.9500_19.1050,72.9526333809884,19.10761525086428,31.962936470000017,0.6001372933387756,0.10985890000000001,0,80,0.0,0.0,0.0,71.4,23.8,34.6,24.0,0.0,0.0,1895.929213554725,0.20666666666666667,0.0,0.35361361837887473,0.1414454473515499,Powai
72.9500_19.1100,72.9526333809884,19.11210682728488,33.201968719999996,0.4932851791381836,0.1061057,0,95,0.0,0.0,0.0,66.5,22.4,33.1,24.3,4774.6,0.0,967.8953271331249,0.2533333333333334,0.0,0.528747794512601,0.21744835886739675,Powai
72.9500_19.1150,72.9526333809884,19.117496718989596,33.60700409000003,0.6276044249534607,0.10780670000000002,0,95,0.0,0.0,0.0,62.3,24.1,32.4,24.3,8316.3,0.0,2836.6871876223076,0.19666666666666666,0.0,0.3391604573021526,0.13845413884381022,Powai
72.9500_19.1200,72.9526333809884,19.122886610694316,46.34425562000001,0.13789963722229004,0.15807495,0,60,0.0,0.0454,0.0,64.3,24.1,29.8,24.5,0.0,0.0,725.2951903767561,0.19666666666666666,0.0454,0.7979476850511952,0.5794876778772341,Powai
72.9500_19.1250,72.9526333809884,19.127378187114914,40.53533063000003,0.5226334929466248,0.11519965000000001,0,95,0.0,0.0083,0.0,73.9,22.2,33.2,23.2,10032.2,0.0,276.3866042840987,0.26,0.0083,0.47108825714771124,0.1884353028590845,Powai
72.9500_19.1300,72.9526333809884,19.13276807881963,34.16243234000001,0.492581844329834,0.11116285000000001,0,95,0.0,0.0,0.0,64.3,24.0,32.9,24.2,11635.6,0.0,2715.8831823870587,0.19999999999999996,0.0,0.48769520018164564,0.2570440687540834,Powai
72.9500_19.1350,72.9526333809884,19.13725965524023,34.62899207000001,0.6046053767204285,0.11091155,0,95,0.0,0.0,0.0,65.0,21.8,31.9,25.0,13766.0,0.0,1194.1313793718462,0.2733333333333333,0.0,0.4136430975614111,0.16545723902456444,Powai
72.9550_18.8900,72.95712495740901,18.892917897959716,44.96850257000003,0.25469285249710083,0.13624485000000003,1,40,0.0,0.0379,0.0,62.7,27.8,33.4,26.3,897.1,0.0,314.59301244500335,0.07333333333333336,0.0379,0.7690071369561673,0.5482019676160357,Chembur
72.9550_18.8950,72.95712495740901,18.897409474380314,39.99699248000002,0.32093140482902527,0.13458755,0,80,0.0,0.0496,0.0,68.0,25.3,34.9,22.4,1011.3,0.0,1911.507060896738,0.15666666666666662,0.0496,0.6540424831712428,0.39588430510965744,Chembur
72.9550_18.9000,72.95712495740901,18.90279936608503,36.30040385000004,0.30918648838996887,0.0880319,0,95,0.0,0.0,0.0,65.7,24.5,32.0,25.0,653.2,0.0,1073.437809094472,0.18333333333333335,0.0,0.6789905778789466,0.30240621867015643,Chembur
72.9550_18.9050,72.95712495740901,18.90729094250563,32.94561722000003,0.6258981823921204,0.1088614,0,95,0.0,0.0,0.0,70.2,24.1,34.3,24.1,636.1,0.0,1390.6976091283175,0.19666666666666666,0.0,0.3521489467221863,0.14085957868887453,Chembur
72.9550_18.9100,72.95712495740901,18.912680834210345,32.17656271999999,0.10821020603179932,0.12015755,0,95,0.0,0.0,0.0,65.7,23.7,33.7,24.0,0.0,0.0,926.7766709947374,0.21000000000000008,0.0,0.880199056800665,0.6255347506165458,Chembur
72.9550_18.9150,72.95712495740901,18.917172410630943,32.571344030000034,0.04177413880825043,0.12105385,0,80,0.0,0.0,0.0,63.7,21.2,35.3,25.7,0.0,0.0,2646.586979949132,0.29333333333333333,0.0,0.9246682380853228,0.6660011464684695,Chembur
72.9550_18.9200,72.95712495740901,18.92256230233566,32.026169839999994,0.03882145509123802,0.12413345,0,80,0.0,0.0,0.0,68.9,21.8,34.9,24.1,0.0,0.0,2654.0818257663545,0.2733333333333333,0.0,0.9239080857926476,0.7377483815103287,Chembur
72.9550_18.9250,72.95712495740901,18.927053878756258,40.280688140000024,0.29470646381378174,0.1009033,0,50,0.0,0.0101,0.0,65.0,23.0,35.8,23.6,1209.4,0.0,1853.6535941056648,0.23333333333333328,0.0101,0.7348539022275804,0.3709094622040333,Chembur
72.9550_18.9300,72.95712495740901,18.932443770460978,39.99870149000003,0.31723734736442566,0.12455785,0,10,0.0,0.0186,0.0,65.1,24.3,29.8,25.7,1207.8,0.0,167.07019149473965,0.18999999999999995,0.0186,0.7212011066533265,0.3662383099409844,Chembur
72.9550_18.9350,72.95712495740901,18.937833662165694,39.13906946000003,0.38712650537490845,0.1086715,0,10,0.0,0.0,0.0,63.4,24.4,35.4,23.1,898.9,0.0,2738.165453493485,0.18666666666666676,0.0,0.5048943973934205,0.22266942820829028,Chembur
72.9550_18.9400,72.95712495740901,18.942325238586292,40.23625387999999,0.31263092160224915,0.1332297,0,50,0.0,0.0131,0.0,63.4,22.6,34.6,24.1,2088.3,0.0,1667.605475253659,0.2466666666666666,0.0131,0.6479012259847793,0.37774395474139216,Chembur
72.9550_18.9450,72.95712495740901,18.94771513029101,43.67820002000002,0.0029877645429223776,0.13737710000000003,1,10,0.0,0.0017,0.0,66.7,27.8,31.7,25.0,2632.9,0.0,1791.153348664796,0.07333333333333336,0.0017,0.9213643837848159,0.8539746394731856,Chembur
72.9550_18.9500,72.95712495740901,18.952206706711607,46.36989077000004,0.12600037455558777,0.12285210000000002,0,60,0.0,0.0,0.0,68.4,21.2,32.0,26.4,3219.6,0.0,676.4380284469652,0.29333333333333333,0.0,0.8215954221201086,0.6016417694667351,Chembur
72.9550_18.9550,72.95712495740901,18.957596598416323,40.034590700000024,0.03045421838760376,0.131052,0,80,0.0,0.0049,0.0,62.5,25.5,33.0,23.8,0.0,0.0,3171.4166818462236,0.15000000000000002,0.0049,0.9503559920991623,0.6346765912391068,Chembur
72.9550_18.9600,72.95712495740901,18.96208817483692,29.81812892000002,-0.1,0.11407665,0,80,0.0,0.0,0.0,61.2,22.4,30.6,24.6,0.0,0.0,1938.5045530354414,0.2533333333333334,0.0,1.0,0.8043792783171195,Chembur
72.9550_18.9650,72.95712495740901,18.967478066541638,38.02137692000002,0.30503347516059875,0.11703785,1,10,0.0,0.0522,0.0,64.6,25.5,35.1,23.4,3116.2,0.0,179.17304541840545,0.15000000000000002,0.0522,0.6542488476588341,0.3943366467762646,Chembur
72.9550_18.9700,72.95712495740901,18.972867958246354,40.993345310000024,0.047123637050390244,0.10741099999999999,0,40,0.0,0.0568,0.0,58.9,22.3,34.0,23.2,0.0,0.0,785.8106587346874,0.2566666666666666,0.0568,0.8249860462134697,0.6535973570187421,Chembur
72.9550_18.9750,72.95712495740901,18.977359534666952,28.63036697000004,-0.1,0.10916150000000001,0,80,0.0,0.0,0.0,66.3,23.2,32.6,23.5,0.0,0.0,3262.3483763493296,0.22666666666666668,0.0,1.0,0.8136832641721792,Chembur
72.9550_18.9800,72.95712495740901,18.98274942637167,28.644039050000003,-0.1,0.1225644,0,80,0.0,0.0,0.0,66.8,21.5,37.5,25.2,0.0,0.0,72.52019887864789,0.2833333333333333,0.0,1.0,0.7759116197860974,Chembur
72.9550_18.9850,72.95712495740901,18.987241002792267,29.04907442000004,-0.1,0.10788530000000002,0,80,0.0,0.0,0.0,61.8,24.1,34.1,23.5,0.0,0.0,4882.400483856107,0.19666666666666666,0.0,0.9959204170032263,0.8018911758390443,Chembur
72.9550_18.9900,72.95712495740901,18.992630894496983,29.513925139999998,-0.1,0.09913635,0,80,0.0,0.0,0.0,66.2,23.6,34.1,25.4,0.0,0.0,1705.2310912515002,0.21333333333333326,0.0,1.0,0.7966423200240209,Chembur
72.9550_18.9950,72.95712495740901,18.99712247091758,28.640621030000005,-0.1,0.1035195,0,80,0.0,0.0,0.0,68.8,26.4,32.0,25.2,0.0,0.0,1496.9670959782773,0.12,0.0,1.0,0.8,Chembur
72.9550_19.0000,72.95712495740901,19.002512362622298,29.310552950000044,-0.1,0.1092005,0,80,0.0,0.0,0.0,67.7,21.4,34.9,24.9,0.0,0.0,473.2157148390033,0.28666666666666674,0.0,1.0,0.8006743810980211,Chembur
72.9550_19.0050,72.95712495740901,19.007902254327014,28.42186775000002,-0.1,0.11530989999999999,0,80,0.0,0.0,0.0,66.5,23.4,32.2,26.2,0.0,0.0,429.1086304341522,0.22000000000000008,0.0,1.0,0.805371871620886,Chembur
72.9550_19.0100,72.95712495740901,19.012393830747612,28.835448170000035,-0.1,0.1097168,0,80,0.0,0.0,0.0,62.0,20.6,33.0,25.0,0.0,0.0,4272.474835276019,0.31333333333333324,0.0,0.982269521722267,0.7929078086889069,Chembur
72.9550_19.0150,72.95712495740901,19.017783722452332,29.009767190000048,-0.09918243438005447,0.12850810000000001,0,80,0.0,0.0,0.0,64.4,20.8,32.4,27.1,0.0,0.0,531.3150926035271,0.30666666666666664,0.0,1.0,0.8239382189752271,Powai
72.9550_19.0200,72.95712495740901,19.022275298872927,29.29175384000004,-0.1,0.12672375,0,80,0.0,0.0,0.0,68.6,24.1,34.1,24.5,0.0,0.0,2240.854748221908,0.19666666666666666,0.0,1.0,0.780332532143121,Powai
72.9550_19.0250,72.95712495740901,19.027665190577647,31.110140479999984,0.22168225049972534,0.10913095,0,80,0.0,0.0,0.0,69.7,20.5,32.6,24.8,0.0,0.0,749.1407461223916,0.31666666666666665,0.0,0.7918145547759456,0.4510111465608169,Powai
72.9550_19.0300,72.95712495740901,19.03215676699824,31.241734250000036,0.588397741317749,0.10528389999999999,0,95,0.0,0.0,0.0,66.1,25.3,34.3,23.0,0.0,0.0,224.9338591812653,0.15666666666666662,0.0,0.34688251450784924,0.1387530058031397,Powai
72.9550_19.0350,72.95712495740901,19.03754665870296,33.01397762000002,0.4730718731880188,0.09932200000000002,0,95,0.0,0.0,0.0,64.1,23.3,34.0,24.9,4775.6,0.0,16.15967988538706,0.22333333333333327,0.0,0.5014695805851135,0.20127533841457462,Powai
72.9550_19.0400,72.95712495740901,19.042936550407678,33.982986290000014,0.35878217220306396,0.10548529999999998,0,95,0.0,0.0,0.0,61.4,24.8,34.1,22.8,4300.2,0.0,1178.7404464871365,0.17333333333333334,0.0,0.5829304243579398,0.3079522859680583,Powai
72.9550_19.0450,72.95712495740901,19.047428126828276,35.469824990000035,0.3536182940006256,0.10552385,0,95,0.0,0.0,0.0,63.8,23.5,33.1,22.9,8483.6,0.0,5580.791643103332,0.21666666666666667,0.0,0.5737612277899058,0.3584758169310927,Powai
72.9550_19.0500,72.95712495740901,19.052818018532992,37.75306235000005,0.2535780668258667,0.10418935000000001,0,40,0.0,0.0,0.0,61.3,24.4,35.0,25.7,11477.1,0.0,690.9979166801405,0.18666666666666676,0.0,0.7629345567331258,0.3729374143573601,Powai
72.9550_19.0550,72.95712495740901,19.05730959495359,42.33491816,0.16124042868614197,0.14223370000000002,0,10,0.0,0.0037,0.0,65.4,22.9,34.6,22.6,22842.8,0.0,662.8645788451498,0.2366666666666667,0.0037,0.7362128457506,0.46179422498521067,Powai
72.9550_19.0600,72.95712495740901,19.062699486658307,36.117539780000016,0.39023372530937195,0.11104615000000001,0,95,0.0,0.0,0.0,65.0,22.8,31.0,22.9,11075.1,0.0,632.6012417211903,0.24,0.0,0.5317616081615474,0.21946143273876434,Powai
72.9550_19.0650,72.95712495740901,19.067191063078905,30.662379860000016,0.05290214344859123,0.09538320000000002,0,80,0.0,0.0,0.0,65.1,23.1,34.1,25.5,0.0,0.0,1102.6542176830083,0.22999999999999998,0.0,0.8632816148777895,0.6506084476027851,Powai
72.9550_19.0700,72.95712495740901,19.07258095478362,31.85355983000005,0.6138005256652832,0.11466015000000002,0,95,0.0,0.0,0.0,61.7,25.7,31.8,23.7,4653.7,0.0,871.5097387070581,0.1433333333333333,0.0,0.2772890531697645,0.11460180254946788,Powai
72.9550_19.0750,72.95712495740901,19.07707253120422,30.97171067000002,0.5897590517997742,0.12453285,0,95,0.0,0.0,0.0,62.3,24.5,33.7,23.4,0.0,0.0,3179.3285178222254,0.18333333333333335,0.0,0.380201807792356,0.15208072311694243,Powai
72.9550_19.0800,72.95712495740901,19.082462422908936,30.77175650000001,0.5599159598350525,0.11669030000000001,0,95,0.0,0.0,0.0,63.3,25.5,33.9,23.2,0.0,0.0,1056.3752621336755,0.15000000000000002,0.0,0.46315210258904627,0.18526084103561852,Powai
72.9550_19.0850,72.95712495740901,19.087852314613652,31.236607219999996,0.3383129835128784,0.1044052,0,95,0.0,0.0,0.0,66.4,24.2,32.9,23.6,0.0,0.0,1063.176727164309,0.19333333333333336,0.0,0.6211216186748584,0.3261084137256112,Powai
72.9550_19.0900,72.95712495740901,19.09234389103425,32.72002790000002,0.6265478134155273,0.11694435,0,95,0.0,0.0,0.0,64.5,25.1,31.1,24.0,4342.3,0.0,223.39677843692166,0.16333333333333333,0.0,0.2630814915562643,0.10523259662250573,Powai
72.9550_19.0950,72.95712495740901,19.097733782738967,32.55083591000002,0.6130749583244324,0.10890885,0,95,0.0,0.0,0.0,68.7,23.8,32.8,24.1,4414.8,0.0,6089.005492813984,0.20666666666666667,0.0,0.39624961366266903,0.15849984546506762,Powai
72.9550_19.1000,72.95712495740901,19.102225359159565,32.04667796000001,0.3954283893108368,0.09076985000000001,0,95,0.0,0.0,0.0,63.2,22.6,35.6,24.9,4367.0,0.0,431.4688913951805,0.2466666666666666,0.0,0.6616257433909117,0.27181718757788476,Powai
72.9550_19.1050,72.95712495740901,19.10761525086428,32.186816780000015,0.6247167587280273,0.11064625,0,95,0.0,0.0,0.0,62.2,24.3,31.5,24.4,9500.0,0.0,114.29179175833633,0.18999999999999995,0.0,0.30977725006464296,0.1239109000258572,Powai
72.9550_19.1100,72.95712495740901,19.11210682728488,31.993698650000056,0.6126651763916016,0.11314310000000001,0,95,0.0,0.0,0.0,65.5,25.0,31.6,25.1,10216.5,0.0,1632.159624065415,0.16666666666666663,0.0,0.32946418027251256,0.13178567210900502,Powai
72.9550_19.1150,72.95712495740901,19.117496718989596,32.15092757000002,0.6312767267227173,0.1111932,0,95,0.0,0.0,0.0,67.0,24.6,32.4,23.5,10044.3,0.0,1357.1598584405717,0.17999999999999994,0.0,0.3611483447814524,0.14445933791258098,Powai
72.9550_19.1200,72.95712495740901,19.122886610694316,39.92179604000003,0.17625850439071655,0.14427355,0,10,0.0,0.0,0.0,66.0,22.4,36.5,23.3,8205.4,0.0,804.5886659031332,0.2533333333333334,0.0,0.8615531179985361,0.5276825402382698,Powai
72.9550_19.1250,72.95712495740901,19.127378187114914,35.31943210999998,0.27340468764305115,0.12117205,0,95,0.0,0.0,0.0,67.6,20.0,29.6,25.4,9769.8,0.0,822.7710752953802,0.33333333333333337,0.0,0.6642519900706876,0.4309229327340228,Powai
72.9550_19.1300,72.95712495740901,19.13276807881963,32.78155226000001,0.5417554378509521,0.1096934,0,95,0.0,0.0,0.0,62.4,21.7,32.6,25.5,10026.9,0.0,2306.1219033775837,0.2766666666666667,0.0,0.3587140530991376,0.20203102308912166,Powai
72.9550_19.1350,72.95712495740901,19.13725965524023,31.41092624000001,0.6485856175422668,0.11666745,0,95,0.0,0.0,0.0,68.5,22.0,32.6,24.2,6665.7,0.0,326.69799127279913,0.2666666666666667,0.0,0.34798507777135346,0.1391940311085414,Powai
72.9600_18.8900,72.96251484911372,18.892917897959716,45.269288329999995,0.1652933955192566,0.1245015,0,50,0.0,0.1089,0.0,68.0,24.5,33.5,25.3,1127.0,0.0,2574.310120168392,0.18333333333333335,0.1089,0.8373095581378583,0.5505672830201676,Chembur
72.9600_18.8950,72.96251484911372,18.897409474380314,45.26245229000003,0.17378611862659454,0.1176016,0,30,0.0,0.0,0.0,65.2,24.0,33.7,25.4,1210.9,0.0,1569.3732625484263,0.19999999999999996,0.0,0.7912399738951669,0.4841143150665508,Chembur
72.9600_18.9000,72.96251484911372,18.90279936608503,37.08825746000002,0.43438807129859924,0.09520515000000002,0,95,0.0,0.0,0.0,63.2,23.9,36.1,24.4,0.0,0.0,814.4287485113854,0.20333333333333337,0.0,0.5091437207185283,0.2279347098547674,Chembur
72.9600_18.9050,72.96251484911372,18.90729094250563,36.80285279,0.21849173307418823,0.12517804999999999,0,80,0.0,0.0,0.0,65.0,23.1,30.7,22.7,768.4,0.0,918.8131155923697,0.22999999999999998,0.0,0.7936737884754141,0.4774618166187389,Chembur
72.9600_18.9100,72.96251484911372,18.912680834210345,33.586495970000044,0.5488287806510925,0.10502610000000001,0,95,0.0,0.0,0.0,63.5,20.9,30.6,24.6,661.2,0.0,444.8767872979861,0.30333333333333334,0.0,0.4460651895763057,0.1906727201105725,Chembur
72.9600_18.9150,72.96251484911372,18.917172410630943,32.00053469000002,0.686073899269104,0.11839255,0,95,0.0,0.0,0.0,67.0,21.5,35.3,23.2,806.5,0.0,2092.18148708771,0.2833333333333333,0.0,0.23998655988572137,0.09599462395428855,Chembur
72.9600_18.9200,72.96251484911372,18.92256230233566,41.11639403000004,0.1615760624408722,0.11542705,0,40,0.0,0.0131,0.0,62.4,22.8,33.7,24.0,0.0,0.0,1078.8509794678391,0.24,0.0131,0.8062505591244115,0.4504043276143269,Chembur
72.9600_18.9250,72.96251484911372,18.927053878756258,42.99117800000002,0.008201832883059978,0.12770595,0,60,0.0,0.0003,0.0,67.0,20.9,31.2,24.7,1273.7,0.0,580.3799274173674,0.30333333333333334,0.0003,0.8859010055157077,0.6227282371434429,Chembur
72.9600_18.9300,72.96251484911372,18.932443770460978,38.71523498000002,0.27824974060058594,0.10802275,0,10,0.0,0.0018,0.0,61.3,23.2,33.3,27.2,937.3,0.0,1359.6966864433994,0.22666666666666668,0.0018,0.7236379572213101,0.3390983901520931,Chembur
72.9600_18.9350,72.96251484911372,18.937833662165694,38.08802831000003,0.3236277401447296,0.1218593,0,40,0.0,0.0008,0.0,70.1,21.1,34.1,24.1,923.7,0.0,8185.776945950732,0.29666666666666663,0.0008,0.6267027913861276,0.3174966482292157,Chembur
72.9600_18.9400,72.96251484911372,18.942325238586292,38.074356230000035,0.31456589698791504,0.12029255,0,10,0.0,0.0001,0.0,67.7,25.5,31.0,24.0,975.2,0.0,857.0908010952791,0.15000000000000002,0.0001,0.6275607963928481,0.3886722009462109,Chembur
72.9600_18.9450,72.96251484911372,18.94771513029101,37.48303877000001,0.4712136387825012,0.1114065,0,10,0.0,0.0,0.0,61.9,23.7,33.6,23.9,1746.1,0.0,3801.6130756664497,0.21000000000000008,0.0,0.4937206869598771,0.2297693696056552,Chembur
72.9600_18.9500,72.96251484911372,18.952206706711607,43.43381159000003,0.07754793763160706,0.1343069,1,50,0.0,0.0248,0.0,64.1,25.0,33.6,26.0,0.0,0.0,634.7186302288287,0.16666666666666663,0.0248,0.8841753773349054,0.8020219608300501,Chembur
72.9600_18.9550,72.96251484911372,18.957596598416323,29.440437710000026,-0.1,0.11923,0,80,0.0,0.0,0.0,66.8,23.1,33.6,26.9,0.0,0.0,84.43131250204797,0.22999999999999998,0.0,1.0,0.8245606041921627,Chembur
72.9600_18.9600,72.96251484911372,18.96208817483692,43.25094752000001,0.1374465674161911,0.17803715,0,40,0.0,0.013,0.0,63.3,21.6,34.5,24.6,1481.0,0.0,342.69043969659407,0.2799999999999999,0.013,0.83869681415007,0.4734791623609656,Chembur
72.9600_18.9650,72.96251484911372,18.967478066541638,35.979109970000025,0.4138289988040924,0.11339555000000001,0,10,0.0,0.0061,0.0,68.0,21.4,32.8,26.8,1804.4,0.0,813.7199241947335,0.28666666666666674,0.0061,0.5443318722562674,0.217732748902507,Chembur
72.9600_18.9700,72.96251484911372,18.972867958246354,29.28149978000002,-0.1,0.1157964,0,80,0.0,0.0002,0.0,69.0,23.6,31.3,23.6,0.0,0.0,371.9901427977091,0.21333333333333326,0.0002,1.0,0.8,Chembur
72.9600_18.9750,72.96251484911372,18.977359534666952,28.498773200000016,-0.1,0.11534485,0,80,0.0,0.0,0.0,66.1,24.7,31.0,23.5,0.0,0.0,0.3405959930002103,0.17666666666666664,0.0,1.0,0.7929813653017517,Chembur
72.9600_18.9800,72.96251484911372,18.98274942637167,28.52269934000003,-0.1,0.10458285,0,80,0.0,0.0,0.0,68.5,25.5,32.8,24.1,0.0,0.0,3697.68317070427,0.15000000000000002,0.0,1.0,0.8,Chembur
72.9600_18.9850,72.96251484911372,18.987241002792267,29.06616452,-0.1,0.11427230000000001,0,80,0.0,0.0,0.0,63.7,22.6,33.3,25.3,0.0,0.0,2785.6898481256376,0.2466666666666666,0.0,1.0,0.8,Chembur
72.9600_18.9900,72.96251484911372,18.992630894496983,31.07937830000003,-0.1,0.09446325,0,80,0.0,0.0,0.0,71.0,22.5,31.1,25.5,0.0,0.0,2033.893524314236,0.25,0.0,1.0,0.7527180613340531,Chembur
72.9600_18.9950,72.96251484911372,18.99712247091758,29.341315130000027,-0.1,0.10294545000000001,0,80,0.0,0.0,0.0,64.4,21.9,34.0,24.6,0.0,0.0,275.5500318223017,0.27,0.0,1.0,0.8,Chembur
72.9600_19.0000,72.96251484911372,19.002512362622298,29.202885320000036,-0.1,0.11686535,0,80,0.0,0.0,0.0,67.1,21.2,33.0,23.7,0.0,0.0,192.36991749886968,0.29333333333333333,0.0,1.0,0.7822649038902991,Chembur
72.9600_19.0050,72.96251484911372,19.007902254327014,28.666256180000033,-0.1,0.105421,0,80,0.0,0.0,0.0,65.9,24.9,33.4,24.2,0.0,0.0,104.99769847159988,0.17000000000000004,0.0,1.0,0.8041664501725119,Chembur
72.9600_19.0100,72.96251484911372,19.012393830747612,28.558588550000024,-0.1,0.11615204999999999,0,80,0.0,0.0,0.0,73.5,23.4,32.9,25.8,0.0,0.0,1931.1902629218293,0.22000000000000008,0.0,1.0,0.8072073743180973,Chembur
72.9600_19.0150,72.96251484911372,19.017783722452332,28.69872737000003,-0.1,0.1253725,0,80,0.0,0.0,0.0,66.5,23.6,34.2,24.4,0.0,0.0,3963.561411343862,0.21333333333333326,0.0,1.0,0.7695977011200972,Powai
72.9600_19.0200,72.96251484911372,19.022275298872927,29.189213240000043,-0.09906360507011414,0.10454145000000001,0,80,0.0,0.0,0.0,67.9,23.1,32.8,23.4,0.0,0.0,844.5890954319867,0.22999999999999998,0.0,1.0,0.7234606896663788,Powai
72.9600_19.0250,72.96251484911372,19.027665190577647,29.387458400000043,-0.1,0.08165485,0,80,0.0,0.0,0.0,62.4,25.5,35.4,25.2,0.0,0.0,190.28600833399346,0.15000000000000002,0.0,1.0,0.7953702232661378,Powai
72.9600_19.0300,72.96251484911372,19.03215676699824,30.31545083000003,-0.08280913531780243,0.09361685,0,80,0.0,0.0,0.0,60.5,25.0,32.8,24.7,0.0,0.0,1077.3677367004268,0.16666666666666663,0.0,1.0,0.8,Powai
72.9600_19.0350,72.96251484911372,19.03754665870296,31.624552490000042,-0.04318327456712723,0.114953,0,80,0.0,0.0,0.0,68.3,23.4,35.3,23.4,0.0,0.0,643.4811951516025,0.22000000000000008,0.0,1.0,0.8076155614273011,Powai
72.9600_19.0400,72.96251484911372,19.042936550407678,31.306676630000027,0.4575933814048767,0.10914045000000001,0,80,0.0,0.0,0.0,64.6,23.0,36.5,25.1,0.0,0.0,704.5853211484576,0.23333333333333328,0.0,0.5165315498233786,0.20661261992935143,Powai
72.9600_19.0450,72.96251484911372,19.047428126828276,31.469032580000004,0.5642334222793579,0.11377005000000001,0,95,0.0,0.0,0.0,66.4,24.9,33.8,25.0,0.0,0.0,1456.6377208145473,0.17000000000000004,0.0,0.4611176949949039,0.19087290741310933,Powai
72.9600_19.0500,72.96251484911372,19.052818018532992,31.37674604000003,-0.03426321968436241,0.10409695,0,95,0.0,0.0,0.0,73.0,26.1,34.0,26.3,0.0,0.0,1902.596935233374,0.13,0.0,1.0,0.7287981574762878,Powai
72.9600_19.0550,72.96251484911372,19.05730959495359,32.61577829000004,-0.0532379224896431,0.09895034999999999,0,80,0.0,0.0007,0.0,61.7,23.9,35.8,24.9,0.0,0.0,175.81837097902562,0.20333333333333337,0.0007,1.0,0.7862015226492104,Powai
72.9600_19.0600,72.96251484911372,19.062699486658307,30.300069740000026,-0.07822530716657639,0.06760585000000001,0,80,0.0,0.0,0.0,62.4,22.2,34.9,23.4,0.0,0.0,54.35850436723798,0.26,0.0,1.0,0.8134458681608081,Powai
72.9600_19.0650,72.96251484911372,19.067191063078905,28.739743610000005,-0.1,0.0691434,0,80,0.0,0.0,0.0,67.3,27.1,33.6,21.5,0.0,0.0,7758.929319587102,0.09666666666666657,0.0,1.0,0.756356788060483,Powai
72.9600_19.0700,72.96251484911372,19.07258095478362,29.459236820000058,-0.1,0.0673089,0,80,0.0,0.0,0.0,64.9,24.6,34.9,24.4,0.0,0.0,397.3715502098163,0.17999999999999994,0.0,1.0,0.8,Powai
72.9600_19.0750,72.96251484911372,19.07707253120422,28.890136490000003,-0.1,0.0685492,0,80,0.0,0.0,0.0,69.1,24.3,32.9,24.3,0.0,0.0,83.00036524523779,0.18999999999999995,0.0,1.0,0.8334453180819505,Powai
72.9600_19.0800,72.96251484911372,19.082462422908936,28.597895780000044,-0.1,0.06958420000000001,0,80,0.0,0.0,0.0,64.1,22.3,33.8,23.4,0.0,0.0,315.8506926943637,0.2566666666666666,0.0,1.0,0.8,Powai
72.9600_19.0850,72.96251484911372,19.087852314613652,28.67309222,-0.1,0.06541185000000001,0,80,0.0,0.0,0.0,69.3,21.9,31.1,25.5,0.0,0.0,59.60550991832672,0.27,0.0,1.0,0.8,Powai
72.9600_19.0900,72.96251484911372,19.09234389103425,29.512216130000013,-0.1,0.06750020000000001,0,80,0.0,0.0,0.0,66.2,24.8,35.9,24.2,0.0,0.0,745.904125177735,0.17333333333333334,0.0,1.0,0.8,Powai
72.9600_19.0950,72.96251484911372,19.097733782738967,29.602793660000003,-0.1,0.06325695,0,80,0.0,0.0,0.0,64.9,24.8,34.0,25.2,0.0,0.0,2432.2792864998846,0.17333333333333334,0.0,1.0,0.789075000019727,Powai
72.9600_19.1000,72.96251484911372,19.102225359159565,29.97706685000003,-0.03254105895757675,0.08157129999999999,0,80,0.0,0.0,0.0,60.9,23.9,33.4,25.9,0.0,0.0,626.1041306202505,0.20333333333333337,0.0,0.9581411496334548,0.7400543846692476,Powai
72.9600_19.1050,72.96251484911372,19.10761525086428,31.22635316000003,0.434907466173172,0.12083870000000001,0,80,0.0,0.0,0.0,62.4,23.7,35.5,25.0,0.0,0.0,880.9753614546033,0.21000000000000008,0.0,0.4592417594869742,0.1980065657301794,Powai
72.9600_19.1100,72.96251484911372,19.11210682728488,31.01101790000004,0.6398787498474121,0.13574875,0,95,0.0,0.0,0.0,62.8,24.7,32.3,24.2,0.0,0.0,1688.605778377651,0.17666666666666664,0.0,0.27541075708336005,0.11016430283334402,Powai
72.9600_19.1150,72.96251484911372,19.117496718989596,32.636286410000025,0.6689692139625549,0.11280965000000001,0,95,0.0,0.0,0.0,66.2,21.6,34.6,24.8,5492.8,0.0,1066.6431468274634,0.2799999999999999,0.0,0.2884745393140988,0.11538981572563951,Powai
72.9600_19.1200,72.96251484911372,19.122886610694316,31.67924081000001,0.661498486995697,0.11182195,0,95,0.0,0.0,0.0,65.6,24.2,33.9,25.2,9256.7,0.0,2964.739307307099,0.19333333333333336,0.0,0.3101108071265848,0.13306357554616347,Powai
72.9600_19.1250,72.96251484911372,19.127378187114914,32.087694200000016,0.5658568739891052,0.1100755,0,95,0.0,0.0,0.0,71.4,21.6,32.6,25.8,10629.9,0.0,3015.2726192428836,0.2799999999999999,0.0,0.38755564785351276,0.1751568605659464,Powai
72.9600_19.1300,72.96251484911372,19.13276807881963,31.089632359999996,0.6656418442726135,0.11814780000000001,0,95,0.0,0.0,0.0,68.7,23.8,32.2,25.1,0.0,0.0,14.940200020916325,0.20666666666666667,0.0,0.18112864122101857,0.07245145648840744,Powai
72.9600_19.1350,72.96251484911372,19.13725965524023,34.08039986,0.517770528793335,0.10708895,0,95,0.0,0.0,0.0,61.1,24.4,32.6,23.5,0.0,0.0,2257.9297599442034,0.18666666666666676,0.0,0.5288321040947822,0.2331631233639077,Powai
72.9650_18.8900,72.96790474081844,18.892917897959716,54.41249182999999,0.15845809876918793,0.08761885,0,40,0.0,0.0001,0.0,65.0,20.6,33.4,23.4,0.0,0.0,926.3183730200576,0.31333333333333324,0.0001,0.8695802523753311,0.4708951600362433,Chembur
72.9650_18.8950,72.96790474081844,18.897409474380314,50.63728874,0.1542646735906601,0.1054734,0,40,0.0,0.0005,0.0,66.2,25.7,31.5,26.6,930.4,0.0,6743.201740676678,0.1433333333333333,0.0005,0.8363812989701963,0.6034537475256031,Chembur
72.9650_18.9000,72.96790474081844,18.90279936608503,39.51334265000003,0.10778837651014328,0.10207925,0,95,0.0,0.0,0.0,64.2,23.7,33.6,23.3,1023.6,0.0,990.242092143563,0.21000000000000008,0.0,0.9569623821175202,0.5803249596043887,Chembur
72.9650_18.9050,72.96790474081844,18.90729094250563,44.10545252000003,0.14359906315803528,0.1480959,0,40,0.0,0.0,0.0,67.2,23.6,31.9,23.2,801.5,0.0,6502.250376480591,0.21333333333333326,0.0,0.7631039609677792,0.4842116803147307,Chembur
72.9650_18.9100,72.96790474081844,18.912680834210345,37.49500184000004,0.21128088235855103,0.08647090000000002,0,95,0.0,0.0,0.0,61.5,23.4,33.1,23.1,804.2,0.0,2107.111353054577,0.22000000000000008,0.0,0.8571591036727492,0.4700124838205192,Chembur
72.9650_18.9150,72.96790474081844,18.917172410630943,38.96304143000003,0.20821799337863922,0.1073305,0,60,0.0,0.0001,0.0,66.9,23.9,34.2,25.4,1370.2,0.0,428.73546981979695,0.20333333333333337,0.0001,0.7113221527838334,0.5141348665108801,Chembur
72.9650_18.9200,72.96790474081844,18.92256230233566,42.92110859000002,0.20065070688724518,0.13382535,1,60,0.0,0.026,0.0,63.7,25.3,30.6,24.3,5016.2,0.0,1159.568530629063,0.15666666666666662,0.026,0.7711385843773226,0.5046329793003109,Chembur
72.9650_18.9250,72.96790474081844,18.927053878756258,43.266328610000016,0.03289726376533508,0.14293285,0,50,0.0,0.0189,0.0,68.4,22.9,32.5,25.4,2355.8,0.0,7268.121078980791,0.2366666666666667,0.0189,0.8605310149779547,0.7442124059911819,Chembur
72.9650_18.9300,72.96790474081844,18.932443770460978,36.56359139,0.34585821628570557,0.09822945000000001,0,95,0.0,0.0001,0.0,65.0,22.4,30.8,23.9,1137.7,0.0,2922.942140378916,0.2533333333333334,0.0001,0.6254076534915128,0.3357187607306828,Chembur
72.9650_18.9350,72.96790474081844,18.937833662165694,34.11628907000002,0.36621275544166565,0.08971395000000001,0,95,0.0,0.0,0.0,63.3,23.2,33.3,24.0,696.5,0.0,153.65867031929562,0.22666666666666668,0.0,0.6261813844582538,0.2864319059951354,Chembur
72.9650_18.9400,72.96790474081844,18.942325238586292,35.09726081000002,0.36378616094589233,0.09344225,0,95,0.0,0.0,0.0,66.5,24.3,34.1,24.9,629.9,0.0,1838.1624121162338,0.18999999999999995,0.0,0.60044664749738,0.30038092172633624,Chembur
72.9650_18.9450,72.96790474081844,18.94771513029101,35.608254800000026,0.3537901043891907,0.08875805,0,95,0.0,0.0,0.0,61.2,22.1,35.1,22.8,914.8,0.0,636.0079484924573,0.2633333333333333,0.0,0.6552763528153163,0.3105006206090803,Chembur
72.9650_18.9500,72.96790474081844,18.952206706711607,31.83988775000003,0.24165382981300354,0.1150012,0,80,0.0,0.0,0.0,64.0,25.0,32.9,25.1,0.0,0.0,10.510127902086692,0.16666666666666663,0.0,0.7287965326613594,0.44915515499877046,Chembur
72.9650_18.9550,72.96790474081844,18.957596598416323,30.41457341000003,-0.039960261434316635,0.12021190000000001,0,80,0.0,0.0,0.0,64.6,25.0,32.5,23.0,0.0,0.0,774.9662003336734,0.16666666666666663,0.0,0.9777759550154411,0.7688872145916321,Chembur
72.9650_18.9600,72.96790474081844,18.96208817483692,41.15228324000003,0.27457231283187866,0.14258885,1,50,0.0,0.0986,0.0,62.2,22.8,34.0,22.1,1205.4,0.0,401.3377189765027,0.24,0.0986,0.6543103662780044,0.549442856013024,Chembur
72.9650_18.9650,72.96790474081844,18.967478066541638,32.36113580000003,0.21792462468147278,0.10312770000000002,0,80,0.0,0.0213,0.0,68.1,22.4,34.7,23.5,0.0,0.0,2562.8043691565667,0.2533333333333334,0.0213,0.791682753949312,0.47403775153331823,Chembur
72.9650_18.9700,72.96790474081844,18.972867958246354,28.905517580000037,-0.1,0.0802178,0,80,0.0,0.0,0.0,67.6,23.5,34.5,24.0,0.0,0.0,617.2186035636433,0.21666666666666667,0.0,1.0,0.8,Chembur
72.9650_18.9750,72.96790474081844,18.977359534666952,28.748288660000014,-0.1,0.1032314,0,80,0.0,0.0,0.0,64.5,19.4,31.9,25.8,0.0,0.0,2636.2431122984535,0.3533333333333334,0.0,1.0,0.8,Chembur
72.9650_18.9800,72.96790474081844,18.98274942637167,28.42699478000003,-0.1,0.11713055,0,80,0.0,0.0,0.0,67.7,24.8,31.6,25.7,0.0,0.0,0.8971765072693285,0.17333333333333334,0.0,1.0,0.8159570140276429,Chembur
72.9650_18.9850,72.96790474081844,18.987241002792267,29.02343927000001,-0.1,0.10043215,0,80,0.0,0.0,0.0,63.0,24.3,34.0,23.6,0.0,0.0,551.8620204239137,0.18999999999999995,0.0,1.0,0.8,Chembur
72.9650_18.9900,72.96790474081844,18.992630894496983,29.67457208000002,-0.1,0.096984,0,80,0.0,0.0,0.0,63.1,25.1,33.6,25.0,0.0,0.0,413.9567984109332,0.16333333333333333,0.0,1.0,0.8129178084055179,Chembur
72.9650_18.9950,72.96790474081844,18.99712247091758,29.317388990000012,-0.1,0.1099541,0,80,0.0,0.0,0.0,69.2,26.0,33.2,23.8,0.0,0.0,399.01269885016916,0.1333333333333333,0.0,1.0,0.7059648221785839,Chembur
72.9650_19.0000,72.96790474081844,19.002512362622298,28.907226589999993,-0.1,0.1141867,0,80,0.0,0.0,0.0,64.3,22.5,35.4,25.5,0.0,0.0,105.93408021939425,0.25,0.0,1.0,0.8250456732391328,Chembur
72.9650_19.0050,72.96790474081844,19.007902254327014,28.847411240000014,-0.1,0.11368985000000001,0,80,0.0,0.0,0.0,73.6,22.3,31.3,23.0,0.0,0.0,310.76555287675285,0.2566666666666666,0.0,1.0,0.803225990853254,Chembur
72.9650_19.0100,72.96790474081844,19.012393830747612,28.85424728000001,-0.1,0.1022859,0,80,0.0,0.0,0.0,61.1,26.4,33.8,25.1,0.0,0.0,1216.3751228244944,0.12,0.0,1.0,0.8128824753570022,Chembur
72.9650_19.0150,72.96790474081844,19.017783722452332,29.349860180000007,-0.1,0.09191625,0,80,0.0,0.0,0.0,65.8,22.0,34.4,25.1,0.0,0.0,516.6137291211169,0.2666666666666667,0.0,1.0,0.8016397762764944,Powai
72.9650_19.0200,72.96790474081844,19.022275298872927,29.219975419999997,-0.1,0.0760565,0,80,0.0,0.0,0.0,63.2,22.6,33.6,27.3,0.0,0.0,810.3682179893035,0.2466666666666666,0.0,1.0,0.8,Powai
72.9650_19.0250,72.96790474081844,19.027665190577647,29.19604928000004,-0.1,0.07782715,0,80,0.0,0.0,0.0,64.1,23.6,34.5,26.5,0.0,0.0,709.4926617222364,0.21333333333333326,0.0,1.0,0.8,Powai
72.9650_19.0300,72.96790474081844,19.03215676699824,29.086672640000018,-0.1,0.0768493,0,80,0.0,0.0,0.0,65.6,24.5,34.8,26.2,0.0,0.0,3130.0609099433013,0.18333333333333335,0.0,1.0,0.7905078959511486,Powai
72.9650_19.0350,72.96790474081844,19.03754665870296,29.052492440000037,-0.1,0.08215435,0,80,0.0,0.0,0.0,58.5,25.0,30.0,26.4,0.0,0.0,3535.546063102882,0.16666666666666663,0.0,1.0,0.803333116347197,Powai
72.9650_19.0400,72.96790474081844,19.042936550407678,29.296880870000024,-0.1,0.08124265,0,80,0.0,0.0,0.0,67.7,23.0,31.2,23.3,0.0,0.0,1018.7391156948122,0.23333333333333328,0.0,1.0,0.79590026010111,Powai
72.9650_19.0450,72.96790474081844,19.047428126828276,29.349860180000007,-0.1,0.07063750000000002,0,80,0.0,0.0,0.0,67.2,22.8,36.7,26.3,0.0,0.0,601.0655330331107,0.24,0.0,1.0,0.7629650253713194,Powai
72.9650_19.0500,72.96790474081844,19.052818018532992,29.40283949000002,-0.1,0.08104605000000001,0,80,0.0,0.0,0.0,67.7,24.3,35.8,23.1,0.0,0.0,169.41832079464652,0.18999999999999995,0.0,1.0,0.7826396292498914,Powai
72.9650_19.0550,72.96790474081844,19.05730959495359,29.324225030000036,-0.1,0.07577419999999999,0,80,0.0,0.0,0.0,70.1,23.2,31.8,24.1,0.0,0.0,4599.324793612378,0.22666666666666668,0.0,1.0,0.8,Powai
72.9650_19.0600,72.96790474081844,19.062699486658307,29.300298890000022,-0.09011531621217728,0.0718728,0,80,0.0,0.0,0.0,65.0,21.8,31.3,25.7,0.0,0.0,93.17529541826825,0.2733333333333333,0.0,1.0,0.8020583478104648,Powai
72.9650_19.0650,72.96790474081844,19.067191063078905,28.85424728000001,-0.09613209217786789,0.07442585,0,80,0.0,0.0,0.0,65.2,24.9,34.8,24.5,0.0,0.0,529.9857283570057,0.17000000000000004,0.0,1.0,0.8,Powai
72.9650_19.0700,72.96790474081844,19.07258095478362,29.39942147000002,-0.08138271421194077,0.06819025000000001,0,80,0.0,0.0,0.0,69.8,25.1,33.3,24.7,0.0,0.0,530.8742745962555,0.16333333333333333,0.0,1.0,0.8334688377124597,Powai
72.9650_19.0750,72.96790474081844,19.07707253120422,28.840575200000018,-0.07204872369766235,0.06856075,0,80,0.0,0.0,0.0,64.3,23.9,31.5,24.6,0.0,0.0,579.3791725230791,0.20333333333333337,0.0,1.0,0.8071210451702795,Powai
72.9650_19.0800,72.96790474081844,19.082462422908936,29.34815117000005,-0.06418009847402573,0.0684407,0,80,0.0,0.0,0.0,65.9,22.8,30.2,22.9,0.0,0.0,269.2047581050667,0.24,0.0,1.0,0.77022550691128,Powai
72.9650_19.0850,72.96790474081844,19.087852314613652,29.30371691000005,-0.07784028351306915,0.06451875,0,80,0.0,0.0,0.0,62.8,21.3,36.2,25.3,0.0,0.0,2292.903185393705,0.2899999999999999,0.0,1.0,0.799549128597413,Powai
72.9650_19.0900,72.96790474081844,19.09234389103425,29.40625750999999,-0.06261701136827469,0.06752735000000001,0,80,0.0,0.0,0.0,65.0,23.0,31.8,25.7,0.0,0.0,196.0138307086339,0.23333333333333328,0.0,1.0,0.8248913032071051,Powai
72.9650_19.0950,72.96790474081844,19.097733782738967,29.481453950000002,-0.07683925330638885,0.0660772,0,80,0.0,0.0,0.0,60.7,24.4,34.4,24.3,0.0,0.0,1511.4033446176,0.18666666666666676,0.0,1.0,0.8446299782205551,Powai
72.9650_19.1000,72.96790474081844,19.102225359159565,29.768567630000035,-0.08826161175966263,0.0638627,0,80,0.0,0.0,0.0,63.8,23.5,34.6,25.5,0.0,0.0,198.32015233585687,0.21666666666666667,0.0,1.0,0.8,Powai
72.9650_19.1050,72.96790474081844,19.10761525086428,29.799329810000017,-0.0807771310210228,0.059701399999999995,0,80,0.0,0.0,0.0,64.3,24.1,33.1,25.3,0.0,0.0,109.72021974197011,0.19666666666666666,0.0,0.9627814109347461,0.8005406002719738,Powai
72.9650_19.1100,72.96790474081844,19.11210682728488,29.771985650000005,-0.08446992933750153,0.0640671,0,80,0.0,0.0,0.0,67.5,22.2,32.3,25.0,0.0,0.0,3602.440150072389,0.26,0.0,1.0,0.8000221988937459,Powai
72.9650_19.1150,72.96790474081844,19.117496718989596,30.826444820000006,-0.04767085239291191,0.06389304999999999,0,80,0.0,0.0,0.0,61.3,22.9,33.5,23.0,0.0,0.0,316.32002207501694,0.2366666666666667,0.0,0.9800965075002956,0.7920386030001183,Powai
72.9650_19.1200,72.96790474081844,19.122886610694316,31.98515359999999,0.3349801003932953,0.11218510000000001,0,95,0.0,0.0,0.0,64.3,23.2,35.4,23.4,939.2,0.0,2582.6519431171023,0.22666666666666668,0.0,0.6622358011530709,0.32570706921366716,Powai
72.9650_19.1250,72.96790474081844,19.127378187114914,31.45023347000003,0.38247522711753845,0.09836885000000001,0,95,0.0,0.0,0.0,58.0,24.0,32.9,25.1,1458.6,0.0,1179.9703749640028,0.19999999999999996,0.0,0.5543434059044678,0.2384094264585341,Powai
72.9650_19.1300,72.96790474081844,19.13276807881963,30.995636810000008,0.6830998659133911,0.1227863,0,95,0.0,0.0,0.0,68.7,23.6,36.6,24.9,1512.7,0.0,121.5816733309237,0.21333333333333326,0.0,0.3244544408655513,0.12978177634622054,Powai
72.9650_19.1350,72.96790474081844,19.13725965524023,31.819379630000014,0.6570659279823303,0.11464715,0,95,0.0,0.0,0.0,63.4,24.4,32.6,23.9,12351.1,0.0,4666.653794492822,0.18666666666666676,0.0,0.37846412667113577,0.17470398107355878,Powai
72.9700_18.8900,72.97239631723903,18.892917897959716,54.73378571000001,0.1551351100206375,0.1006656,0,40,0.0,0.0,0.0,61.6,22.7,33.7,24.9,853.1,0.0,425.4577221781218,0.2433333333333334,0.0,0.8537239767937425,0.5103743717020117,Chembur
72.9700_18.8950,72.97239631723903,18.897409474380314,42.047804479999996,0.23818519711494446,0.1153747,0,10,0.0,0.0367,0.0,68.1,25.8,31.7,23.9,955.3,0.0,2945.374218231331,0.14,0.0367,0.7164329784420517,0.4102442868562444,Chembur
72.9700_18.9000,72.97239631723903,18.90279936608503,49.34527718000001,0.15915849804878235,0.11633755000000001,0,40,0.0,0.0014,0.0,59.9,23.1,33.5,24.0,0.0,0.0,277.34531554156746,0.22999999999999998,0.0014,0.8129959617864972,0.4889067373473497,Chembur
72.9700_18.9050,72.97239631723903,18.90729094250563,49.36236728,0.1144912913441658,0.1256154,0,40,0.0,0.0026,0.0,63.7,25.4,32.6,24.8,820.9,0.0,2885.6362733598044,0.15333333333333343,0.0026,0.7715748416486312,0.5252261479580037,Chembur
72.9700_18.9100,72.97239631723903,18.912680834210345,47.78666006,0.09817644208669662,0.14495445,0,40,0.0,0.0,0.0,61.5,24.5,33.6,24.6,1105.4,0.0,19.975639614561672,0.18333333333333335,0.0,0.8516482542872414,0.5063735613673879,Chembur
72.9700_18.9150,72.97239631723903,18.917172410630943,42.69039224000002,0.055872295051813126,0.12701010000000001,1,30,0.0,0.0153,0.0,61.8,26.3,34.7,22.4,3002.8,0.0,1075.4851353263366,0.1233333333333333,0.0153,0.8630027515448452,0.7852269015908429,Chembur
72.9700_18.9200,72.97239631723903,18.92256230233566,43.16549702000003,0.06821206957101822,0.14137290000000002,1,50,0.0,0.017,0.0,68.3,20.7,32.0,24.5,5064.7,0.0,2200.883001645566,0.31000000000000005,0.017,0.9240923794864467,0.7857334014365722,Chembur
72.9700_18.9250,72.97239631723903,18.927053878756258,35.905622540000024,0.40981411933898926,0.0947736,0,95,0.0,0.0,0.0,67.3,24.3,33.0,23.6,2410.6,0.0,4095.3405934530374,0.18999999999999995,0.0,0.6903914201232345,0.29331934946797417,Chembur
72.9700_18.9300,72.97239631723903,18.932443770460978,35.40659162,0.33686563372612,0.0992227,0,95,0.0,0.0,0.0,66.8,25.6,35.2,24.4,669.8,0.0,3598.679280232205,0.1466666666666666,0.0,0.6583586380725704,0.3402207749854284,Chembur
72.9700_18.9350,72.97239631723903,18.937833662165694,34.59822989000003,0.48630696535110474,0.10096665,0,95,0.0,0.0,0.0,65.0,25.1,32.7,25.5,398.4,0.0,2569.0748079896757,0.16333333333333333,0.0,0.3838460322011619,0.16559001824003158,Chembur
72.9700_18.9400,72.97239631723903,18.942325238586292,34.41365681000002,0.49608588218688965,0.10441695000000001,0,95,0.0,0.0,0.0,68.5,26.5,35.2,23.5,0.0,0.0,3286.4495218810575,0.1166666666666667,0.0,0.45452752316739176,0.1818110092669567,Chembur
72.9700_18.9450,72.97239631723903,18.94771513029101,33.61384013000003,0.574752688407898,0.10612345000000001,0,95,0.0,0.0,0.0,64.7,21.6,34.4,26.0,0.0,0.0,333.25295099537715,0.2799999999999999,0.0,0.39953482286082476,0.2008903029460618,Chembur
72.9700_18.9500,72.97239631723903,18.952206706711607,29.54981435000002,-0.1,0.12581975,0,80,0.0,0.0,0.0,63.0,22.4,33.8,25.0,0.0,0.0,501.4988120985326,0.2533333333333334,0.0,1.0,0.7769275085040831,Chembur
72.9700_18.9550,72.97239631723903,18.957596598416323,31.61088041000005,0.5050130486488342,0.10667435,0,95,0.0,0.0,0.0,66.2,26.0,35.5,25.4,0.0,0.0,511.55787211796263,0.1333333333333333,0.0,0.4264439900707281,0.2126835446174575,Chembur
72.9700_18.9600,72.97239631723903,18.96208817483692,33.61384013,0.6396783590316772,0.11631485,0,95,0.0,0.0034,0.0,66.2,22.2,33.4,23.5,1077.7,0.0,709.9429958365179,0.26,0.0034,0.3376917731001695,0.13577446818185598,Chembur
72.9700_18.9650,72.97239631723903,18.967478066541638,29.474617910000006,-0.1,0.10205800000000001,0,80,0.0,0.0,0.0,64.0,23.2,32.4,24.8,0.0,0.0,749.6323722086945,0.22666666666666668,0.0,1.0,0.8,Chembur
72.9700_18.9700,72.97239631723903,18.972867958246354,29.043947390000028,-0.1,0.10163255,0,80,0.0,0.0,0.0,65.8,23.6,34.9,24.9,0.0,0.0,1179.7215432523553,0.21333333333333326,0.0,1.0,0.827361587009772,Chembur
72.9700_18.9750,72.97239631723903,18.977359534666952,29.1140168,-0.1,0.10164745,0,80,0.0,0.0,0.0,69.0,23.6,34.4,23.8,0.0,0.0,261.3153878080363,0.21333333333333326,0.0,1.0,0.7462629644202668,Chembur
72.9700_18.9800,72.97239631723903,18.98274942637167,28.50902726000001,-0.1,0.13062395,0,80,0.0,0.0,0.0,64.8,23.0,32.5,24.8,0.0,0.0,1762.818878320317,0.23333333333333328,0.0,1.0,0.8170224819676049,Chembur
72.9700_18.9850,72.97239631723903,18.987241002792267,29.25586463000002,-0.1,0.11502435,0,80,0.0,0.0,0.0,67.8,24.7,32.9,25.3,0.0,0.0,275.10298112156806,0.17666666666666664,0.0,1.0,0.7946156258079142,Chembur
72.9700_18.9900,72.97239631723903,18.992630894496983,29.216557400000056,-0.1,0.0998539,0,80,0.0,0.0,0.0,66.0,25.0,34.7,24.7,0.0,0.0,557.2662853090848,0.16666666666666663,0.0,1.0,0.8067591110829005,Chembur
72.9700_18.9950,72.97239631723903,18.99712247091758,29.274663740000022,-0.1,0.1034107,0,80,0.0,0.0,0.0,66.0,22.7,35.5,22.8,0.0,0.0,1049.789882836715,0.2433333333333334,0.0,1.0,0.8,Chembur
72.9700_19.0000,72.97239631723903,19.002512362622298,29.344733150000025,-0.1,0.11160845,0,80,0.0,0.0,0.0,68.0,22.8,34.4,25.5,0.0,0.0,2387.6958536716725,0.24,0.0,1.0,0.8195142675533851,Chembur
72.9700_19.0050,72.97239631723903,19.007902254327014,28.832030150000037,-0.1,0.11225025000000001,0,80,0.0,0.0,0.0,66.2,22.6,34.1,22.6,0.0,0.0,2017.551477290343,0.2466666666666666,0.0,1.0,0.7611653759828809,Chembur
72.9700_19.0100,72.97239631723903,19.012393830747612,29.067873529999986,-0.1,0.0983769,0,80,0.0,0.0,0.0,63.1,21.3,33.5,25.2,0.0,0.0,1555.7157792418336,0.2899999999999999,0.0,1.0,0.7067682629375686,Chembur
72.9700_19.0150,72.97239631723903,19.017783722452332,29.435310679999986,-0.1,0.09931225,0,80,0.0,0.0,0.0,67.1,23.0,36.3,26.1,0.0,0.0,254.00125779608962,0.23333333333333328,0.0,1.0,0.8,Powai
72.9700_19.0200,72.97239631723903,19.022275298872927,29.201176310000022,-0.1,0.0734233,0,80,0.0,0.0,0.0,65.7,26.7,30.7,24.8,0.0,0.0,1187.9448888092277,0.10999999999999999,0.0,1.0,0.8089396343401971,Powai
72.9700_19.0250,72.97239631723903,19.027665190577647,29.237065520000044,-0.1,0.0765871,0,80,0.0,0.0,0.0,66.3,25.3,36.2,24.2,0.0,0.0,137.26285061931756,0.15666666666666662,0.0,1.0,0.8,Powai
72.9700_19.0300,72.97239631723903,19.03215676699824,29.293462850000026,-0.1,0.08228985,0,80,0.0,0.0,0.0,69.1,23.8,34.7,23.9,0.0,0.0,710.687817726515,0.20666666666666667,0.0,1.0,0.8330661927435706,Powai
72.9700_19.0350,72.97239631723903,19.03754665870296,29.25244661000002,-0.1,0.07521115,0,80,0.0,0.0,0.0,66.6,22.9,34.0,24.6,0.0,0.0,800.4161938851191,0.2366666666666667,0.0,1.0,0.8082268226896199,Powai
72.9700_19.0400,72.97239631723903,19.042936550407678,29.271245720000024,-0.1,0.07990365000000002,0,80,0.0,0.0,0.0,63.5,23.9,35.6,25.0,0.0,0.0,60.938394845385055,0.20333333333333337,0.0,1.0,0.804797154916986,Powai
72.9700_19.0450,72.97239631723903,19.047428126828276,29.305425920000005,-0.1,0.07861965,0,80,0.0,0.0,0.0,63.3,26.9,34.6,23.5,0.0,0.0,480.28330856557136,0.10333333333333339,0.0,1.0,0.7714805889660754,Powai
72.9700_19.0500,72.97239631723903,19.052818018532992,29.324225030000008,-0.09379368275403976,0.08319215,0,80,0.0,0.0,0.0,63.6,21.8,31.9,23.8,0.0,0.0,4673.44583740371,0.2733333333333333,0.0,1.0,0.8,Powai
72.9700_19.0550,72.97239631723903,19.05730959495359,29.58057653000003,-0.09656479209661484,0.07314129999999999,0,80,0.0,0.0,0.0,62.9,24.1,33.1,24.4,0.0,0.0,4606.738232622213,0.19666666666666666,0.0,1.0,0.8324651338105611,Powai
72.9700_19.0600,72.97239631723903,19.062699486658307,32.890928900000006,-0.07893259078264236,0.0709939,0,80,0.0,0.0,0.0,61.9,20.0,34.2,23.8,0.0,0.0,651.5541350898045,0.33333333333333337,0.0,1.0,0.8398274083683381,Powai
72.9700_19.0650,72.97239631723903,19.067191063078905,28.98413204000002,-0.1,0.06741970000000001,0,80,0.0,0.0,0.0,66.0,22.6,34.9,23.2,0.0,0.0,66.08475007863342,0.2466666666666666,0.0,1.0,0.8078582702109643,Powai
72.9700_19.0700,72.97239631723903,19.07258095478362,29.061037490000018,-0.1,0.0643098,0,80,0.0,0.0,0.0,67.0,22.0,35.7,22.9,0.0,0.0,296.0217222932218,0.2666666666666667,0.0,1.0,0.8318080713714728,Powai
72.9700_19.0750,72.97239631723903,19.07707253120422,29.483162960000016,-0.08561452478170395,0.06654945000000001,0,80,0.0,0.0,0.0,65.7,23.0,31.4,23.0,0.0,0.0,746.9080111104644,0.23333333333333328,0.0,1.0,0.7681330747970633,Powai
72.9700_19.0800,72.97239631723903,19.082462422908936,29.483162960000016,-0.09291056543588638,0.06364,0,80,0.0,0.0,0.0,59.5,24.1,32.9,25.5,0.0,0.0,4428.42589787073,0.19666666666666666,0.0,1.0,0.7933054798610294,Powai
72.9700_19.0850,72.97239631723903,19.087852314613652,29.854018130000014,-0.09138218313455582,0.0578447,0,80,0.0,0.0,0.0,68.7,23.5,32.9,23.9,0.0,0.0,228.32718381948422,0.21666666666666667,0.0,1.0,0.7231612052866584,Powai
72.9700_19.0900,72.97239631723903,19.09234389103425,29.25586463000002,-0.09159539639949799,0.06424005,0,80,0.0,0.0,0.0,62.0,25.1,35.5,23.7,0.0,0.0,2162.811098323242,0.16333333333333333,0.0,1.0,0.7741866126433941,Powai
72.9700_19.0950,72.97239631723903,19.097733782738967,29.643809900000008,-0.0824003517627716,0.061506599999999995,0,80,0.0,0.0,0.0,70.6,21.6,33.8,23.3,0.0,0.0,172.5819269578939,0.2799999999999999,0.0,1.0,0.7695489838856931,Powai
72.9700_19.1000,72.97239631723903,19.102225359159565,30.395774300000028,-0.069797582924366,0.0613919,0,80,0.0,0.0,0.0,66.0,21.5,33.5,23.9,0.0,0.0,5965.448603673032,0.2833333333333333,0.0,0.926821942516793,0.736358671236196,Powai
72.9700_19.1050,72.97239631723903,19.10761525086428,30.452171630000038,-0.08833898603916168,0.0537188,0,80,0.0,0.0,0.0,64.4,23.5,32.4,24.9,0.0,0.0,720.9696935754498,0.21666666666666667,0.0,1.0,0.8028931733541466,Powai
72.9700_19.1100,72.97239631723903,19.11210682728488,29.970230810000032,-0.1,0.0483573,0,80,0.0,0.0,0.0,62.2,24.7,35.8,26.1,0.0,0.0,2239.046723334388,0.17666666666666664,0.0,1.0,0.771489760045334,Powai
72.9700_19.1150,72.97239631723903,19.117496718989596,29.771985650000005,-0.1,0.0553381,0,80,0.0,0.0,0.0,64.4,24.7,35.0,24.5,0.0,0.0,629.1735802748382,0.17666666666666664,0.0,1.0,0.8103758603490345,Powai
72.9700_19.1200,72.97239631723903,19.122886610694316,29.847182090000018,-0.1,0.054453299999999996,0,80,0.0,0.0,0.0,63.3,24.2,36.6,24.1,0.0,0.0,1481.9575581931151,0.19333333333333336,0.0,1.0,0.8172705648504305,Powai
72.9700_19.1250,72.97239631723903,19.127378187114914,29.983902889999996,-0.1,0.0549281,0,80,0.0,0.0,0.0,66.8,22.7,35.8,26.4,0.0,0.0,319.8196912735003,0.2433333333333334,0.0,1.0,0.8034293863518078,Powai
72.9700_19.1300,72.97239631723903,19.13276807881963,31.61429843000002,0.1960642784833908,0.09918070000000001,0,80,0.0,0.0,0.0,61.8,24.0,33.7,24.6,0.0,0.0,236.77304738456314,0.19999999999999996,0.0,0.7506687257032914,0.47335324089932107,Powai
72.9700_19.1350,72.97239631723903,19.13725965524023,32.18852579000003,0.6632103323936462,0.11916510000000001,0,95,0.0,0.0,0.0,67.7,24.0,32.3,26.2,6280.4,0.0,4172.483907861588,0.19999999999999996,0.0,0.3759674556398464,0.15038698225593858,Powai
72.9750_18.8900,72.97778620894375,18.892917897959716,42.29731994000002,0.2576361298561096,0.1115002,0,30,0.0,0.0336,0.0,60.3,23.1,34.1,24.8,1432.8,0.0,3745.1156515599932,0.22999999999999998,0.0336,0.695327308150405,0.43438495840461677,Chembur
72.9750_18.8950,72.97778620894375,18.897409474380314,38.27772842000002,0.48779037594795227,0.1227631,0,10,0.0,0.0998,0.0,64.3,23.2,31.3,24.9,1350.3,0.0,3276.7890126690936,0.22666666666666668,0.0998,0.3818941109542982,0.1527576443817193,Chembur
72.9750_18.9000,72.97778620894375,18.90279936608503,43.45261070000004,0.3268418312072754,0.1747939,0,30,0.0,0.0976,0.0,69.4,24.7,33.7,25.2,1719.0,0.0,1472.9786829783527,0.17666666666666664,0.0976,0.6175548376536578,0.27922381053263257,Chembur
72.9750_18.9050,72.97778620894375,18.90729094250563,42.65279401999999,0.20278888940811157,0.1154411,0,40,0.0,0.0462,0.0,64.8,25.0,33.5,24.7,0.0,0.0,2477.4867254903716,0.16666666666666663,0.0462,0.7586493609461706,0.4490795917009125,Chembur
72.9750_18.9100,72.97778620894375,18.912680834210345,43.91917043000004,0.21353280544281006,0.10571225000000001,1,10,0.0,0.0005,0.0,66.6,21.5,33.7,23.8,1331.6,0.0,107.30351541064486,0.2833333333333333,0.0005,0.814671948025863,0.5423664942456836,Chembur
72.9750_18.9150,72.97778620894375,18.917172410630943,43.934551520000014,0.036094408482313156,0.15410875000000002,1,50,0.0,0.0194,0.0,62.6,24.6,34.8,23.1,2369.3,0.0,611.4765875903643,0.17999999999999994,0.0194,0.9183897876264748,0.7547501575010568,Chembur
72.9750_18.9200,72.97778620894375,18.92256230233566,46.920191990000006,0.13728594779968262,0.14214949999999998,0,30,0.0,0.0,0.0,66.6,26.1,32.7,24.4,1169.5,0.0,564.6674731895557,0.13,0.0,0.7989900866283028,0.5107184414697887,Chembur
72.9750_18.9250,72.97778620894375,18.927053878756258,38.72719805,0.35799312591552734,0.0975288,0,95,0.0,0.0,0.0,69.7,24.9,31.6,23.3,861.0,0.0,1514.4412432730162,0.17000000000000004,0.0,0.665001041346033,0.35132457276112816,Chembur
72.9750_18.9300,72.97778620894375,18.932443770460978,35.034027440000045,0.3759814202785492,0.10261429999999999,0,95,0.0,0.0,0.0,68.4,24.1,33.9,24.7,334.3,0.0,659.9864788235665,0.19666666666666666,0.0,0.5992738013465063,0.2694268374758402,Chembur
72.9750_18.9350,72.97778620894375,18.937833662165694,38.48793665000002,0.2699636220932007,0.10138160000000002,0,95,0.0,0.0,0.0,67.0,23.7,34.2,24.4,373.7,0.0,241.14561489105822,0.21000000000000008,0.0,0.6621207638285135,0.37662100431154666,Chembur
72.9750_18.9400,72.97778620894375,18.942325238586292,30.922149380000008,-0.06489180773496628,0.1165972,0,80,0.0,0.0,0.0,67.9,24.2,34.6,23.9,398.8,0.0,1361.2457956693618,0.19333333333333336,0.0,1.0,0.8228013569299033,Chembur
72.9750_18.9450,72.97778620894375,18.94771513029101,29.742932480000036,-0.08613350987434387,0.12129599999999999,0,80,0.0,0.0,0.0,62.3,21.9,33.8,22.9,0.0,0.0,2526.112242084756,0.27,0.0,1.0,0.7834119363634993,Chembur
72.9750_18.9500,72.97778620894375,18.952206706711607,33.69929063000001,0.5910006761550903,0.108887,0,95,0.0,0.0,0.0,62.5,20.4,34.0,25.0,521.1,0.0,722.200006074335,0.32000000000000006,0.0,0.3764795221788816,0.15059180887155266,Chembur
72.9750_18.9550,72.97778620894375,18.957596598416323,33.04303079000002,0.5440929532051086,0.1031145,0,95,0.0,0.0,0.0,68.4,27.0,34.1,23.3,854.4,0.0,212.80978778698696,0.09999999999999998,0.0,0.43386811636547407,0.18247797668500387,Chembur
72.9750_18.9600,72.97778620894375,18.96208817483692,33.266911100000016,0.6456478834152222,0.1138249,0,95,0.0,0.0,0.0,60.5,23.5,30.6,22.7,0.0,0.0,328.5185147384038,0.21666666666666667,0.0,0.26667122801394794,0.11066069957363484,Chembur
72.9750_18.9650,72.97778620894375,18.967478066541638,32.46538541000001,-0.08031757920980453,0.0885397,0,80,0.0,0.0,0.0,62.9,24.8,33.6,24.6,0.0,0.0,406.69631382065256,0.17333333333333334,0.0,1.0,0.7828273080138098,Chembur
72.9750_18.9700,72.97778620894375,18.972867958246354,29.73096941,-0.1,0.09862820000000001,0,80,0.0,0.0,0.0,67.2,26.1,31.2,24.0,0.0,0.0,534.7929883752253,0.13,0.0,1.0,0.736036861781549,Chembur
72.9750_18.9750,72.97778620894375,18.977359534666952,29.290044830000028,-0.1,0.0959767,0,80,0.0,0.0,0.0,65.4,24.1,32.8,24.3,0.0,0.0,1544.1684445511141,0.19666666666666666,0.0,1.0,0.8,Chembur
72.9750_18.9800,72.97778620894375,18.98274942637167,29.146487990000026,-0.1,0.11407650000000001,0,80,0.0,0.0,0.0,65.1,23.6,33.4,24.9,0.0,0.0,1377.9858617910793,0.21333333333333326,0.0,1.0,0.8435712434798333,Chembur
72.9750_18.9850,72.97778620894375,18.987241002792267,29.5070891,-0.1,0.09798435,0,80,0.0,0.0,0.0,67.3,23.1,34.6,23.0,0.0,0.0,1786.485471917134,0.22999999999999998,0.0,1.0,0.8038866692667647,Chembur
72.9750_18.9900,72.97778620894375,18.992630894496983,29.249028590000023,-0.1,0.07960120000000001,0,80,0.0,0.0,0.0,64.3,21.7,31.6,24.7,0.0,0.0,675.3061724175152,0.2766666666666667,0.0,1.0,0.8,Chembur
72.9750_18.9950,72.97778620894375,18.99712247091758,29.308843940000003,-0.1,0.09427935000000001,0,80,0.0,0.0,0.0,64.0,22.9,35.5,24.9,0.0,0.0,2605.886913662927,0.2366666666666667,0.0,1.0,0.8192785084611115,Chembur
72.9750_19.0000,72.97778620894375,19.002512362622298,29.202885320000036,-0.1,0.0946507,0,80,0.0,0.0,0.0,64.9,23.0,33.1,25.4,0.0,0.0,342.39933942343055,0.23333333333333328,0.0,1.0,0.8049890189186015,Chembur
72.9750_19.0050,72.97778620894375,19.007902254327014,29.29004483,-0.1,0.11259995000000002,0,80,0.0,0.0,0.0,63.8,23.0,31.9,24.5,0.0,0.0,949.6049970104714,0.23333333333333328,0.0,1.0,0.8079845638587866,Chembur
72.9750_19.0100,72.97778620894375,19.012393830747612,29.235356510000003,-0.1,0.1022363,0,80,0.0,0.0,0.0,71.2,23.0,30.2,25.0,0.0,0.0,2421.2138545595194,0.23333333333333328,0.0,1.0,0.8421319445744091,Chembur
72.9750_19.0150,72.97778620894375,19.017783722452332,29.15161502000001,-0.1,0.1011704,0,80,0.0,0.0,0.0,63.9,25.1,30.9,24.8,0.0,0.0,297.9666454301716,0.16333333333333333,0.0,1.0,0.8,Powai
72.9750_19.0200,72.97778620894375,19.022275298872927,29.209721360000003,-0.1,0.11073949999999999,0,80,0.0,0.0,0.0,60.1,21.3,33.1,25.5,0.0,0.0,174.57003494558668,0.2899999999999999,0.0,1.0,0.8,Powai
72.9750_19.0250,72.97778620894375,19.027665190577647,28.990968080000016,-0.1,0.0989796,0,80,0.0,0.0,0.0,62.3,24.1,34.0,24.6,0.0,0.0,3227.166563832966,0.19666666666666666,0.0,1.0,0.8023315702402494,Powai
72.9750_19.0300,72.97778620894375,19.03215676699824,29.324225030000036,-0.1,0.07512764999999999,0,80,0.0,0.0,0.0,65.3,25.5,34.0,26.2,0.0,0.0,629.9463120339989,0.15000000000000002,0.0,1.0,0.8214303187116209,Powai
72.9750_19.0350,72.97778620894375,19.03754665870296,29.17895918000002,-0.1,0.08780475000000001,0,80,0.0,0.0,0.0,61.5,23.3,34.4,24.6,0.0,0.0,1727.4032290621374,0.22333333333333327,0.0,1.0,0.7917241584365527,Powai
72.9750_19.0400,72.97778620894375,19.042936550407678,29.479744940000018,-0.1,0.08883925000000001,0,80,0.0,0.0,0.0,64.7,23.3,34.5,26.0,0.0,0.0,38.51312212916661,0.22333333333333327,0.0,1.0,0.8,Powai
72.9750_19.0450,72.97778620894375,19.047428126828276,29.307134930000018,-0.1,0.0818923,0,80,0.0,0.0,0.0,62.1,22.3,33.0,23.9,0.0,0.0,1757.001368814798,0.2566666666666666,0.0,1.0,0.8,Powai
72.9750_19.0500,72.97778620894375,19.052818018532992,29.437019690000028,-0.1,0.08339080000000001,0,80,0.0,0.0,0.0,67.1,23.7,33.9,22.3,0.0,0.0,569.9182329399437,0.21000000000000008,0.0,1.0,0.7517071101119216,Powai
72.9750_19.0550,72.97778620894375,19.05730959495359,29.19946730000001,-0.1,0.0779047,0,80,0.0,0.0,0.0,66.7,21.0,31.4,26.5,0.0,0.0,86.03194650808855,0.30000000000000004,0.0,1.0,0.7318853120187061,Powai
72.9750_19.0600,72.97778620894375,19.062699486658307,33.04815782,-0.03095238097012043,0.0876296,0,80,0.0,0.0,0.0,64.4,21.8,33.6,24.1,0.0,0.0,1411.692834711495,0.2733333333333333,0.0,1.0,0.7327904247190189,Powai
72.9750_19.0650,72.97778620894375,19.067191063078905,30.57692936000001,-0.05436919257044792,0.07196805,0,80,0.0,0.0,0.0,68.7,25.1,34.1,23.6,0.0,0.0,413.24258720842965,0.16333333333333333,0.0,1.0,0.714666857019792,Powai
72.9750_19.0700,72.97778620894375,19.07258095478362,30.195820130000016,-0.1,0.06267545000000001,0,80,0.0,0.0,0.0,71.5,23.1,35.2,25.4,0.0,0.0,733.6139134724255,0.22999999999999998,0.0,1.0,0.7864426973957739,Powai
72.9750_19.0750,72.97778620894375,19.07707253120422,30.53933114000003,-0.1,0.0607206,0,80,0.0,0.0,0.0,62.8,23.6,34.4,22.8,0.0,0.0,126.01968901007541,0.21333333333333326,0.0,1.0,0.7965529988768413,Powai
72.9750_19.0800,72.97778620894375,19.082462422908936,30.73757630000003,-0.0728689432144165,0.08065515,0,80,0.0,0.0,0.0,60.7,23.2,33.7,25.6,0.0,0.0,238.7807016650208,0.22666666666666668,0.0,0.9728392709001206,0.7665517962629643,Powai
72.9750_19.0850,72.97778620894375,19.087852314613652,30.70339610000002,-0.08210325241088867,0.07600880000000002,0,80,0.0,0.0,0.0,62.0,24.9,35.3,24.6,0.0,0.0,530.6841711202586,0.17000000000000004,0.0,1.0,0.8,Powai
72.9750_19.0900,72.97778620894375,19.09234389103425,30.778592540000005,-0.07290910929441452,0.061659450000000005,0,80,0.0,0.0,0.0,62.6,22.3,34.5,25.2,0.0,0.0,141.06964393450153,0.2566666666666666,0.0,1.0,0.8078017259857442,Powai
72.9750_19.0950,72.97778620894375,19.097733782738967,30.928985420000032,-0.04574700444936752,0.07484345,0,80,0.0,0.0,0.0,68.3,25.5,35.6,23.4,0.0,0.0,3625.7530948653734,0.15000000000000002,0.0,0.990327762710509,0.7810938071028973,Powai
72.9750_19.1000,72.97778620894375,19.102225359159565,31.39383614000002,-0.0038162844721227884,0.08210865,0,80,0.0,0.0,0.0,64.9,23.9,35.4,23.8,0.0,0.0,9.098100888581014,0.20333333333333337,0.0,0.963268638766906,0.7523304708893294,Powai
72.9750_19.1050,72.97778620894375,19.10761525086428,32.46880343000001,0.3310459554195404,0.0937296,0,80,0.0,0.0,0.0,65.8,21.4,33.9,25.2,0.0,0.0,992.0664847677382,0.28666666666666674,0.0,0.6137541264150003,0.2794811658165708,Powai
72.9750_19.1100,72.97778620894375,19.11210682728488,32.497856600000006,0.3086087703704834,0.09436785,0,80,0.0,0.0,0.0,68.6,25.8,32.8,25.1,0.0,0.0,197.29573615960263,0.14,0.0,0.6587301134636098,0.42220977907906027,Powai
72.9750_19.1150,72.97778620894375,19.117496718989596,31.88603102000002,0.24919773638248444,0.10401479999999999,0,80,0.0,0.0,0.0,64.0,21.8,34.5,24.3,0.0,0.0,551.558530996934,0.2733333333333333,0.0,0.6904416820513006,0.3937879122531144,Powai
72.9750_19.1200,72.97778620894375,19.122886610694316,31.284459500000025,-0.01224735751748085,0.09823219999999999,0,80,0.0,0.0,0.0,63.3,22.4,34.7,24.5,0.0,0.0,3906.743058393917,0.2533333333333334,0.0,1.0,0.7588085423051905,Powai
72.9750_19.1250,72.97778620894375,19.127378187114914,31.55790110000001,-0.016097944229841232,0.08302760000000001,0,80,0.0,0.0,0.0,65.5,24.1,32.7,24.8,0.0,0.0,264.5591250186083,0.19666666666666666,0.0,1.0,0.6900040660622668,Powai
72.9750_19.1300,72.97778620894375,19.13276807881963,31.224644150000017,-0.0639706403017044,0.07120525,0,80,0.0,0.0,0.0,60.8,23.5,33.3,22.7,0.0,0.0,5064.712654096988,0.21666666666666667,0.0,1.0,0.7090656984958372,Powai
72.9750_19.1350,72.97778620894375,19.13725965524023,30.32741390000004,-0.1,0.055699549999999994,0,80,0.0,0.0,0.0,71.3,24.7,32.4,25.4,0.0,0.0,345.6193203242191,0.17666666666666664,0.0,1.0,0.8306574671127263,Powai
72.9800_18.8900,72.98227778536435,18.892917897959716,47.23464983000002,0.12091726064682007,0.15352895,0,40,0.0,0.0262,0.0,64.9,23.3,36.0,23.4,1159.0,0.0,2029.6730347353118,0.22333333333333327,0.0262,0.8160070302090348,0.5647253846100586,Chembur
72.9800_18.8950,72.98227778536435,18.897409474380314,42.375934400000034,0.1510641723871231,0.13346524999999998,1,50,0.0,0.0707,0.0,70.8,24.5,34.0,23.4,1252.4,0.0,1186.7264514650724,0.18333333333333335,0.0707,0.7976101210322701,0.6048896548855976,Chembur
72.9800_18.9000,72.98227778536435,18.90279936608503,41.16595532000002,0.457767128944397,0.11844555,0,10,0.0,0.0893,0.0,65.5,26.8,31.9,24.4,1238.0,0.0,3237.4508839909354,0.10666666666666669,0.0893,0.5294815515600327,0.23933623935410434,Chembur
72.9800_18.9050,72.98227778536435,18.90729094250563,43.03390325000004,0.238758847117424,0.1452642,1,50,0.0,0.1637,0.0,64.6,22.0,32.5,23.5,1365.8,0.0,1211.131807329184,0.2666666666666667,0.1637,0.6780008330222242,0.6056113770295831,Chembur
72.9800_18.9100,72.98227778536435,18.912680834210345,44.17039490000002,0.05450810492038727,0.13600845,1,40,0.0,0.0123,0.0,62.9,21.3,32.4,24.6,1404.5,0.0,1147.1556098855374,0.2899999999999999,0.0123,0.95047205029253,0.7417432275296676,Chembur
72.9800_18.9150,72.98227778536435,18.917172410630943,41.84955932,0.07670077681541443,0.15609975,0,40,0.0,0.03,0.0,68.4,22.9,36.5,23.4,1009.6,0.0,326.2231620464424,0.2366666666666667,0.03,0.935790077710466,0.7157503677845078,Chembur
72.9800_18.9200,72.98227778536435,18.92256230233566,36.87463121000002,0.3019672632217407,0.09166105000000001,0,95,0.0,0.0,0.0,69.2,22.4,30.9,24.8,471.2,0.0,272.6953933458438,0.2533333333333334,0.0,0.6210908043964801,0.2976619986451254,Chembur
72.9800_18.9250,72.98227778536435,18.927053878756258,35.72104946000002,0.3531278371810913,0.09379745,0,95,0.0,0.0,0.0,68.6,20.8,32.0,23.3,383.5,0.0,3724.168093207153,0.30666666666666664,0.0,0.5941892830742304,0.3307146126891742,Chembur
72.9800_18.9300,72.98227778536435,18.932443770460978,36.14659295000001,0.31189480423927307,0.10277330000000001,0,95,0.0,0.0,0.0,64.5,20.5,33.5,25.4,313.0,0.0,595.8842878799678,0.31666666666666665,0.0,0.6306766303461223,0.3111002615936066,Chembur
72.9800_18.9350,72.98227778536435,18.937833662165694,34.68197137999999,0.47135254740715027,0.0979175,0,95,0.0,0.0,0.0,61.5,23.6,34.8,23.8,422.0,0.0,698.0191504991225,0.21333333333333326,0.0,0.6308915128267246,0.2728692474081415,Chembur
72.9800_18.9400,72.98227778536435,18.942325238586292,33.824048360000035,0.46962374448776245,0.09864909999999999,0,95,0.0,0.0,0.0,66.4,21.7,34.7,27.0,0.0,0.0,2139.572803339809,0.2766666666666667,0.0,0.4792865202518432,0.2445548463105897,Chembur
72.9800_18.9450,72.98227778536435,18.94771513029101,34.88363456000002,0.44419097900390625,0.09840705,0,95,0.0,0.0,0.0,67.5,25.6,32.7,27.4,534.2,0.0,620.6016427829487,0.1466666666666666,0.0,0.6101681781039004,0.2560292543425095,Chembur
72.9800_18.9500,72.98227778536435,18.952206706711607,35.11776893000001,0.4838651120662689,0.09918874999999999,0,95,0.0,0.0,0.0,69.4,23.9,34.0,25.6,401.5,0.0,4556.784130077663,0.20333333333333337,0.0,0.4230466631784006,0.17020522858725712,Chembur
72.9800_18.9550,72.98227778536435,18.957596598416323,34.347005420000016,0.4136095643043518,0.10398095000000002,0,95,0.0,0.0039,0.0,67.8,24.7,32.1,25.4,518.0,0.0,2008.7026835587562,0.17666666666666664,0.0039,0.50571360238743,0.21673438065939163,Chembur
72.9800_18.9600,72.98227778536435,18.96208817483692,33.789868160000026,0.47688597440719604,0.10152855,0,95,0.0,0.0206,0.0,65.7,25.2,31.2,24.0,973.0,0.0,1364.826604087465,0.16000000000000003,0.0206,0.45832523400039393,0.1833300936001576,Chembur
72.9800_18.9650,72.98227778536435,18.967478066541638,31.378455050000042,0.24035562574863434,0.09501155,0,80,0.0,0.0002,0.0,62.9,23.7,33.9,25.0,0.0,0.0,3191.6267548516253,0.21000000000000008,0.0002,0.6888564436790395,0.43048888832433957,Chembur
72.9800_18.9700,72.98227778536435,18.972867958246354,29.871108230000004,-0.1,0.10834360000000001,0,80,0.0,0.0,0.0,64.0,23.7,36.0,24.6,0.0,0.0,76.31782063615259,0.21000000000000008,0.0,1.0,0.7966942922834006,Chembur
72.9800_18.9750,72.98227778536435,18.977359534666952,29.226811459999993,-0.1,0.09997615,0,80,0.0,0.0,0.0,67.5,22.7,33.2,25.6,0.0,0.0,445.71542239438025,0.2433333333333334,0.0,1.0,0.7855262607639506,Chembur
72.9800_18.9800,72.98227778536435,18.98274942637167,29.28662681000003,-0.1,0.10497635,0,80,0.0,0.0,0.0,63.4,21.6,33.4,25.0,0.0,0.0,938.3346732360409,0.2799999999999999,0.0,1.0,0.7133212989385624,Chembur
72.9800_18.9850,72.98227778536435,18.987241002792267,31.233189200000027,-0.09201931208372116,0.09057495000000002,0,80,0.0,0.0,0.0,66.0,24.4,32.0,25.3,0.0,0.0,386.17270219507924,0.18666666666666676,0.0,1.0,0.807918742995099,Chembur
72.9800_18.9900,72.98227778536435,18.992630894496983,29.267827699999998,-0.1,0.10136244999999999,0,80,0.0,0.0,0.0,65.7,25.1,32.7,24.0,0.0,0.0,2043.311311453079,0.16333333333333333,0.0,1.0,0.8173437482565549,Chembur
72.9800_18.9950,72.98227778536435,18.99712247091758,29.22168443000004,-0.1,0.10016814999999998,0,80,0.0,0.0,0.0,66.0,19.8,34.3,22.6,0.0,0.0,3773.8165689364396,0.33999999999999997,0.0,1.0,0.8,Chembur
72.9800_19.0000,72.98227778536435,19.002512362622298,29.233647500000018,-0.1,0.0807669,0,80,0.0,0.0,0.0,59.5,23.2,34.3,24.4,0.0,0.0,826.8729008433905,0.22666666666666668,0.0,1.0,0.8115290269024485,Chembur
72.9800_19.0050,72.98227778536435,19.007902254327014,29.293462850000026,-0.1,0.09370155,0,80,0.0,0.0,0.0,66.3,25.6,34.0,24.5,0.0,0.0,628.127831837371,0.1466666666666666,0.0,1.0,0.8,Chembur
72.9800_19.0100,72.98227778536435,19.012393830747612,29.284917800000017,-0.1,0.0974255,0,80,0.0,0.0,0.0,67.4,25.2,35.4,26.1,0.0,0.0,4887.623436751322,0.16000000000000003,0.0,1.0,0.8036994115014632,Chembur
72.9800_19.0150,72.98227778536435,19.017783722452332,29.127688880000022,-0.1,0.09754325000000001,0,80,0.0,0.0,0.0,67.3,22.4,35.9,23.6,0.0,0.0,882.7819706701633,0.2533333333333334,0.0,1.0,0.8090551270415339,Powai
72.9800_19.0200,72.98227778536435,19.022275298872927,29.214848390000014,-0.1,0.09837605000000002,0,80,0.0,0.0,0.0,63.6,25.3,33.1,23.4,0.0,0.0,1007.2206155794013,0.15666666666666662,0.0,1.0,0.8031122191932258,Powai
72.9800_19.0250,72.98227778536435,19.027665190577647,29.28320879000003,-0.09788932651281357,0.08530969999999999,0,80,0.0,0.0,0.0,66.4,24.0,35.1,24.8,0.0,0.0,649.986612135569,0.19999999999999996,0.0,1.0,0.8,Powai
72.9800_19.0300,72.98227778536435,19.03215676699824,29.290044830000028,-0.1,0.08965095000000001,0,80,0.0,0.0,0.0,70.8,21.4,33.5,23.6,0.0,0.0,3604.4117777432166,0.28666666666666674,0.0,1.0,0.8,Powai
72.9800_19.0350,72.98227778536435,19.03754665870296,29.300298890000022,-0.1,0.08424055,0,80,0.0,0.0,0.0,64.0,21.3,34.8,24.6,0.0,0.0,1262.3158607445885,0.2899999999999999,0.0,1.0,0.8,Powai
72.9800_19.0400,72.98227778536435,19.042936550407678,29.577158510000004,-0.1,0.09627440000000001,0,80,0.0,0.0,0.0,65.1,22.6,32.4,23.5,0.0,0.0,2154.327651125834,0.2466666666666666,0.0,1.0,0.8,Powai
72.9800_19.0450,72.98227778536435,19.047428126828276,29.60279366000003,-0.1,0.0823748,0,80,0.0,0.0,0.0,62.1,23.6,32.9,21.7,0.0,0.0,2505.4286256007354,0.21333333333333326,0.0,1.0,0.8267331471551798,Powai
72.9800_19.0500,72.98227778536435,19.052818018532992,29.970230810000004,-0.1,0.07216630000000002,0,80,0.0,0.0,0.0,63.7,19.8,34.9,23.8,0.0,0.0,627.481431586248,0.33999999999999997,0.0,1.0,0.8309727859004807,Powai
72.9800_19.0550,72.98227778536435,19.05730959495359,30.341085980000003,-0.0719335600733757,0.07685585000000002,0,80,0.0,0.0,0.0,64.9,25.8,32.5,24.6,0.0,0.0,852.931943824694,0.14,0.0,1.0,0.8064043315589766,Powai
72.9800_19.0600,72.98227778536435,19.062699486658307,33.266911100000016,0.24873758852481842,0.1002922,0,80,0.0,0.0041,0.0,66.6,23.0,36.6,24.2,0.0,0.0,2830.4750457546015,0.23333333333333328,0.0041,0.6542910421707974,0.39299061652452627,Powai
72.9800_19.0650,72.98227778536435,19.067191063078905,37.40955134000001,0.5798133015632629,0.110971,0,80,0.0,0.0027,0.0,66.3,23.1,33.9,25.1,6426.4,0.0,677.0798547469889,0.22999999999999998,0.0027,0.41750397936766626,0.16968075935867122,Powai
72.9800_19.0700,72.98227778536435,19.07258095478362,33.23443991000002,0.319222092628479,0.09348105000000001,0,80,0.0,0.0157,0.0,67.2,22.6,34.3,25.2,0.0,0.0,2369.3464104041027,0.2466666666666666,0.0157,0.6811980585350241,0.3411758011217059,Powai
72.9800_19.0750,72.98227778536435,19.07707253120422,31.612589420000035,-0.07290085405111313,0.0814097,0,80,0.0,0.0097,0.0,64.2,23.5,34.3,24.0,0.0,0.0,4245.131576527581,0.21666666666666667,0.0097,1.0,0.8,Powai
72.9800_19.0800,72.98227778536435,19.082462422908936,32.15434559000002,-0.030570873990654945,0.08720270000000001,0,80,0.0,0.0,0.0,70.7,22.2,34.5,23.2,0.0,0.0,1464.102399048841,0.26,0.0,0.9922912910853995,0.6918089326005277,Powai
72.9800_19.0850,72.98227778536435,19.087852314613652,33.477119329999994,0.05469492822885513,0.0994719,0,80,0.0,0.0,0.0,66.1,24.3,32.6,27.2,0.0,0.0,2030.0281713658926,0.18999999999999995,0.0,0.9635740307001998,0.6029726590668982,Powai
72.9800_19.0900,72.98227778536435,19.09234389103425,33.15924347000001,-0.011563509702682495,0.0890475,0,80,0.0,0.0,0.0,66.1,25.1,34.8,24.2,0.0,0.0,2452.882321630102,0.16333333333333333,0.0,0.9355626080313088,0.7153513798962771,Powai
72.9800_19.0950,72.98227778536435,19.097733782738967,32.718318890000035,0.013040527701377869,0.0958824,0,80,0.0,0.0,0.0,65.3,24.4,34.1,23.5,0.0,0.0,2796.8789911774466,0.18666666666666676,0.0,0.9195057233540893,0.6794053752547742,Powai
72.9800_19.1000,72.98227778536435,19.102225359159565,31.689494870000004,0.6756605505943298,0.11654410000000001,0,95,0.0,0.0,0.0,66.1,21.0,31.5,24.5,1584.3,0.0,753.9224798768116,0.30000000000000004,0.0,0.23897089406764876,0.11049557210861703,Powai
72.9800_19.1050,72.98227778536435,19.10761525086428,34.078690850000044,0.5803911685943604,0.10765954999999999,0,95,0.0,0.0,0.0,65.5,23.0,35.5,24.0,1536.2,0.0,78.93620488902548,0.23333333333333328,0.0,0.39155961453743104,0.15849431574374462,Powai
72.9800_19.1100,72.98227778536435,19.11210682728488,30.826444820000006,0.6736485958099365,0.11780579999999999,0,95,0.0,0.0,0.0,64.9,25.0,34.3,24.3,1914.4,0.0,770.9364632202845,0.16666666666666663,0.0,0.23661501358460055,0.09464600543384022,Powai
72.9800_19.1150,72.98227778536435,19.117496718989596,32.18510777000003,0.6160313487052917,0.10866045,0,95,0.0,0.0,0.0,67.9,21.5,33.5,25.0,1650.2,0.0,1680.1656234767925,0.2833333333333333,0.0,0.3171584072689461,0.12686336290757846,Powai
72.9800_19.1200,72.98227778536435,19.122886610694316,31.590372290000033,0.6739383935928345,0.1117881,0,95,0.0,0.0,0.0,66.1,24.3,35.1,25.1,990.0,0.0,897.711403235664,0.18999999999999995,0.0,0.2572373982958056,0.10433802405475748,Powai
72.9800_19.1250,72.98227778536435,19.127378187114914,31.16482880000001,0.6786079406738281,0.1149194,0,95,0.0,0.0,0.0,63.3,23.6,32.7,24.1,947.6,0.0,2073.2333119569985,0.21333333333333326,0.0,0.273885822709474,0.12431907370011283,Powai
72.9800_19.1300,72.98227778536435,19.13276807881963,31.151156720000017,0.6781800389289856,0.11672275,0,95,0.0,0.0,0.0,66.2,23.0,33.0,25.0,1469.4,0.0,662.3748438789643,0.23333333333333328,0.0,0.2124344137508155,0.0849737655003262,Powai
72.9800_19.1350,72.98227778536435,19.13725965524023,31.581827240000024,0.6827529668807983,0.11360915,0,95,0.0,0.0003,0.0,62.4,23.7,35.6,24.6,1419.8,0.0,1510.7357815455537,0.21000000000000008,0.0003,0.28752453772106507,0.11675929016204081,Powai
72.9850_18.8900,72.98766767706907,18.892917897959716,41.05999670000003,0.26449495553970337,0.13434365,0,95,0.0,0.0763,0.0,66.0,18.4,33.0,25.4,1212.0,0.0,309.4661651899433,0.3866666666666667,0.0763,0.7575671319935305,0.4090575712189564,Chembur
72.9850_18.8950,72.98766767706907,18.897409474380314,47.33206340000001,0.05240505188703537,0.1896199,0,40,0.0,0.0452,0.0,62.2,23.2,32.4,25.4,1014.2,0.0,2075.662924863472,0.22666666666666668,0.0452,0.8974835467288028,0.7035281838110137,Chembur
72.9850_18.9000,72.98766767706907,18.90279936608503,45.62305340000003,0.11445620656013489,0.1333011,1,40,0.0,0.0,0.0,64.9,27.5,34.6,24.7,941.3,0.0,1183.4829492797508,0.08333333333333337,0.0,0.9226195206799312,0.726561176457543,Chembur
72.9850_18.9050,72.98766767706907,18.90729094250563,43.931133500000016,0.05941171571612358,0.14040545,0,50,0.0,0.0975,0.0,66.1,24.2,30.5,24.7,1228.3,0.0,342.3554798151865,0.19333333333333336,0.0975,0.9651665585777227,0.6723775040622619,Chembur
72.9850_18.9100,72.98766767706907,18.912680834210345,43.36032416000003,0.12370607256889343,0.15104995,1,50,0.0,0.1646,0.0,67.4,24.0,35.0,23.0,1501.8,0.0,517.7785979950821,0.19999999999999996,0.1646,0.8698656947934993,0.6359064088895293,Chembur
72.9850_18.9150,72.98766767706907,18.917172410630943,42.864711260000036,0.18629863858222961,0.10650400000000002,0,40,0.0,0.0,0.0,68.8,22.9,33.4,25.4,1000.5,0.0,2071.116935651097,0.2366666666666667,0.0,0.7854844535496147,0.46749888853747096,Chembur
72.9850_18.9200,72.98766767706907,18.92256230233566,34.93661387000003,0.4314033091068268,0.0912767,0,95,0.0,0.0,0.0,62.5,24.6,35.3,24.0,659.9,0.0,988.412096169422,0.17999999999999994,0.0,0.5423387003054452,0.2169354801221781,Chembur
72.9850_18.9250,72.98766767706907,18.927053878756258,34.67855336000002,0.3584285378456116,0.09611105,0,95,0.0,0.0,0.0,68.7,26.0,30.4,23.8,331.1,0.0,365.07954296706237,0.1333333333333333,0.0,0.6509281357725515,0.30217689402294634,Chembur
72.9850_18.9300,72.98766767706907,18.932443770460978,34.72811465000001,0.2527144253253937,0.09520580000000001,0,95,0.0,0.0,0.0,62.7,20.1,36.5,23.9,305.9,0.0,5129.249340788113,0.32999999999999996,0.0,0.6991403041994046,0.49550688812736376,Chembur
72.9850_18.9350,72.98766767706907,18.937833662165694,37.47962075000004,0.3507511615753174,0.0981094,0,95,0.0,0.0,0.0,69.6,20.6,37.0,25.2,333.1,0.0,1883.5572914696122,0.31333333333333324,0.0,0.5256899808513094,0.27198270550927484,Chembur
72.9850_18.9400,72.98766767706907,18.942325238586292,33.46857428000001,0.46459436416625977,0.0985865,0,95,0.0,0.0,0.0,62.2,23.4,34.0,23.4,404.2,0.0,4724.543595255778,0.22000000000000008,0.0,0.5304298885388882,0.22285611266304878,Chembur
72.9850_18.9450,72.98766767706907,18.94771513029101,33.51813557000003,0.4837355613708496,0.09886404999999998,0,95,0.0,0.0,0.0,70.6,24.4,33.6,23.2,510.0,0.0,835.5793564645854,0.18666666666666676,0.0,0.4300517921324018,0.17202071685296072,Chembur
72.9850_18.9500,72.98766767706907,18.952206706711607,35.18271131000003,0.49769967794418335,0.09945965000000001,0,95,0.0,0.0,0.0,71.8,23.0,33.0,24.6,397.6,0.0,966.8222396765018,0.23333333333333328,0.0,0.4243553656462974,0.19056122973447476,Chembur
72.9850_18.9550,72.98766767706907,18.957596598416323,34.84945436000004,0.425834059715271,0.10370485,0,95,0.0,0.0033,0.0,66.0,22.7,35.1,24.8,457.8,0.0,3423.5152575683633,0.2433333333333334,0.0033,0.5430656826845184,0.24216498684244125,Chembur
72.9850_18.9600,72.98766767706907,18.96208817483692,35.049408529999994,0.49148696660995483,0.1025381,0,95,0.0,0.0106,0.0,66.7,23.9,33.3,22.8,969.4,0.0,1116.816531815406,0.20333333333333337,0.0106,0.4729953595123717,0.19880987897350297,Chembur
72.9850_18.9650,72.98766767706907,18.967478066541638,35.03915447,0.5761340856552124,0.110322,0,95,0.0,0.0019,0.0,64.7,25.8,34.3,25.2,1015.7,0.0,1842.8025616399511,0.14,0.0019,0.3201655340290061,0.12806621361160245,Chembur
72.9850_18.9700,72.98766767706907,18.972867958246354,30.004411010000013,-0.1,0.09408425000000001,0,80,0.0,0.0,0.0,67.3,24.3,37.0,24.5,0.0,0.0,435.8751710495274,0.18999999999999995,0.0,1.0,0.7717697474699062,Chembur
72.9850_18.9750,72.98766767706907,18.977359534666952,29.262700670000015,-0.1,0.10068579999999999,0,80,0.0,0.0,0.0,67.4,27.1,31.7,24.3,0.0,0.0,887.8541521633705,0.09666666666666657,0.0,1.0,0.7685328546146679,Chembur
72.9850_18.9800,72.98766767706907,18.98274942637167,30.45729866000002,-0.06252659857273102,0.09346755000000001,0,80,0.0,0.0,0.0,64.8,25.0,29.9,25.2,0.0,0.0,197.64206714078497,0.16666666666666663,0.0,0.9780692550594419,0.7683351959355975,Chembur
72.9850_18.9850,72.98766767706907,18.987241002792267,29.33960612000004,-0.1,0.08903110000000002,0,80,0.0,0.0,0.0,62.3,22.3,33.3,25.7,0.0,0.0,345.97001147897004,0.2566666666666666,0.0,1.0,0.8,Chembur
72.9850_18.9900,72.98766767706907,18.992630894496983,29.18579521999999,-0.1,0.11326595,0,80,0.0,0.0,0.0,64.5,22.1,32.0,23.2,0.0,0.0,1.4157908458543755,0.2633333333333333,0.0,1.0,0.8110392851866366,Chembur
72.9850_18.9950,72.98766767706907,18.99712247091758,29.20459433000002,-0.1,0.10784950000000001,0,80,0.0,0.0,0.0,67.5,23.0,35.5,25.3,0.0,0.0,60.0850743316386,0.23333333333333328,0.0,1.0,0.8,Chembur
72.9850_19.0000,72.98766767706907,19.002512362622298,29.353278200000005,-0.1,0.09312755,0,80,0.0,0.0,0.0,63.3,23.5,33.3,25.0,0.0,0.0,5677.016959381851,0.21666666666666667,0.0,1.0,0.8,Chembur
72.9850_19.0050,72.98766767706907,19.007902254327014,29.324225030000036,-0.1,0.11039520000000001,0,80,0.0,0.0,0.0,67.1,22.9,36.8,25.7,0.0,0.0,416.3079277716436,0.2366666666666667,0.0,1.0,0.8029551181480026,Chembur
72.9850_19.0100,72.98766767706907,19.012393830747612,29.428474640000047,-0.1,0.11050560000000001,0,80,0.0,0.0,0.0,62.1,23.8,33.2,24.0,0.0,0.0,1632.8921408694944,0.20666666666666667,0.0,0.9865997989556153,0.7727167295809643,Chembur
72.9850_19.0150,72.98766767706907,19.017783722452332,29.35156919000002,-0.1,0.0933872,0,80,0.0,0.0,0.0,69.1,23.6,33.0,25.9,0.0,0.0,2740.4555295194546,0.21333333333333326,0.0,1.0,0.8042073422708178,Powai
72.9850_19.0200,72.98766767706907,19.022275298872927,29.202885320000007,-0.1,0.09047435000000001,0,80,0.0,0.0,0.0,62.7,26.4,35.2,24.3,0.0,0.0,1199.9646922769948,0.12,0.0,1.0,0.7898037635385476,Powai
72.9850_19.0250,72.98766767706907,19.027665190577647,29.33789711000003,-0.1,0.09296675000000001,0,80,0.0,0.0,0.0,63.5,25.2,31.4,22.9,0.0,0.0,249.3378016628503,0.16000000000000003,0.0,1.0,0.8,Powai
72.9850_19.0300,72.98766767706907,19.03215676699824,29.34302414000001,-0.1,0.0854097,0,80,0.0,0.0,0.0,63.3,23.4,34.2,23.9,0.0,0.0,1953.5720741694915,0.22000000000000008,0.0,1.0,0.8234362028654769,Powai
72.9850_19.0350,72.98766767706907,19.03754665870296,29.51905217000001,-0.1,0.09392225000000001,0,80,0.0,0.0,0.0,65.0,25.6,35.0,25.2,0.0,0.0,1375.3791820918666,0.1466666666666666,0.0,1.0,0.8299619526697557,Powai
72.9850_19.0400,72.98766767706907,19.042936550407678,30.06422636000002,-0.1,0.0837495,0,80,0.0,0.0,0.0,69.3,24.1,33.1,25.0,0.0,0.0,1970.9638386947015,0.19666666666666666,0.0,1.0,0.8,Powai
72.9850_19.0450,72.98766767706907,19.047428126828276,30.65554381999999,-0.09111703187227249,0.08939720000000001,0,80,0.0,0.0,0.0,69.2,23.0,33.2,24.5,0.0,0.0,2202.862405000398,0.23333333333333328,0.0,1.0,0.778595808585401,Powai
72.9850_19.0500,72.98766767706907,19.052818018532992,30.930694430000017,-0.03326103091239929,0.089574,0,80,0.0,0.0,0.0,65.7,23.4,35.0,24.7,0.0,0.0,5558.1455632177185,0.22000000000000008,0.0,1.0,0.7454323754628586,Powai
72.9850_19.0550,72.98766767706907,19.05730959495359,31.451942480000014,-0.03336126357316971,0.07928285,0,80,0.0,0.0,0.0,63.0,26.0,31.9,23.7,0.0,0.0,1278.4369403673502,0.1333333333333333,0.0,0.9832522908334236,0.7933009163333695,Powai
72.9850_19.0600,72.98766767706907,19.062699486658307,32.653376510000015,0.5961560606956482,0.1048605,0,95,0.0,0.0,0.0,67.6,23.4,36.2,25.6,0.0,0.0,627.0076123532668,0.22000000000000008,0.0,0.35064605463574094,0.17763048623755642,Powai
72.9850_19.0650,72.98766767706907,19.067191063078905,36.821651900000035,0.33738621131896973,0.13686185,0,50,0.0,0.0862,0.0039,63.2,21.9,33.3,24.8,5996.6,0.0,1568.1671084408636,0.27,0.0862,0.6635049459108384,0.3784625081710093,Powai
72.9850_19.0700,72.98766767706907,19.07258095478362,41.55902762000005,0.31762863065719604,0.13655895,1,50,0.0,0.2551,0.0209,67.4,24.6,32.2,24.3,6011.0,0.0,106.34316018932269,0.17999999999999994,0.2551,0.5665249362426257,0.3645207957125841,Powai
72.9850_19.0750,72.98766767706907,19.07707253120422,33.52155359000005,0.6737871748352051,0.10749879999999999,0,95,0.0,0.0156,0.0338,64.6,23.0,36.4,23.8,4033.6,0.0,3415.336814055797,0.23333333333333328,0.0156,0.2434300171571488,0.09737200686285952,Powai
72.9850_19.0800,72.98766767706907,19.082462422908936,31.839887750000003,0.7015287280082703,0.12222415,0,95,0.0,0.0,0.0,63.6,21.9,36.0,23.3,0.0,0.0,190.6953338556865,0.27,0.0,0.3166782755593879,0.14846940940557177,Powai
72.9850_19.0850,72.98766767706907,19.087852314613652,31.22635316000003,0.6865876317024231,0.11474445,0,95,0.0,0.0,0.0,67.1,24.8,31.3,24.0,1150.3,0.0,595.8946404136544,0.17333333333333334,0.0,0.22039233683641718,0.08815693473456687,Powai
72.9850_19.0900,72.98766767706907,19.09234389103425,33.69929063000001,0.63560950756073,0.11300865,0,95,0.0,0.0,0.0,63.9,22.0,30.6,23.7,1195.4,0.0,2537.1550154974757,0.2666666666666667,0.0,0.23953534667414267,0.09669071465886564,Powai
72.9850_19.0950,72.98766767706907,19.097733782738967,33.58478696,0.5705241560935974,0.11072885000000002,0,95,0.0,0.0,0.0,71.6,22.7,35.1,25.2,1780.6,0.0,1364.3912249101884,0.2433333333333334,0.0,0.48968354831005717,0.21498947422627251,Powai
72.9850_19.1000,72.98766767706907,19.102225359159565,31.21780811000002,0.4762016236782074,0.08847685,0,95,0.0,0.0,0.0,66.5,22.3,33.2,24.1,1893.7,0.0,750.4110330375124,0.2566666666666666,0.0,0.4275644389280823,0.19103686156014116,Powai
72.9850_19.1050,72.98766767706907,19.10761525086428,38.01966791000001,0.35669976472854614,0.1200881,0,40,0.0,0.0,0.0,64.6,20.8,33.6,24.8,1175.1,0.0,962.0726256878168,0.30666666666666664,0.0,0.6164797751878623,0.24659191007514494,Powai
72.9850_19.1100,72.98766767706907,19.11210682728488,32.04325994000001,0.5552502870559692,0.10463415000000001,0,95,0.0,0.0,0.0,61.9,23.5,31.1,25.0,1118.3,0.0,2891.85745785967,0.21666666666666667,0.0,0.4168137275802443,0.16672549103209774,Powai
72.9850_19.1150,72.98766767706907,19.117496718989596,33.68903657000004,0.6227440237998962,0.10384610000000001,0,95,0.0,0.0,0.0,61.9,22.6,33.6,24.6,1025.6,0.0,623.2831342935581,0.2466666666666666,0.0,0.20557073036919957,0.09589478237800167,Powai
72.9850_19.1200,72.98766767706907,19.122886610694316,37.56165323000002,0.1542932391166687,0.07708045,0,40,0.0,0.0018,0.0,63.6,23.8,31.9,24.9,1350.4,0.0,3056.294580890733,0.20666666666666667,0.0018,0.8092167747249409,0.5491024935545694,Powai
72.9850_19.1250,72.98766767706907,19.127378187114914,33.82917538999999,0.6576119065284729,0.11078584999999999,0,95,0.0,0.005,0.0,68.9,23.9,33.6,24.1,1832.4,0.0,138.3940532389924,0.20333333333333337,0.005,0.3315730009454826,0.13262920037819304,Powai
72.9850_19.1300,72.98766767706907,19.13276807881963,31.32034871000002,0.5020612478256226,0.08970055,0,95,0.0,0.0,0.0,66.5,22.1,35.0,25.4,0.0,0.0,2249.52007011907,0.2633333333333333,0.0,0.48874405625032047,0.19677060373005856,Powai
72.9850_19.1350,72.98766767706907,19.13725965524023,33.70612667000003,0.5150308012962341,0.1009833,0,95,0.0,0.0,0.0,64.7,24.0,32.8,25.9,1025.8,0.0,2821.3546194380197,0.19999999999999996,0.0,0.4998502428939409,0.19994009715757638,Powai
